:020000040800F2
:1080000000A0002085870008D587000899AD0008EA
:10801000D5870008D5870008D58700080000000034
:10802000000000000000000000000000D5870008EC
:10803000D587000800000000D5870008C9AD0008FA
:10804000D5870008D5870008D5870008D5870008A0
:10805000D5870008D5870008D5870008D587000890
:10806000D5870008B9AE0008D5870008D587000875
:10807000D5870008B1AD0008D5870008D58700086E
:10808000D5870008D5870008D5870008D587000860
:10809000CDAD0008D5870008D5870008C1AE00081F
:1080A000D5870008D5870008D5870008D587000840
:1080B000D5870008D9AD0008D5870008D587000806
:1080C000D5870008D5870008D5870008D587000820
:1080D000D5870008D5870008D5870008D587000810
:1080E000D5870008D5870008D5870008D587000800
:1080F000D5870008D5870008D5870008D5870008F0
:10810000000000000000000000000000D58700080B
:10811000D5870008D5870008D5870008D5870008CF
:10812000D5870008D5870008D5870008D5870008BF
:10813000D5870008D5870008000000000000000077
:10814000D5870008D5870008D58700080000000003
:10815000000000000000000000000000000000001F
:108160000000000000000000D5870008D587000847
:10817000D58700080000000000000000000000009B
:0881800000000000D587000893
:108188000348044B834202D0034B03B1184770479E
:108198001400002014000020000000000548064BD1
:1081A8001B1AD90F01EBA301491002D0034B03B1ED
:1081B8001847704714000020140000200000000039
:1081C80010B5064C237843B9FFF7DAFF044B13B117
:1081D8000448AFF300800123237010BD180000206D
:1081E80000000000E404010808B5044B1BB1044971
:1081F8000448AFF30080BDE80840CFE70000000066
:108208001C000020E404010853B94AB9002908BF3A
:1082180000281CBF4FF0FF314FF0FF3000F06AB963
:10822800ADF1080C6DE904CE00F006F8DDF804E0C5
:10823800DDE9022304B070472DE9F047089D0E469A
:1082480004460F46002B4AD194468C45B2FA82F276
:1082580060D942B1C2F12003974020FA03F30CFA27
:1082680002FC1F4394404FEA1C4E1FFA8CF6B7FBE2
:10827800FEF1230C0EFB117743EA074301FB06F0DE
:1082880098420AD91CEB030301F1FF3780F01581EE
:10829800984240F21281023963441B1AA4B2B3FB1C
:1082A800FEF00EFB103344EA034400FB06F6A64238
:1082B8000AD91CEB040400F1FF3380F00081A642C8
:1082C80040F2FD806444023840EA0140A41B0021CA
:1082D8001DB1D4400023C5E90043BDE8F0878B42B7
:1082E80005D90DB1C5E9000100210846F5E7B3FA43
:1082F80083F1002946D1B34202D3824200F2F580CD
:10830800841A66EB030201201746002DE5D0C5E963
:108318000047E2E7002A40F09380A1EB0C034FEA04
:108328001C471FFA8CFE0121B3FBF7F607FB16303A
:10833800230C43EA00430EFB06F0984208D91CEBD5
:10834800030306F1FF3802D2984200F2D080464675
:108358001B1AA4B2B3FBF7F007FB103344EA03443B
:108368000EFB00FEA64508D91CEB040400F1FF3300
:1083780002D2A64500F2B6801846A4EB0E0440EAE5
:108388000640A5E7C1F120078B4022FA07FC4CEA1A
:10839800030C06FA01FE20FA07F426FA07F344EA6A
:1083A8000E0400FA01F84FEA1C404FEA1449B3FBE7
:1083B800F0FE1FFA8CF600FB1E3349EA03430EFB5E
:1083C80006F9994502FA01F20BD91CEB03030EF1E9
:1083D800FF3A80F08580994540F28280AEF1020E26
:1083E8006344A3EB0909A4B2B9FBF0F300FB1399AA
:1083F80044EA094403FB06F6A64208D91CEB040428
:1084080003F1FF3068D2A64266D9023B644443EACE
:108418000E40A41BA0FB02E6B4427346B14652D3F9
:108428004FD05DB1B8EB030264EB090404FA07F717
:1084380022FA01F31F43CC40C5E9007400214CE740
:10844800C2F1200120FA01F30CFA02FC26FA01F12C
:10845800964033434FEA1C471FFA8CFEB1FBF7F0F6
:1084680007FB1016190C41EA064100FB0EF68E4276
:1084780004FA02F408D91CEB010100F1FF382DD2EF
:108488008E422BD902386144891B9BB2B1FBF7F6A7
:1084980007FB161143EA014306FB0EF1994208D97E
:1084A8001CEB030306F1FF3814D2994212D9023E9D
:1084B80063445B1A46EA004136E73946EDE618465A
:1084C80002E7F045ADD2BEEB020366EB0C060138BD
:1084D800B146A6E74646ECE7034698E74046D3E7A9
:1084E800D6467EE76444023847E708460DE7023E71
:1084F80063442DE7704700BF70B50F4B0F4DAB427B
:10850800A3EB050607D0B610002455F8043B013448
:108518009847A642F9D807F0E1FF094D094B5E1BC1
:10852800AB424FEAA60606D0002455F8043B0134B6
:108538009847A642F9D870BD5C2201085C22010860
:108548005C22010860220108830730B547D0541E19
:10855800002A3ED0CAB2034601E0013C39D303F8F1
:10856800012B9D07F9D1032C2CD9CDB205EB05259C
:108578000F2C05EB054535D9A4F1100222F00F0C9C
:1085880003F1100EE6444FEA121C1A46C2E90055E0
:10859800C2E9025510327245F8D10CF1010214F00B
:1085A8000C0F03EB021204F00F0C13D0ACF1040310
:1085B80023F003030433134442F8045B9342FBD1D2
:1085C8000CF003042CB1C9B21C4403F8011BA342EC
:1085D800FBD130BD64461346002CF4D1F9E70346BD
:1085E8001446C0E71A46A446E0E700BF844641EABD
:1085F800000313F003036DD1403A41D351F8043B13
:1086080040F8043B51F8043B40F8043B51F8043B64
:1086180040F8043B51F8043B40F8043B51F8043B54
:1086280040F8043B51F8043B40F8043B51F8043B44
:1086380040F8043B51F8043B40F8043B51F8043B34
:1086480040F8043B51F8043B40F8043B51F8043B24
:1086580040F8043B51F8043B40F8043B51F8043B14
:1086680040F8043B51F8043B40F8043B51F8043B04
:1086780040F8043B51F8043B40F8043B403ABDD273
:10868800303211D351F8043B40F8043B51F8043B15
:1086980040F8043B51F8043B40F8043B51F8043BD4
:1086A80040F8043B103AEDD20C3205D351F8043BA4
:1086B80040F8043B043AF9D2043208D0D2071CBF70
:1086C80011F8013B00F8013B01D30B880380604699
:1086D800704700BF082A13D38B078DD010F003030F
:1086E8008AD0C3F10403D21ADB071CBF11F8013B7F
:1086F80000F8013B80D331F8023B20F8023B7BE7CE
:10870800043AD9D3013A11F8013B00F8013BF9D2F8
:108718000B7803704B7843708B7883706046704792
:10872800032A30B415D941EA0004A40784460B464D
:1087380004D0541E0FE0043A032A08D919466046AB
:1087480053F8044B5CF8045BA542F4D0F1E76046AB
:108758001946541E7AB1431E0139021901E09A42A2
:1087680009D013F8010F11F801CF6045F7D0A0EB3D
:108778000C0030BC7047002030BC7047DFF834D0A4
:1087880000F026F80C480D490D4A002302E0D458A1
:10879800C4500433C4188C42F9D30A4A0A4C002343
:1087A80001E013600432A242FBD3FFF7A5FE03F0F9
:1087B80003FEFEE700A000200000002014000020B7
:1087C8006422010818000020AC040020FEE7000025
:1087D800034AD2F8883043F47003C2F888307047EF
:1087E80000ED00E02DE9F043002283B002214FF0B4
:1087F800904005F087FD00230193019BB3F5207F8E
:1088080006D2019B01330193019BB3F5207FF8D376
:10881800454804F037FC4448022104F0E7FC0028EE
:1088280057D0424E01233370414D3F4804F0BAFC03
:108838002B889BB2B3F5DF7F03D3002201232A8064
:108848003370337803F0FF04002B5DD1394F97F86C
:108858000080B8F1000F14D0374B38491C600A88E3
:108868002B889BB292B2023B9A4228DA01243C70D0
:10887800224602214FF0904003B0BDE8F04305F0D6
:1088880041BDDFF8B490D9F80030002B3ED004F099
:10889800BDF9D9F800302949C01A40F6B8339842D2
:1088A800DDD9274B0A881B8892B205339A42D6DD58
:1088B8000123424602214FF090403370DCE70A88DA
:1088C8002B889BB292B202339A4228DD00233B7078
:1088D800CEE7154804F022FD40F6E973A0F1100236
:1088E8009A429ED84FF4E17202FB00F0154B1349EF
:1088F8000E4E00F2FF70A3FB0023C01A03EB5003D7
:10890800C3F3CF230B808FE70022B2E704F07EF990
:108918000A490B4B0A88C9F800001A809FE73C787F
:10892800003C18BF0124A3E7D801002086010020DD
:10893800A00100205C00002058000020A2010020B7
:1089480056000020010110002DE9F8435C4804F0AE
:1089580099FB5B48022104F049FC002859D0594E84
:1089680001233370584D564804F01CFC2B889BB2E9
:10897800B3F5967F03D9002201232A803370337818
:1089880003F0FF04002B6BD1504F97F80090B9F11A
:10899800000F13D04E4B4F491C600A882B889BB29E
:1089A80092B2023B9A422ADA01243C702246022102
:1089B800BDE8F8434FF0904005F0A4BCDFF8108103
:1089C800D8F80030002B53D004F020F9D8F8003044
:1089D8004049C01A40F6B8339842DED93E4B0A885F
:1089E8001B8892B205339A42D7DD012333704A4679
:1089F8000221BDE8F8434FF0904005F083BC0A8897
:108A08002B889BB292B202339A423ADD00233B7024
:108A1800CCE704462A4804F081FC40F6E973A0F14B
:108A280010029A429BD883B2742B46D940F6C6727C
:108A380093422BD8294A05B22346171D32F9231031
:108A4800A94202EB830603DC37F92340AC421FDA64
:108A58000133202BF2D100231E491A4E0B8081E7E7
:108A6800BDE8F843002202214FF0904005F04ABCCF
:108A780004F0CCF81749184B0A88C8F800001A8087
:108A88008BE73C78003C18BF01248FE72346E3E7D7
:108A9800B6F90250B6F90630641A5B1B401A03FB9C
:108AA80000F004EBD4735B100028B8BF5B420344AA
:108AB80093FBF4F32B449BB2CEE74FF4A073CBE7C0
:108AC800D801002086010020A001002054000020C9
:108AD80050000020A20100204C000020F0080108EE
:108AE80008B50C4804F0CEFA0A48022104F07EFBCF
:108AF80048B1084804F056FB0748082105F0FCFB7C
:108B0800064B187008BD034804F008FC044B80B2FB
:108B18001880EEE7D8010020000400489D010020DD
:108B28009E0100200E4A0F48D16930B441F48001FB
:108B3800D161D2690C4C0D4982B002F480020192D5
:108B4800019D00230122C0E90041C0E90232C0E9C9
:108B58000433C0E90633036202B030BC05F018BD27
:108B68000010024028020020005800402A2310006C
:108B780070B582B0322604460D460B460246009672
:108B88000948782105F07AFD58B1074805F05CFDE1
:108B9800FFF7C8FF0448009678212B46224605F0C7
:108BA8006DFD02B070BD00BF280200201C4B30B51F
:108BB8005A691C4D42F480225A615B6989B003F4FA
:108BC80080234FF440601121CDE902010024019374
:108BD8001448019A0494032302A9CDE9053405F049
:108BE80093FA104801224FF4806105F08BFB4FF493
:108BF800FA6400E084B14FF48061284605F07CFBFC
:108C0800013C0128A4B2F5D1064801224FF40061C5
:108C180005F078FB09B030BD034B01221A70F3E769
:108C2800001002400004004828010020144B154998
:108C38005A6930B542F001025A615B69124C83B03F
:108C480003F0010301930025802301981022204698
:108C5800C4E90253C4E90012C4E90455C4E906553D
:108C680005F086F92A4603210D2005F01DF90D208F
:108C780005F056F9054B63625C6503B030BD00BF73
:108C8800001002403000024080020020C80200208C
:108C9800134A1448916930B441F480519161926942
:108CA800114982B002F4805201924FF48272C0E9F5
:108CB8000012019D4FF4007200234FF4E06420215C
:108CC80082610722C0E90234C0E90433C0E907130E
:108CD800C0E90933C26202B030BC06F03BBE00BF37
:108CE80000100240C8020020003001400F4B10B5B0
:108CF8005A6942F400325A615B6988B04FF4C06027
:108D0800122103F40033CDE902010193012202A9E3
:108D18004FF0904004240323CDE904230694019BDB
:108D280005F0F2F9FFF7FEFE08B010BD0010024092
:108D380030B583B0FFF7DAFF322003F06DFF05236B
:108D48009548964C0222782105F074FF051E0CBF49
:108D580001230023237001D003B030BD4FF42E430C
:108D6800022101A8ADF80430FFF702FF2378002B99
:108D7800F2D04FF45543022101A8ADF80430FFF7B3
:108D8800F7FE2378002BE7D04FF40043022101A817
:108D9800ADF80430FFF7ECFE2378002BDCD04FF45D
:108DA8002843022101A8ADF80430FFF7E1FE23783B
:108DB800002BD1D04FF47C53022101A8ADF8043028
:108DC800FFF7D6FE2378002BC6D04FF45343022179
:108DD80001A8ADF80430FFF7CBFE2378002BBBD0F9
:108DE800022101A8ADF80450FFF7C2FE2378002B3A
:108DF800B2D04FF48043022101A8ADF80430FFF748
:108E0800B7FE2378002BA7D04FF40D43022101A809
:108E1800ADF80430FFF7ACFE2378002B9CD04FF45C
:108E2800A053022101A8ADF80430FFF7A1FE237872
:108E3800002B91D04FF40053022101A8ADF8043063
:108E4800FFF796FE2378002B86D04FF4007302219B
:108E580001A8ADF80430FFF78BFE2378002B3FF410
:108E68007BAF4FF42143022101A8ADF80430FFF78E
:108E78007FFE2378002B3FF46FAF4FF44843022165
:108E880001A8ADF80430FFF773FE2378002B3FF4F8
:108E980063AF4FF45A43022101A8ADF80430FFF73D
:108EA80067FE2378002B3FF457AF4FF4905302210D
:108EB80001A8ADF80430FFF75BFE2378002B3FF4E0
:108EC8004BAF4FF40143022101A8ADF80430FFF77E
:108ED8004FFE2378002B3FF43FAF4FF44F4302215E
:108EE80001A8ADF80430FFF743FE2378002B3FF4C8
:108EF80033AF4FF45943022101A8ADF80430FFF70E
:108F080037FE2378002B3FF427AF4FF4714302213B
:108F180001A8ADF80430FFF72BFE2378002B3FF4AF
:108F28001BAF4FF45B43022101A8ADF80430FFF7F3
:108F38001FFE2378002B3FF40FAF4FF4804302212C
:108F480001A8ADF80430FFF713FE2378002B3FF497
:108F580003AF4FF42443022101A8ADF80430FFF712
:108F680007FE2378002B3FF4F7AE4FF42643022187
:108F780001A8ADF80430FFF7FBFD2378002B3FF480
:108F8800EBAE4FF42F43022101A8ADF80430FFF7F0
:108F9800EFFD03B030BD00BF28020020050000200F
:108FA800F0B5152A1C4F85B0054628BF15220026A6
:108FB800A7FB0103DB0806F1100003EB830CA1EB10
:108FC8004C0C0DEB000E084634460CF1300C013603
:108FD80009280EF80CCCF6B21946E9D8B24211D8D5
:108FE80000206EB101AA01341444034614F801CDDF
:108FF80005F803C0591CA242CBB2F7D13044C0B225
:1090080005B0F0BD921B02F0FF073A462021284622
:10901800FFF79AFA3846E4E7CDCCCCCC70B52D4CA6
:109028002378C2B015468BB1002350388DF88430B0
:109038000B0901F00F0110338DF885008DF88610AB
:1090480021A804218DF88730FFF792FD2A78002A9D
:1090580039D00021AE46204E01A80D460CE03F2B2A
:1090680033D9056005711EF8012F457101310630AD
:10907800C9B2AAB115292AD0A2F1610CA2F1200324
:10908800BCF1190FDBB2EAD8203B03EB83039BB298
:1090980003EB060CF2589CF8043003710260E2E717
:1090A80001EB41014D0023786BB1402301A92A4609
:1090B8000DF185008DF88430FFF798FA691C89B2A4
:1090C80021A8FFF755FD42B070BD1346DCE77E25A9
:1090D800E9E700BF05000020F420010830B5134C73
:1090E8002378A3B00BB923B030BD503804214FF416
:1090F80080538DF8050000250DEB0100ADF8063012
:109108008DF80450FFF734FD2378002BEBD0402373
:10911800802229460DF105008DF80430FFF714FA76
:10912800812101A8FFF724FD23B030BD05000020F0
:1091380070B5642B28BF6423802A154628BF802574
:109148000C06C2B002D44C19802C51DC394C15FBEA
:1091580003F3A4FB0346C6F34716002A53D00DF1C8
:10916800040E00236A1E0DE09A420FD00133DCB2D0
:1091780066452CBF4FF05E0C4FF0420CA5420EF82E
:1091880001CB0BD95FFA83FC002BEDD10133DCB2A4
:109198004FF07E0CA5420EF801CBF3D8264C23786D
:1091A8000BB942B070BD01F00F03090950381031F6
:1091B8008DF885008DF886308DF8871000230421FE
:1091C80021A88DF88430FFF7D3FC2378002BE8D052
:1091D80040232A4601A90DF185008DF88430FFF758
:1091E80005FA691CC9B221A8FFF7C2FC42B070BDDC
:1091F800C1F180050F4AEDB215FB03F3A2FB03266C
:10920800C6F34716ABE70C4B1B78002BC9D00C09EB
:10921800503801F00F0310348DF88500042121A87F
:109228008DF884208DF886308DF88740FFF7A0FCF4
:10923800B7E700BF1F85EB51050000202DE9F0437B
:109248002F4E304F3378DFF8C8800C2828BF002015
:1092580003EB800307EB431385000FCBA7B098F807
:1092680000C001AC84E80F00BCF1000F02D127B0A8
:10927800BDE8F083244B0593042105A8FFF778FC8B
:1092880098F80030002BF2D0A446BCE80F004FF04D
:109298004009CDF81500CDF8191060461121CDF818
:1092A8001D20CDF821308DF81490FFF761FC33783C
:1092B800E81807EB401310330FCB98F8005084E8F8
:1092C8000F00002DD3D0114B0593042105A8FFF7FB
:1092D8004FFC98F80030002BC9D00FCCCDF8150002
:1092E800CDF81910204611218DF81490CDF81D20C5
:1092F800CDF82130FFF73CFC27B0BDE8F08300BF74
:1093080029010020F41A010800B50C1600B60C1645
:1093180005000020F0B5A5B003F078FCAA4B1B6847
:10932800C01AC72837D8A94B93E8030001AC84E8D2
:109338000300A74E337803ADBBB9A64C2378102B96
:1093480000F2F681DFE813F02F02800080003E0271
:10935800090211022C002C00F60101021902460232
:109368002702F401F401F4012C009B4B0393042120
:109378002846FFF7FDFB3378002BDED003CC4023D3
:10938800CDF80D00CDF81110284609218DF80C30C4
:10939800FFF7EEFBD1E701AC002301936360C8E758
:1093A8008E4B8F4A19688F4B002908BF1A460A212D
:1093B8000020FFF733FE2478E4B20B2C0DD8DFE849
:1093C80014F08C010C000C000C00600135010C003D
:1093D8000C00D600A20076004B00002682495324D8
:1093E8003346721C90336B44D6B203F8844C8C5DC0
:1093F8003346002CF5D1794B7C491A687C4F8A4258
:1094080098BF1968A8190522FFF7CAFD3044C0B2F1
:1094180000F19001202200230DEB0106611C33446A
:10942800CCB203F8842C3A5D2346002AF6D12044B6
:1094380024AB53FA80F000F8842C2A46002101203E
:10944800FFF7ECFD25B0F0BD644B6A4A1968654B1F
:10945800002908BF1A46AAE7002667494824334668
:10946800721C90336B44D6B203F8844C8C5D33463F
:10947800002CF5D1614B5D491A68614F8A4298BF4B
:109488001968A8190522FFF78BFD3044C0B200F116
:109498009001202200230DEB0106611C3344CCB25D
:1094A80003F8842C3A5D2346002AF6D1BFE700264C
:1094B800544948243346721C90336B44D6B203F89F
:1094C800844C8C5D3346002CF5D14F4B4F4F198897
:1094D8000322A81989B2FFF763FD3044C0B200F136
:1094E800900220230DEB0206621C3119D4B201F858
:1094F800843C3B5D002BF7D1204424AA52FA80F02B
:1095080000F8843C99E7002641494C243346721CF4
:1095180090336B44D6B203F8844C8C5D3346002CF0
:10952800F5D13C4B3C4A1B783C4F03EB830303EBE0
:1095380083018900A2FB0121A8190322C909FFF7A9
:109548002FFD3044C0B200F1900220230DEB02063B
:10955800621C3119D4B201F8843C3B5D002BF7D171
:10956800204424AA52FA80F000F8843C65E70026DB
:109578002B4953243346721C90336B44D6B203F8FC
:10958800844C8C5D3346002CF5D1264B264F198828
:109598000422A81989B2FFF703FD3044C0B200F1D4
:1095A800900220230DEB0206621C3119D4B201F897
:1095B800843C3B5D002BF7D1204424AA52FA80F06A
:1095C80000F8843C39E700BF34010020FC0401089E
:1095D80005000020A504002000B00010A80100200C
:1095E80004060108140501089C0601089F8601006D
:1095F800A406010834050108880601083C0100207A
:109608009006010850060108A20100205C06010826
:109618003C060108840100208180808048060108FA
:109628007C0601084E0100207406010800267049D6
:1096380052243346721C90336B44D6B203F8844CE0
:109648008C5D3346002CF5D16A4B6B4F19680522A7
:10965800A819FFF7A5FC3044C0B200F190022023FE
:109668000DEB0206621C3119D4B201F8843C3B5D53
:10967800002BF7D1204424AA52FA80F000F8843C49
:10968800DBE600265D4956243346721C90336B4452
:10969800D6B203F8844C8C5D3346002CF5D1584B78
:1096A800584F19880422A81989B2FFF779FC304469
:1096B800C0B200F1900220230DEB0206621C3119A2
:1096C800D4B201F8843C3B5D002BF7D1204424AA96
:1096D80052FA80F000F8843CAFE64B4A5426002347
:1096E800013490336B44E4B203F8846C165D23466E
:1096F800002EF5D1454B464F19880322281989B207
:10970800FFF74EFC2044C0B200F1900220230DEB7D
:109718000204721CA119D6B201F8843CBB5D002B6F
:10972800F7D1304424AA52FA80F000F8843C84E649
:10973800384A3CE6384B1A78022A57D01978374A03
:10974800344B012918BF1A4631E6354B354A19788A
:10975800304B002908BF1A4629E6334B334A19789B
:10976800334B002918BF1A4621E6324B324A197882
:10977800324B002918BF1A4619E6314A13889BB2A2
:10978800002B29D0214B198813888AB29BB29A42A0
:1097980022D22C4A0BE62C4B2C4A19682C4B002958
:1097A80008BF1A4603E626490B889BB2E3B1174B5C
:1097B800244A18880B8881B225489BB2994228BF51
:1097C8000246F4E5204B234A1968214B002908BFBB
:1097D8001A46ECE5204AEAE51B4B204A19681C4B5F
:1097E800002908BF1A46E2E5194AE0E51C4ADEE509
:1097F80028060108940100203006010868060108BF
:109808009E0100207406010814060108A201002028
:109818001C060108940501085001002024050108D0
:1098280084010020F40501089D0100205405010869
:10983800D40501089C01002064050108C40501083D
:10984800A0010020A4050108A80100207405010852
:109858001405010844050108B4050108E4050108D8
:10986800840501082DE9F0474E4E3578C2B0804690
:10987800B0244FF000094FF48057042121A8C5B146
:109888008DF884908DF88540ADF88670FFF770F9F3
:1098980035784023802200210DF18500002D78D0F5
:1098A8008DF88430FEF750FE812121A8FFF760F97A
:1098B80035780134E4B2B82CDFD13B4CB0274FF0F7
:1098C800000A4FF480592146802201A8FEF78EFE37
:1098D800042121A83DB9B02F4FF0000504F1800400
:1098E8001ED1B127EFE78DF884A08DF88570ADF80B
:1098F8008690FFF73DF93178402380220029EAD08D
:1099080001A90DF185008DF88430FEF76FFE8121E5
:1099180021A8FFF72DF9B02F357804F18004E0D0A5
:10992800B8F1040F214F28BF4FF0000808EB880852
:1099380007EBC817B2244FF000094FF4805800E035
:1099480035783946802201A8FEF750FE042121A867
:10995800B5B18DF884908DF88540ADF88680FFF715
:1099680007F935784023802201A90DF185003DB122
:109978008DF88430FEF73AFE812121A8FFF7F8F828
:109988000134E4B2B72C07F18007D9D142B0BDE861
:10999800F087631CDBB2B82B8FD00234E4B2B82C4A
:1099A80087D18AE705000020F41801087409010826
:1099B80010B5344A344B354C002111701B78344AA9
:1099C8002178DBB213701378012B82B037D013786B
:1099D8000F2B28D029B34FF42E43022101A8ADF84C
:1099E8000430FFF7C5F82378DBB14FF401430221B7
:1099F80001A8ADF80430FFF7BBF823788BB14FF41A
:109A08004F43022101A8ADF80430FFF7B1F82378DD
:109A18003BB14FF42F43022101A8ADF80430FFF702
:109A2800A7F802B010BD0029FBD04FF42E43022145
:109A380001A8ADF80430FFF79BF802B010BD00296B
:109A4800EFD04FF42F43022101A8ADF80430FFF7FF
:109A58008FF82378002BE4D04FF40143022101A8AA
:109A6800ADF80430FFF784F82378002BD9D04FF4F1
:109A78007063022101A8ADF80430FFF779F802B04D
:109A880010BD00BF46010020450100200500002050
:109A9800470100202DE9F043814E3378192BC3B0DC
:109AA80040D0FFF737FC7F4B1B7803F0FF04002BF7
:109AB80040F0E9823378102B17D8DFE813F0110053
:109AC800FD02390333032D03270321031B03F70288
:109AD80009030303F10215031600160016000F030D
:109AE800714A10210220FFF799FA704A00210320D9
:109AF800FFF794FA3578EDB2102D00F2CD80DFE84B
:109B080015F0EB008A008A008A001D03F3038A001F
:109B18008A0085026D035A012E028A00CB00CB0011
:109B2800CB008A00624C634EB0254FF000094FF419
:109B380080588022214601A8FEF758FD3378C3B12A
:109B4800042121A88DF884908DF88550ADF8868081
:109B5800FFF70EF837784023802201A90DF1850020
:109B68003FB18DF88430FEF741FD21A88121FEF731
:109B7800FFFFB02D04F1800401D1B125D9E70224FB
:109B880020460134E4B2FFF7A9FA082CF8D14A4D6F
:109B98004A4FB2244FF000094FF4805825E0FEF7F1
:109BA80025FD3378042121A8CBB18DF884908DF858
:109BB8008540ADF88680FEF7DBFF96F800C04023AD
:109BC800802201A90DF18500BCF1000F07D08DF8A6
:109BD8008430FEF70BFD21A88121FEF7C9FF01346F
:109BE800E4B2B72C05F180050DD03B7813F0010FD6
:109BF8004FF08002294601A8D1D08022002101A877
:109C0800FEF7A2FCCDE72E4A0421072043B0BDE8A9
:109C1800F043FFF703BA72B62A4A2B4B1768D3F8FA
:109C2800008062B6002F00F0B6832849284BB9425D
:109C380028BF394653250022013402F584726A444C
:109C4800E4B202F8845C1D5D2246002DF4D121ABFC
:109C580005221819FFF7A4F942AA031952FA83F347
:109C6800052103F8845C21AA0846FFF7D7F9B8F163
:109C7800000F09D064202B46A7FB00014246FEF7DF
:109C8800C3FAC0F16405EDB22B4655220521072021
:109C9800FFF74EFA307889E00E4A0A210520B5E729
:109CA800A5040020860100204807010828080108AB
:109CB800F419010805000020741601082901002084
:109CC8000C070108A8010020080000209F86010059
:109CD80044080108E0080108B74A13889BB2B3F5A5
:109CE8007A7F38BFB2F80080B44A34BF1FFA88F8C8
:109CF80040F2E73854240023013503F584736B449C
:109D0800EDB203F8844C545D2B46002CF4D1AC4FD3
:109D1800398821AE89B203227019FFF741F9431936
:109D2800DBB25D1C03F584736B44EDB22F2203F89C
:109D3800842C414670190322FFF732F90544E9B231
:109D480001F58473DFF8BCC220250DEB0300631C0A
:109D58000219DCB202F8845C1CF80450002DF6D11C
:109D6800214442AB53FA81F305210846324603F8F1
:109D7800845CFFF753F9934B934A1978934B062069
:109D8800002918BF1A460521FFF748F93B88904972
:109D980064209BB200FB03F3A1FB031307205522A9
:109DA800C3F307230521FFF7C3F9284643B0BDE8ED
:109DB800F043FFF743BA804A13889BB2B3F57A7F22
:109DC80038BF1788834A34BFBFB240F2E7374E2501
:109DD8000023013403F584736B44E4B203F8845C14
:109DE800155D2346002DF4D1754B198821AE89B233
:109DF80003223019FFF7D4F80444E4B204F584735D
:109E08006B440134E4B22F22394603F8842C30190C
:109E18000322FFF7C5F80444E4B204F5847342A9A9
:109E280001346B4451FA84F44322052103F8842C4D
:109E38000846324604F8845CFFF7F0F8664A4C2777
:109E480005F5847301356B44EDB203F8847C575DE6
:109E5800002FF5D1614B624A1B78DFF8AC8103EB28
:109E6800830303EB83018900A2FB0121C9090322B3
:109E78007019FFF795F80544EDB205F584736B4446
:109E8800252203F8842C0135564BEDB219680422BB
:109E98007019FFF785F80544EDB205F5847352246F
:109EA8000DEB03027B1C174407F8844CDFB218F84B
:109EB8000740002CF6D142AB3D4453FA85F53246B3
:109EC80005F8844C05210620FFF7A8F8464A4825DE
:109ED80004F58471631C0DEB010404F8845CDCB2A6
:109EE800155D002DF4D1414B1B7803EB830303EB85
:109EF80083013B4B8900A3FB0131C90903223019B7
:109F0800FFF74EF80444E4B2394A04F584736B440D
:109F180001341168E4B2252203F8842C3019042294
:109F2800FFF73EF80444E4B204F5847252230DEBC3
:109F380002016A1C0D4405F8843CD5B218F80530B6
:109F4800002BF6D142AA2C4452FA84F40720324658
:109F5800052104F8843CFFF761F80A2026E705216B
:109F6800244A0846FFF75AF82349492200230134B6
:109F780003F584736B44E4B203F8842C0A5D23462A
:109F8800002AF4D11D4B1E491A6821AE8A4298BF97
:109F9800196805223019FFF703F842AA031952FA83
:109FA80083F3002507203246052103F8845CFFF778
:109FB80035F80B20FAE600BFA001002014060108BE
:109FC800A201002038010020C0060108B0060108DF
:109FD800C5B3A2919C080108A408010890010020BB
:109FE8008180808088010020B00801086801002075
:109FF80060010020C4080108D40801083C010020C1
:10A008009F86010040080108AC080108964B1A78A1
:10A01800012A00F0BE811978944A954B022908BF9D
:10A028001A4605210846FEF7F9FF924B924A18781E
:10A03800924B0521002818BF1A460620FEF7EEFFAE
:10A048008F4A50250023013403F584736B44E4B22E
:10A0580003F8845C155D2346002DF4D1894B1988DB
:10A0680021AB042289B21819FEF79AFF42AA0319F4
:10A0780052FA83F30720052121AA03F8845CFEF72E
:10A08800CDFF082092E6804A0A210220FEF7C6FF8B
:10A098007E4A0A21032043B0BDE8F043FEF7BEBF65
:10A0A8007B4A10210220FEF7B9FF1EE5794A1021EC
:10A0B8000220FEF7B3FF18E5774A10210220FEF7C9
:10A0C800ADFF12E5754A10210220FEF7A7FF0CE547
:10A0D800734A10210220FEF7A1FF06E5714A1021FC
:10A0E8000220FEF79BFF00E56F4A10210220FEF7D1
:10A0F80095FFFAE46D4A10210220FEF78FFFF4E481
:10A108006B4A10210220FEF789FFEEE4694A10210C
:10A118000220FEF783FFE8E4674A10210220FEF7D9
:10A128007DFFE2E4654A10210220FEF777FFDCE4B8
:10A13800634A10210220FEF771FFD6E4614B5625D1
:10A148000022013402F584726A44E4B202F8845CA5
:10A158001D5D2246002DF4D15B4B198821AE0322E8
:10A1680089B23019FEF71CFF42AA031952FA83F389
:10A17800052103F8845C08463246FEF74FFF534931
:10A188004F2305F5847201356A44EDB202F8843C28
:10A198004B5D002BF5D14E4A4E491278002A4E4AA3
:10A1A80005F584700ABF11464F2446241A466844B0
:10A1B80001330244DBB202F8844CCC5C1A46002C12
:10A1C800F6D142AA2B4452FA83F3072032460521DE
:10A1D80003F8844CFEF722FF0420E7E53F4A5025A8
:10A1E8000023013403F584736B44E4B203F8845C00
:10A1F800155D2346002DF4D1394E21AB181931785D
:10A208000322FEF7CDFE0319DBB203F584720DEBD2
:10A218000200013342AA52FA83F30521252400F8EB
:10A22800844C21AA084603F8845CFEF7F7FE114B1C
:10A23800114A1878114B0521002818BF1A46062024
:10A24800FEF7ECFE3378274803EB830303EB830325
:10A258009B00A0FB0303552207200521C3F3C71366
:10A26800FEF766FF0920A1E550010020DC06010881
:10A27800FC06010838010020C0060108B0060108E4
:10A28800B80801084E01002020070108340701081A
:10A2980018080108E8070108580701080808010814
:10A2A800F8070108C8070108D8070108B807010816
:10A2B800A807010898070108880701087807010816
:10A2C80068070108600801089E010020700801085D
:10A2D8009D010020D8060108D00601089008010851
:10A2E8008401002081808080314A52250023013476
:10A2F80003F584736B44E4B203F8845C155D23466C
:10A30800002DF4D12B4B21AE196805223019FEF728
:10A3180047FE42AA031952FA83F30521084632463A
:10A3280003F8845CFEF77AFE234B244A1978244B01
:10A338000620002918BF1A460521FEF76FFE21499D
:10A3480053242B466A1C03F584736B44D5B203F877
:10A35800844C4C5D2B46002CF4D11B4B03221978FE
:10A368007019FEF71DFE4319DBB203F584720DEB7D
:10A378000201013342AA52FA83F3252701F8847CAB
:10A3880007203246052103F8844CFEF747FE0520D6
:10A398000CE50E4A45E6052108460D4AFEF73EFE45
:10A3A8006423552205210720FEF7C2FE72E400BF90
:10A3B800780801089401002038010020C00601082F
:10A3C800B0060108840801089C010020EC06010879
:10A3D800500801082DE9F843244C254B257861786D
:10A3E800A2781B78EDB2CEB2D7B273B1FF23214A5F
:10A3F800237000236370A37013702378AB4226D0B8
:10A408001D4B01221A70BDE8F883DFF8689099F8AF
:10A41800003033B102F0FAFB184B1B68C01A002851
:10A42800EBDB4FF0000889F8008002F0EFFB144BDB
:10A438001B68C01A40F2DB5398420FD8FF2384F8F8
:10A44800008084F80180A3702378AB42D8D1637868
:10A45800B342D5D1A378BB42D2D1D4E7FF2384F845
:10A468000080637084F80280C7E700BFC401002041
:10A478008601002030010020440100202C0100202A
:10A488003401002038B51A4805F0EEFB012802D047
:10A498000024204638BD174A174B184D04465078FB
:10A4A8001178927800EB400000EB030C185A2880D2
:10A4B80001EB41019CF80200A870C81802EB4202A7
:10A4C800595AA5F8031081786971D018995AE9800A
:10A4D80083782B726422002105F10900FEF734F815
:10A4E8006D222946024805F0D5FA204638BD00BF3E
:10A4F800C8020020C4010020741301086000002075
:10A5080070B582B072B6824D824A0024022304EBF1
:10A51800440C05EB0C000721467815F80CE090F880
:10A5280002C0F6B25FFA8EFE5FFA8CFC46FA01F0C2
:10A53800C007936119D500BF00BF00BF00BF00BFAF
:10A5480000BF00BF00BF00BF00BF00BF00BF00BF0B
:10A5580000BF00BF00BF00BF00BF00BF00BF00BFFB
:10A5680000BF00BF00BF00BF00BF00BF00BF00BFEB
:10A5780000BF00BF00BF00BF00BF00BF00BF00BFDB
:10A5880000BF00BF00BF00BF00BF00BF00BF00BFCB
:10A5980000BF936200BF00BF00BF00BF00BF00BF85
:10A5A80000BF00BF00BF00BF00BF00BF00BF00BFAB
:10A5B80000BF00BF00BF00BF00BF00BF00BF00BF9B
:10A5C80000BF00BF00BF00BF00BF00BF00BF00BF8B
:10A5D80000BF00BF00BF00BF00BF00BF00BF00BF7B
:10A5E80000BF00BF00BF00BF00BF00BF00BF00BF6B
:10A5F80000BF00BF00BF00BF013997D207214EFA44
:10A6080001F0C607936119D500BF00BF00BF00BFA6
:10A6180000BF00BF00BF00BF00BF00BF00BF00BF3A
:10A6280000BF00BF00BF00BF00BF00BF00BF00BF2A
:10A6380000BF00BF00BF00BF00BF00BF00BF00BF1A
:10A6480000BF00BF00BF00BF00BF00BF00BF00BF0A
:10A6580000BF00BF00BF00BF00BF00BF00BF00BFFA
:10A6680000BF00BF936200BF00BF00BF00BF00BFB4
:10A6780000BF00BF00BF00BF00BF00BF00BF00BFDA
:10A6880000BF00BF00BF00BF00BF00BF00BF00BFCA
:10A6980000BF00BF00BF00BF00BF00BF00BF00BFBA
:10A6A80000BF00BF00BF00BF00BF00BF00BF00BFAA
:10A6B80000BF00BF00BF00BF00BF00BF00BF00BF9A
:10A6C80000BF00BF00BF00BF00BF013997D20721FC
:10A6D8004CFA01F0C00793611ED500BF00BF00BF50
:10A6E80000BF00BF00BF00BF00BF00BF00BF00BF6A
:10A6F80000BF00BF00BF00BF00BF00BF00BF00BF5A
:10A7080000BF00BF00BF00BF00BF00BF00BF03E025
:10A71800AC0100200004004800BF00BF00BF00BF1C
:10A7280000BF00BF00BF00BF00BF00BF00BF00BF29
:10A7380000BF00BF00BF00BF00BF00BF00BF00BF19
:10A74800936200BF00BF00BF00BF00BF00BF00BFD3
:10A7580000BF00BF00BF00BF00BF00BF00BF00BFF9
:10A7680000BF00BF00BF00BF00BF00BF00BF00BFE9
:10A7780000BF00BF00BF00BF00BF00BF00BF00BFD9
:10A7880000BF00BF00BF00BF00BF00BF00BF00BFC9
:10A7980000BF00BF00BF00BF00BF00BF00BF00BFB9
:10A7A80000BF00BF00BF013992D20134082C7FF4EA
:10A7B800AEAE62B600230193019BB3F57A6F06D261
:10A7C800019B01330193019BB3F57A6FF8D302B073
:10A7D80070BD00BF2DE9F04100241F4E82B08046B5
:10A7E8000725274648FA05F212F0010218BF012290
:10A7F8004FF40041304603F085FD00220421304625
:10A8080003F080FD0097009B132B05D8009B0133B4
:10A818000093009B132BF9D901220421304603F041
:10A8280071FD4FF48071304603F066FD6400012825
:10A83800E4B201D144F001040197019B132B05D820
:10A84800019B01330193019B132BF9D9013DC9D217
:10A85800204602B0BDE8F08100040048F0B51E4D66
:10A8680087B00024012204214FF09040CDE9004434
:10A87800CDE90244049403F045FD01222846042151
:10A8880003F040FD01270323042669464FF090405A
:10A8980003930096CDE9017403F036FC6946284617
:10A8A800009603F031FC4FF40046694628460096AE
:10A8B80003F02AFC4FF48072002369462846CDE94C
:10A8C8000023029703F020FC04480096694602948E
:10A8D80003F01AFC07B0F0BD000400480008004867
:10A8E80008B50E4B1A784AB11A78052A06D01A7894
:10A8F800092A03D01B78082B00D008BD0848082176
:10A9080003F0FAFC074BB0FA80F01A78400982424B
:10A9180008BF054A187008BF107008BDA5040020BC
:10A928000004004804000020380100200E4B1B786A
:10A93800092B04D110B50D4C23780BB910BD704705
:10A9480002F064F90A4B1B68C01AFA28F6D9094BB9
:10A9580009481B680022227040215A6303F0D2FC88
:10A96800064B01221A7010BDA504002084010020A6
:10A9780080010020780300200004004886010020A0
:10A988000F4B1B78052B04D110B50E4C23780BB94F
:10A9980010BD704702F03AF90B4B1B68C01AFA2831
:10A9A800F6D90A4B0A481B68002222704FF400713E
:10A9B8005A6303F0A7FC074B01221A7010BD00BFB1
:10A9C800A50400209C0100207001002078030020CD
:10A9D80000040048860100200C4B1A781AB11B7835
:10A9E800132B00D0704710B5094C23889BB203B9CC
:10A9F80010BD02F00BF9074B1B68C01AFA28F7D9EB
:10AA0800054B0021012221801A7010BDA5040020E9
:10AA1800A001002058010020860100200D4B1B7862
:10AA28000A2B04D110B50C4C23780BB910BD704714
:10AA380002F0ECF8094B1B68C01AB0F57A7FF5D91B
:10AA4800074B084A186801210023237043631170DB
:10AA580010BD00BFA5040020900100206C0100205B
:10AA6800780300208601002008B50E4B1B780A2BBE
:10AA780012D10D4B1B780A2B0FD90C4B1B6863B9ED
:10AA880002F0C4F80A4A126840F6B833801A9842AD
:10AA980002D9084B01221A7008BD02F0B7F8044B1E
:10AAA800186008BDA504002068010020600100208E
:10AAB80048000020860100202DE9F047DFF89C813E
:10AAC800604FDFF89C918CB00A254FF0FF0A0026F2
:10AAD8000121404603F010FC0221B0FA80F4404600
:10AAE800640903F009FC08B944F00204102138464F
:10AAF80003F002FC08B944F004048021384603F04E
:10AB0800FBFB08B944F008044FF40051484603F031
:10AB1800F3FB08B944F0100454450CD10136F6B2E1
:10AB2800032E0AD0022002F077F86B1E13F0FF05FF
:10AB380003D0A246CCE70126F4E7434B182C1C703F
:10AB480004D8424B1C700CB0BDE8F0871F2C1DD0F8
:10AB58003E493F4B3B4819240C70012240211A7092
:10AB680003F0D0FB374800224FF4007103F0CAFB12
:10AB780034480022402103F0C5FB002202214FF097
:10AB880090400CB0BDE8F04703F0BCBB32211D2259
:10AB980004ABCDE9012100932E4802230022A02115
:10ABA80003F044FFD8B12949294B264819240C70D1
:10ABB800012240211A7003F0A5FB224800224FF41D
:10ABC800007103F09FFB1F480022402103F09AFB0D
:10ABD800002202214FF0904003F094FBB3E71E4B94
:10ABE800049A9A42DFD19DF81430052BDBD10DF180
:10ABF8000F010DF12B0411F8012F50400823C0B2AA
:10AC080042B2002AB8BF52004FEA4000B8BF82F0F3
:10AC1800070203F1FF33ACBFC0B2D0B213F0FF0399
:10AC2800EED1A142E7D19DF82C308342BBD19DF8EB
:10AC38002A20013AD2B2182AB5D8044B1A700CB09F
:10AC4800BDE8F087000400480C000020A50400209F
:10AC58008601002028020020435452550014004861
:10AC6800000800480000000030B5082889B014D05A
:10AC7800402801D009B030BD3B4B1B780A2BF9D1D5
:10AC880001F0C4FF394A1368C31A012BF2D93849B5
:10AC980010600B6801330B60ECE7334B1A780B2A12
:10ACA80012D01A78052A33D01B780A2BE2D101F08A
:10ACB800ADFF304A1368C31A012BDBD92E49106047
:10ACC8000B6801330B60D5E701F0A0FF2B4A13682E
:10ACD800C31A012BCED99FED227B95230124106046
:10ACE800029327488DF8004000238DED047B0694DD
:10ACF8008DF81C3002F0BEFEB8B101AB6A462048A0
:10AD080002A902F041FE1F4A136801331360B1E73C
:10AD180001F07CFF1C4A1368C31A012BAAD91B49EE
:10AD280010600B6801330B60A4E721461448144DEA
:10AD380002F07CFE0221124802F078FE104804213D
:10AD480002F074FE4FF47A7403E0013CA4B2002CC4
:10AD5800D3D0284602F08EFE0028F6D0CDE700BFFB
:10AD68000000000000000000A504002038000020BA
:10AD7800640100203C0000208C01002044000020D9
:10AD8800380400203C0100204000002098010020E9
:10AD9800044B4FF090416FF0A0504FF0FF32086025
:10ADA8001A60FEE700040048014803F063B900BFD9
:10ADB80080020020014B01221A7070478501002093
:10ADC80001F018BF014802F015BF00BF3804002089
:10ADD800014805F043B900BFC80300202D4B0268A5
:10ADE8009A4200D0704770B52B4B1B7803F0FF05D3
:10ADF8006BB92A4C23684BB1294E337813BB2948C9
:10AE08000122082103F07EFA0123337070BD234B21
:10AE180024480024012240211C6003F073FA224BCD
:10AE28001B6803B15C63214C2378092B2CD0237851
:10AE3800052BEBD1BDE870401A4800224FF4007191
:10AE480003F060BA17482A46082103F05BFA357008
:10AE580072B62368013B236062B62368002BD5D104
:10AE68002368002BD2D1114B1A78072ACED01A7832
:10AE7800062ACBD01B780A2BC8D0BDE870400948F9
:10AE88000122402103F03EBA06480022402103F087
:10AE980039FACCE70004004086010020A801002010
:10AEA800A40100200004004878030020A504002025
:10AEB800082003F037BA00BF402003F033BA00BFC0
:10AEC80030B5A1B000242022002107A8FDF73CFBE3
:10AED80021463C2210A8CDE90144CDE9034405945C
:10AEE800FDF732FB01221023CDE90A2302254FF496
:10AEF800601306A80F9306950D9503F073FF0F23B3
:10AF0800019329464FF4806301A8CDE903430295D4
:10AF1800059404F051FA602310A8CDE91744109362
:10AF280004F0F8FA21B030BD70B500258CB0CDE939
:10AF38000655CDE90855324C0A95A36943F001033B
:10AF4800A361A36903F001030093009B636943F4C1
:10AF580000336361636903F400330193019B636900
:10AF680043F480236361636903F480230293029BA3
:10AF7800636943F480036361636903F480032A46C9
:10AF880003934FF400414FF09040039B012603F0D8
:10AF9800B9F94FF4004306A94FF09040CDE90636C1
:10AFA800CDE9085503F0B0F80322002306A9154897
:10AFB8000896CDE9062303F0A7F806A912489023BE
:10AFC800069303F0A1F8E36943F08053E361E36972
:10AFD80003F080530493049B03F0FCFE63690B4861
:10AFE80043F400236361636903F400234FF40052C0
:10AFF800059306A9059B069203F086F80CB070BD70
:10B0080000100240001400480004004800080048EE
:10B0180070B5002486B0664D664804942246202107
:10B02800CDE90044CDE9024403F06CF92B78092BF3
:10B0380000F0B0802B78052B00F0B2802B78192B0C
:10B0480000F09C805B480122402103F05BF94FF43B
:10B0580018710123CDE900130022032355486946DE
:10B06800CDE9022303F050F82B78012B14D02B786C
:10B07800022B11D02B78032B0ED02B78062B0BD05C
:10B088002B78072B08D02B780A2B05D02B780C2B84
:10B0980002D02B78102B10D146480022082103F04B
:10B0A80031F908200121CDE900010022032341489C
:10B0B8006946CDE9022303F027F800223D48022122
:10B0C80003F020F9022569463A48009503F01CF878
:10B0D800002229464FF0904003F014F969464FF0DA
:10B0E8009040009503F010F880230024CDE9003546
:10B0F8000326052369464FF090400493CDE90246A4
:10B1080003F002F84FF480730093694606234FF06A
:10B118009040CDE90363CDE9015402F0F5FF012524
:10B12800224610214FF09040CDE90154CDE9034467
:10B1380003F0E8F8102369464FF09040009302F0BE
:10B14800E3FF4FF40413694608224FF09040CDE91D
:10B158000023029502F0D8FF22462146092002F07A
:10B16800A3FE092002F0DCFE22463146172002F039
:10B178009BFE172002F0D4FE06B070BD22460D4893
:10B18800402103F0BFF80B4822464FF4007103F04A
:10B19800B9F85CE707482246402103F0B3F856E7C0
:10B1A800044822464FF4007103F0ACF84FE700BFA3
:10B1B800A5040020000400482F4BF0B5DA692F4C95
:10B1C80042F00072DA61DB6991B003F0007300931A
:10B1D80002274FF4C0510126CDE90117009801A9B3
:10B1E800032209234FF09040CDE90362059302F052
:10B1F8008BFF234A04230025C4E900234FF0807302
:10B208004FF44022C4E902534FF48013C4E90423E5
:10B218004FF00123A36120464FF48073A38302F00B
:10B228008DFA06A92046CDE90B55CDE90655CDE99D
:10B2380008550D960A950E9602F000FB204602F07E
:10B2480075FB3946204602F0ADFC4FF40441204618
:10B2580002F0A8FC2A463146142002F025FE1420EC
:10B2680002F05EFE2A463146162002F01DFE162028
:10B2780002F056FE11B0F0BD001002403804002064
:10B2880000640040134B1449DA6930B542F00202F9
:10B29800DA61DB69114C83B003F0020301930025E6
:10B2A8004FF47A73019825613F222046C4E90012C1
:10B2B800C4E9025304F0E2FF2A4602211D2002F0ED
:10B2C800F3FD1D2002F02CFE204603B0BDE83040FF
:10B2D80004F0ECBD0010024000040040C803002048
:10B2E80030B500248BB0CDE90244CDE90444CDE962
:10B2F8000644184B08949A69174D42F400629A6103
:10B308009B696C6103F40063014601932846134B63
:10B31800019A2B60C5E90314C5E9014404F0E0FF74
:10B328006023029300220023CDE9062302A92246C6
:10B338002846CDE903440594089405F045F82146CC
:10B34800284604F081FE2A68536C43F40043536492
:10B358000BB030BD0010024078030020002C0140E3
:10B3680030B500248BB0CDE90244CDE90444CDE9E1
:10B378000644144B0894DA69134D42F00102DA616D
:10B38800DB696C6003F0010301934FF0804240F6E3
:10B39800FF132846C5E9024301992A602C6104F08D
:10B3A8009FFF00236022CDE9022302A922462846F6
:10B3B8000494069405F008F82146284604F044FE53
:10B3C8000BB030BD001002402C030020F0B5002463
:10B3D80089B0CDE90244CDE90444CDE906441A4BCD
:10B3E8001A4D5A6942F080525A615B692C8303F006
:10B3F800805301934FF0A0432B604FF40033012694
:10B4080007466B6028460423019AEE61C5E90443A8
:10B41800C5E9024485F82040AE6285F830406C6387
:10B4280001F0EAFC052302A92846CDE90363CDE92A
:10B4380005440297079401F0BFFF2146284601F012
:10B4480071FF09B0F0BD00BF00100240D801002014
:10B458005AB32DE9F043DFF8588085B081460E468F
:10B468001546322706E02D1BA144ADB21FFA89F913
:10B478002644B5B109F01F04C4F12004A4B2AC42BB
:10B4880028BF2C46CDE90147009602234A46A02151
:10B49800404603F0CBF90028E5D0002005B0BDE810
:10B4A800F083012005B0BDE8F0830120704700BF9C
:10B4B800280200202DE9F0479F4EA04D92B0334658
:10B4C8002A46002102F0EAFA10B112B0BDE8F0876E
:10B4D800044601F09BFB9A4B18602B68B3F5FE6F8E
:10B4E80000F0C680B3F5FF6F6ED0B3F5887F73D0D8
:10B4F800944FB3F5C87F00F03381B3F5D07F00F0E7
:10B50800CB8040F2A112934200F0CC80B3F5D17FFA
:10B5180000F0B48040F2A312934200F0B580B3F576
:10B52800D27F00F0C78040F2A512934200F0C78096
:10B538003A7802F0FF04002A56D0B3F5807FC4D1D0
:10B548002B69082B18BF4FF4807300F0B8833A7842
:10B55800002ABAD17C4C2278182AB6D801A151F811
:10B5680022F000BFBFBB0008EBB70008EBB700082C
:10B57800EBB70008D3B4000859BB0008EBB70008C4
:10B58800EBB7000807BB0008B3BA000869BA00089F
:10B59800D3B40008EBB700086FB900080BB900086E
:10B5A800D3B40008EBB70008D3B40008DFB900082B
:10B5B8009BB90008D3B40008D3B40008D3B400087A
:10B5C800D3B400080BB90008604802F053FA002809
:10B5D80040F066812B6888E75C4802F04BFA002847
:10B5E80040F033812B6883E7B3F5C07F34D12A69F3
:10B5F800012AACD996F80080B8F1070FC24602F1CB
:10B60800FF3228BF4FF0070A924540F230835FFAB5
:10B6180082FA042122464FF090408DF810A002F0E3
:10B6280071FEDFF814910DF1100819F8010FFFF7FA
:10B63800D1F80134E4B2544508F8010FF5D34FF0BE
:10B6480090400122042102F05DFE404802F012FA07
:10B65800002840F01A832B68B3F5C17F00F0BA8048
:10B66800B3F5C97F33D0B3F5807F7FF470AF67E758
:10B678002A69042A00F0B082324F59E72B691BB1BE
:10B6880033780C2B40F2DE80304802F0F3F90028C2
:10B6980040F0A7822B6842E72B691BB13378042B53
:10B6A80040F2CD80294802F0E5F9002840F0CA822E
:10B6B8002B682BE72B6913B1254B32781A70234876
:10B6C80002F0D8F9002840F0A5822B6830E72A69F3
:10B6D800042A7FF43CAF3278E32A7FF438AF7278DB
:10B6E800A52A7FF434AFB278E02A7FF430AF96F819
:10B6F8000380B8F1FF0F7FF42AAF1D2241460AA844
:10B70800FCF722FF0AA91D220020FFF7A1FE002452
:10B71800104B11481C701D222146FCF715FF0F48DD
:10B7280041461D22FCF710FF084802F0A3F9002843
:10B7380040F045842B6896E7140400201C04002080
:10B748003401002086010020A504002038040020D0
:10B758008104002084040020880400206404002060
:10B76800AA4802F087F9002832D0A94AA94B1278D2
:10B778008DF810205A798DF811201A7E8DF8122034
:10B78800DA8802B91A898DF81420120A8DF8132064
:10B798009A7A02B91A7B597B8DF81520DA7A9B4878
:10B7A8000A439A7B8DF8172014BF0123002340F227
:10B7B80091118DF816300A9100230821CDE90C3338
:10B7C8008DF83C300E9102AB04AA0AA902F0DCF80D
:10B7D8002B6892E68D4802F04DF9002874D12B6849
:10B7E8003EE7B3F5907F7FF470AE2B69042B7FF6AC
:10B7F8006CAE894B1B7803F0FF07002B7FF465AE16
:10B8080072B635788548864C05F1FF3CDCF10005B9
:10B818004FF0200145EB0C0502F06EFD2A46A842C8
:10B828004FF020017D4818BF276002F06BFDD6F865
:10B838000130002B40F0BE83236062B645E6794AAA
:10B8480013702FE7784A13701EE7784B784F1A78F1
:10B858003B788DF80820003B18BF0123754A8DF806
:10B8680009306D4B12781B786848003A18BF0122DE
:10B87800003B18BF01238DF80B3040F211138DF8EF
:10B888000A200A9300220423CDE90C220E938DF896
:10B898003C2004AB02AA0AA902F076F82B6828E635
:10B8A800654A664B59488DF83C40CDE9042340F27F
:10B8B800F97208230A920E9304AA6B440AA9CDE9E7
:10B8C8000C4402F061F885E64FF400415C4802F050
:10B8D80013FDA0F10100B0FA80F00023400940F206
:10B8E80083120121CDE90C330A928DF808008DF8F6
:10B8F8003C300E9104AB02AA0AA9444802F044F86D
:10B908006DE7504F3A78002A7FF4DFADB3F5E07F5A
:10B9180000F009832B68B3F5007F7FF4D6AD2B695F
:10B92800022B7FF6D2AD3C4B1B78002B7FF4CDADBC
:10B938002378182B7FF4C9AD3478012C7FF4C5AD7A
:10B94800B6F80130404A5BBA138001F05FF93F490D
:10B958002246086002214FF090403C7012B0BDE8CA
:10B96800F04702F0CFBCB3F5D87F7FF4AEAD2B69BA
:10B97800002B3FF4AAAD284B1B78002B7FF4A5AD14
:10B988003278003A4FF0020118BF01224FF0904080
:10B99800E4E7B3F5F07F7FF498AD2B69022B7FF6CF
:10B9A80094AD1D4B1B78002B7FF48FAD3388284A4C
:10B9B800284C5BBA138001F029F9274AB37811683B
:10B9C800024640F67F40226000FB03F3FF22B3FBF0
:10B9D800F2F34B6379E5B3F5E87F7FF476AD2B6935
:10B9E800002B3FF472AD0C4B1B78002B7FF46DAD30
:10B9F80033781A4A184940F67F4000FB03F3096878
:10BA0800A2FB0323DB094B635FE500BF380400207A
:10BA18008404002088040020060000200004004858
:10BA2800A80100208304002082040020A50400202F
:10BA38008601002085010020000303CC01000101DC
:10BA4800000800487C0100207401002078010020D3
:10BA5800A001002058010020780300208180808008
:10BA6800B3F5B87F00F0A08140F27312934200F062
:10BA78001782B3F5BC7F7FF428AD2B69002B3FF408
:10BA880024ADA94B32781A701B78A84AA84903EB51
:10BA98008300C3EB4023A2FB03230968DB094B6344
:10BAA80001F0B4F8A34A10600FE5B3F5B07F7FF456
:10BAB8000CAD2B69012B7FF608AD9F4B1B7803F06B
:10BAC800FF04002B7FF401AD9C4D33782B7001F0FF
:10BAD8009DF872789A49012A086007D12C7840F6B7
:10BAE8007F4303FB04F4FF23B4FBF3F4954B964820
:10BAF8001B68511E4A424A415C6340212EE7B3F558
:10BB0800A87F7FF4E2AC2B69022B7FF6DEACB6F897
:10BB180001308E4A8E49307810705BBA0B801378EA
:10BB2800012BD9B200F028821378022B00F028826A
:10BB38000023884A194603EB430410190133082BE4
:10BB4800115541708170F6D1834B01221A70BCE403
:10BB5800B3F5A07F7FF4B9AC2B69012B7FF6B5ACA8
:10BB6800754B1B78002B7FF4B0AC7C4C337823707A
:10BB780001F04CF872787A4D561E724272411021CB
:10BB880028604FF0904002F0BDFB6E4A237812689F
:10BB98006D4840F67F4101FB03F3FF21B3FBF1F34E
:10BBA8005363237803EA0102002B00F0008201228C
:10BBB8004FF40071D2E6B3F5987F7FF486AC2B6919
:10BBC800012B7FF682AC3388664A5BBA138001F09A
:10BBD8001DF8654B186078E43278B02A69D0634F55
:10BBE800A1E4634B634A1B7812788DF8093040F260
:10BBF800A3138DF808200A9300220223CDE90C2212
:10BC08000E938DF83C2004AB02AA0AA95A4801F009
:10BC1800BBFE3FE5594B58481B788DF8093040F278
:10BC2800A513002203210A930223CDE90C228DF8E3
:10BC380008100E938DF83C2004AB02AA0AA901F063
:10BC4800A3FE42E54E4A4C4812788DF8082040F28F
:10BC5800A11100230A910121CDE90C338DF83C3064
:10BC68000E9104AB02AA0AA901F08EFE20E5224635
:10BC780004214FF090408DF810A002F043FBB8F17A
:10BC8800000F7FF4CEACC246D9E40AF1010A40F2B3
:10BC980081125FFA8AF30A920022CDE90C220E93F0
:10BCA8008DF83C2002AB04AA0AA9334801F06CFEC7
:10BCB800D1E47278072A00F0B8802C4F21E4314B88
:10BCC800314A71783078187001245970B1789970B8
:10BCD800147000F09BFF2D4D2D4AF1782D4F3379CC
:10BCE80000F51C501030286011702B4A2B4D147031
:10BCF8003B702B4C73792B702A4AB37923701278D6
:10BD0800F379082A00F0E580124A002B40F0FA8007
:10BD1800194603EB430410190133082B11554170E0
:10BD28008170F6D110E700BF680100208180808013
:10BD38002C0300205C010020060000208401002064
:10BD480080010020780300200004004850010020F2
:10BD58004E010020AC010020440100209C0100207D
:10BD680070010020A0010020580100208601002059
:10BD7800820400200C0000203804002081040020E8
:10BD880083040020C4010020300100202C01002081
:10BD98004501002043010020460100204201002007
:10BDA80041010020A50400202B69052B7FF68DABEF
:10BDB80033888F4A5BBA138000F028FF8D498E4A7A
:10BDC8000860137803F0FF07002B7FF47EAB72B690
:10BDD800B5788A488A4C6B1E5D424FF020015D4160
:10BDE80002F08AFA2A46A8424FF02001834818BF79
:10BDF800276002F087FA3379F17872791B0243EAF7
:10BE0800014313433FF418AD7E4A7F4E002513606B
:10BE18007A4823602A460821357002F073FA774879
:10BE28002A46402102F06EFA07E5B2781D2A7FF40F
:10BE380044AFF2785A2A7FF440AF744A744B1268C0
:10BE48001B6854636D485C630122402102F05AFA72
:10BE58006A4822464FF4007102F054FA2246022141
:10BE68004FF0904002F04EFA6A4B1B78092B00F015
:10BE7800B9800023684A0A9302E00A9B01330A93B7
:10BE88000A9B9342F9D9BFF34F8F6449644BCA6840
:10BE980002F4E0621343CB60BFF34F8F00BFFDE7AE
:10BEA8002B69002B3FF411AB5E4B32781A701B786C
:10BEB8005D4A564903EB8300C3EB4023A2FB0323EF
:10BEC8000968DB094B6300F0A1FE584A1060FFF7D0
:10BED800FCBA574B1B78022B7FF436AE72B63A7811
:10BEE8002B782078D5B2DCB2C0B262B6514A0021B4
:10BEF80001EB41030131D554134408295C70987053
:10BF0800F6D121E60021387801EB4103C0B2D054C4
:10BF180028781344C0B2587020780131C0B208297B
:10BF28009870F0D110E62B69022B7FF6CEAA324B1F
:10BF38001B78002B7FF4C9AA23780E2B7FF4C5AA9F
:10BF48003378012B7FF4C1AA2C48082102F0D4F9D8
:10BF5800012880467FF4DEACB6F80130364A5BBA79
:10BF6800138000F053FE35494246086002214FF025
:10BF7800904087F80080F1E4314B1970FFF7A5BABB
:10BF880072B63049304A314B0D7814781878EDB2D2
:10BF9800E4B2C0B262B6274A002101EB4103013185
:10BFA800D554134408295C709870F6D1CCE54FF449
:10BFB8000071D3E4134A144E00251BBA27E740F258
:10BFC800911304930823089302AA01AB04A92048FB
:10BFD8000294CDE906448DF82440039401F0D4FC82
:10BFE800FFF7A8BB05482246402102F08BF940E73D
:10BFF800A001002054010020060000200004004891
:10C00800A801002008000020A401002078030020D7
:10C018002C030020A5040020FFE1040000ED00E04F
:10C028000400FA0590010020818080806C010020C6
:10C0380050010020AC01002074010020780100208C
:10C04800400100204301002042010020410100205E
:10C05800380400202DE9F041404D41488CB0322190
:10C068001D23002204ACCDE90131009402232A707B
:10C07800A02102F0DBFC18B93A4B049A9A4202D08C
:10C088000CB0BDE8F0819DF81430052BF8D10DF106
:10C098000F010DF12B0C11F8013F58400822C0B2D6
:10C0A80043B2002BBCBF5B0083F007034FEA40009C
:10C0B800B8BFD8B202F1FF33A8BFC0B213F0FF0275
:10C0C800EED18C45E7D19DF82C308342D8D101239D
:10C0D8002B70274694460FCC234EDFF8A4E0DFF8F8
:10C0E800A480224D0FC694E80F0007C633700FCF07
:10C0F800AEE80F0094E80F00AEE807008EF80030B5
:10C108009DF820209DF8213088F800209DF8230014
:10C1180088F801309DF824109DF822309DF82520DC
:10C1280088F802300CEB4C030CF1010CE8542B445A
:10C13800BCF1080F59709A70F4D10D480D4A9DF85A
:10C14800274004700C490D4B9DF8294014709DF848
:10C158002A009DF82B2008701A7091E784040020AB
:10C16800280200204354525588040020AC010020C6
:10C17800470100208304002082040020810400205D
:10C1880064040020C401002070B58CB01D22002179
:10C1980004A8FCF7D9F972B6744C7549227823784B
:10C1A800049105208DF814008DF81520002B40F01F
:10C1B8009D80704B1B889BB22278ADF816300A2AF6
:10C1C80004BF6C4B1B8822780CBF9BB20023052A46
:10C1D800ADF8183004BF684B1B7822780CBFDBB26F
:10C1E8000023052A8DF81A3000F0B4800023227845
:10C1F8008DF81B30092A04BF604B1B7822780CBFCE
:10C20800DBB20023092A8DF81C3000F09980002346
:10C2180022788DF81D300A2A04BF594B1B782278E2
:10C228000CBFDBB200230A2A8DF81E3008BF554B1D
:10C23800554A08BF1978554B147850788DF8210065
:10C248000CBFC9B200218DF81F1091781A788DF8AB
:10C25800221058788DF8232099781A788DF8204084
:10C268008DF824008DF8251012B95A78002A3FD08D
:10C278000123474A8DF8263012788DF82720454843
:10C288004549464A464B0078097812781B788DF85C
:10C2980028008DF829108DF82A208DF82B3062B6E9
:10C2A80000200DF10F020DF12B0112F8013F0824B7
:10C2B800584043B2002BBCBF5B0083F007034FEA32
:10C2C8004000B8BFD8B204F1FF33A8BFC0B213F022
:10C2D800FF04EED18A42E8D18DF82C0031491C22A6
:10C2E80004A8FCF71DFA40B90CB070BD002363E741
:10C2F8009B78003B18BF0123BBE72B4E00F086FC60
:10C30800336840F6B732C31A93420546ECD9322255
:10C318001D23CDE9013204AB0093244802232246B1
:10C32800A02102F083FA0028DED104AC0FCC3560DE
:10C338001C4D0FC594E80F0007C52B700CB070BDDD
:10C348001B48402101F0D8FFA0F10103B3FA83F3A1
:10C358005B095DE710214FF0904001F0CDFFA0F19F
:10C368000103B3FA83F35B0941E700BFA50400208A
:10C3780043545255A00100209C0100208401002054
:10C388009001002068010020C4010020AC010020B9
:10C398004701002086010020830400208204002039
:10C3A800810400206404002060040020280200208A
:10C3B80000040048000000002DE9F04F2DED028B2D
:10C3C800A34BA44AA44C9A60CDB000F001FCFEF740
:10C3D80077FDFEF7A9FDFCF789FCFEF76DFBFEF77C
:10C3E80017FEFEF7E9FEFEF74DFFFCF71FFCFCF712
:10C3F8004FFC227800230321CDE9073305930993E5
:10C4080006917AB12378042B02D023780A2B09D11C
:10C4180001239248059305A901F076FE0B20FEF74B
:10C42800D5FF09E001254FF0904005A9059501F0D9
:10C438006BFE2846FEF7CAFF23780A2B00F06283BA
:10C448002378052B08D02378092B05D02378122BC5
:10C4580002D02378132B03D140F67F40FEF740FF2C
:10C468000AAB01932AAB2DAD039323780B2B00F075
:10C478003A832378012B20D02378022B1DD02378F0
:10C48800032B1AD02378062B17D02378072B14D028
:10C4980023780A2B11D023780C2B0ED02378102B5D
:10C4A8000BD00023CDE92D332B93082201236B48B1
:10C4B80003992A922C9301F027FE6949DFF8B48189
:10C4C800684F0323C8E90013404640F2E733C8F831
:10C4D80008304FF0000B02F049FCFCF729FCFFF78D
:10C4E800B9FDFEF7BBF9FCF761FB0020FDF7BAF9CF
:10C4F800DA465D46DDF80CB005E06420013500F051
:10C508008BFB322D2AD0404602F05EFC1DB16A0733
:10C51800EBB200F0BF80FEF709FAFEF731FAFEF73A
:10C528007DFAFEF759FA23780A2B05D14E4B1B8862
:10C538009BB2002B40F0E580237813B12378132BAE
:10C5480001D1FCF74FF923780A2BD6D1FCF7FCF977
:10C558000135642000F060FB322DD4D1434B002517
:10C568001D70E8B20135FCF7B9FD082DF9D19FED32
:10C57800368B0026DFF814B13D4DDFF814A1B14623
:10C58800B04637463B4802F01FFC9BF80030002BB2
:10C5980053D100F03BFB384B1B78002BA0EB070076
:10C5A8000CBF4FF4FA736423984280F0C08100F006
:10C5B8002DFBA0EB0900132800F2808100F026FB78
:10C5C800801BB0F5FA7F80F0738100F01FFBA0EBB1
:10C5D8000800952800F2E280284B1B78002B40F0D9
:10C5E800DA80FDF7F7FE264B1B78002B40F0CA8057
:10C5F8002378082B00F094809AF80030002BC1D0E3
:10C6080000F004FB1F4B1B68C01A0028BADB00228D
:10C618008AF80020114602EB42030132E9542B4408
:10C62800082A59709970F6D1FDF76AFF114802F08F
:10C63800CBFB9BF80030002BABD0002312488BF8C3
:10C64800003001F073F9A4E70000000000000000CA
:10C6580000ED00E000800008A50400200004004868
:10C668000030004005000020A00100200600002046
:10C67800AC010020C80100208601002046010020EE
:10C6880044010020480100203804002085010020D2
:10C698004C010020AC4A0295C3F3C10303EB8303AA
:10C6A800019D02EBC319B226494680222846FBF7B2
:10C6B8009DFF3B7804215846DBB14FF48053ADF819
:10C6C800AA308DF8A8A08DF8A960FCF751FA97F860
:10C6D80000C04023802229460DF1A900BCF1000FBB
:10C6E80007D08DF8A830FBF781FF81215846FCF769
:10C6F8003FFA0136F6B2B72E09F18009D4D1029D6E
:10C7080009E700F083FA914B1B68C01AFA287FF6F4
:10C7180013AF8F4B8F4AA3F800A0012313700BE7C8
:10C728008D4B1B78002B3FF467AF8B4B00221A70A0
:10C738008A4B198889B2012938BF0121B1F5FA7FDE
:10C7480028BF4FF4FA71864B187802EB4203C0B247
:10C75800E854844800782B44C0B258708248007866
:10C768000132C0B2082A9870EDD10291FDF7C8FED7
:10C7780000F04CFA02997D4B0144196001238AF8B4
:10C78800003039E7FDF77EFE10B1794A00231370B7
:10C79800FDF7B6FE2CE7FDF70BF922E700F036FAB5
:10C7A8002378042B804600F01881FEF799F8237847
:10C7B800052B11D172B66F4900220B680A6062B668
:10C7C8006D494FF4C87202FB03F30B600A6842F22A
:10C7D8000F739A4288BF0B6023780A2B10D172B668
:10C7E800664900220B680A6062B66549C82202FBE6
:10C7F80003F30B600A6842F20F739A4288BF0B601A
:10C8080023780A2B10D172B65E4900220B680A60A1
:10C8180062B65D49C82202FB03F30B600A6842F264
:10C828000F739A4288BF0B60584A13780133DBB202
:10C83800022B07D9564A1378013303F00303137008
:10C84800524A00231370FDF725F9237800228DED55
:10C858002C8B8DF8BC20002B00F0A68023780A2BA7
:10C8680000F0CC802378042B00F001812378052B7D
:10C8780000F00D812378092B00F020812378082B04
:10C888007FF4AAAE434B1B788DF8103040F2551355
:10C898002A93414801232E9301F0ECF800283FF435
:10C8A8009BAE019B03993C4804AA01F06DF893E6FE
:10C8B80000F0ACF90646FFF767FC86E600F0A6F93B
:10C8C8002378814613B12378132B01D1FBF78AFF14
:10C8D80023780A2B35D0FEF729F8FEF751F8FEF732
:10C8E8009DF8FEF7C1F8FEF777F823780A2B04D1F4
:10C8F800174B1B889BB2002B72D1284B1B78002B3F
:10C908003FF45CAE00F082F9254B1B68C01A254B3A
:10C918001B889BB29842FFF451AE002202214FF0CF
:10C92800904001F0EFFC1D4A0023137046E600F02A
:10C938006DF94FF4004107464FF0904001F0E8FCD4
:10C9480035E6FCF701F8C6E7740901085401002030
:10C95800A001002086010020400100204E01002097
:10C96800430100204201002041010020480100202D
:10C978004401002098010020940100208C0100202F
:10C98800880100206401002060010020340000209C
:10C998002901002038010020380400207C010020F3
:10C9A80078010020740100206A4A1388C3F3072322
:10C9B8008DF8103013888DF81130674B1B788DF87F
:10C9C800123040F235132A93644803232E9301F062
:10C9D80051F800283FF400AE63E7FCF781F8E4E67D
:10C9E80000F014F95E4B1B68C01AFA2885D95D4A15
:10C9F800002313805C4A012313707EE7554A574889
:10CA08001388C3F307238DF8103013888DF811307D
:10CA180040F275132A9302232E9301F02BF8002875
:10CA28005AD1524A4D4813681B0A8DF810301368C2
:10CA38008DF8113040F277132A9302232E9301F0D8
:10CA480019F8002841D14A4A444813681B0A8DF84E
:10CA5800103013688DF8113040F279132A930223AD
:10CA68002E9301F007F800283FF4B6AD19E7414AC4
:10CA78001388C3F307238DF8103013888DF811300D
:10CA88003D4B1B788DF8123040F245139BE740F27E
:10CA980047132A9303232E9372B6384B1B6862B64A
:10CAA8005BBAADF810302C4B2C481B788DF812303F
:10CAB80000F0E0FF00283FF48FADF2E6264B1B782C
:10CAC8008DF8103040F26513E2E6019B0399234884
:10CAD80004AA00F059FFB6E7019B03991F4804AA6E
:10CAE80000F052FF9DE700232D9308226B604FF45E
:10CAF8000413CDE92A232248039901232C9301F03A
:10CB080003FBDAE440F6FF10FEF7EAFB0AA9002669
:10CB1800202202238E600127CDE90A234FF090409E
:10CB280003232DADCDE90D37019101F0EDFAFEF7A4
:10CB380017FC2AAB2D9603936E60194640224FF4DA
:10CB480004134FF09040CDE92A232C9701F0DCFA2A
:10CB58008BE400BFA2010020380100203804002027
:10CB680054010020A0010020860100208801002037
:10CB7800600100209E0100209D01002094010020FA
:10CB880000040048704700BF38B50E4A0E4B1278B3
:10CB9800054618684FF47A73B3FBF2F3B0FBF3F071
:10CBA80001F0CCF908B90F2D01D9012038BD044690
:10CBB800024629464FF0FF3001F076F9034B204634
:10CBC8001D6038BD0D00002000000020100000206E
:10CBD800074A08B5136843F010031360032001F0F7
:10CBE80051F90F20FFF7D0FFFFF7CCFF002008BD59
:10CBF80000200240034A044B11681B780B44136061
:10CC0800704700BFA80400200D000020014B1868E1
:10CC1800704700BFA804002038B50446FFF7F6FFA8
:10CC2800631C054602D0044B1B781C44FFF7EEFF3B
:10CC3800401BA042FAD338BD0D000020704700BF4A
:10CC4800026838B5936803F00303012B01D0002074
:10CC580038BD1368DC07FAD5936803F00D03012B80
:10CC6800044609D0236C43F010032364636C43F03B
:10CC780001036364012038BD9368032143F0020374
:10CC880093601160FFF7C2FF23689B68D9070546C8
:10CC9800DDD5FFF7BBFF401B0228236802D99A683D
:10CCA800D207DFD49B68DB07F3D4D0E703689A6820
:10CCB80012F00C0F01D100207047DA6870B59501A9
:10CCC800044604D5008B40F20112904234D060290A
:10CCD8009A6844D0500706D59A68920703D49A6890
:10CCE80042F010029A600C2935D09A68100706D5D0
:10CCF8009A68920703D49A6842F020029A606C29D5
:10CD080029D10C25FFF782FF236806469B681D4240
:10CD180023D0FFF77BFF831B0B2B2368F6D99A6878
:10CD28002A42F3D0236C43F010032364636C43F06E
:10CD380001036364012070BD1A68500606D4124AC4
:10CD480001E0013AEED019684906FAD540221A6086
:10CD58009A6856070FD40425D4E7002070BD16073B
:10CD680001D40825CEE79A689507FAD49A6842F064
:10CD780020029A60F5E79A689507ECD49A6842F021
:10CD880010029A60E7E700BF00940900026838B50E
:10CD9800936803F00303012B044626D09168154BD2
:10CDA800194209D0236C43F010032364636C43F0E9
:10CDB80001036364012038BD936843F00103936065
:10CDC800FFF724FF236805461B68D9070BD4FFF734
:10CDD8001DFF431B022B2368F6D91A68D207E1D539
:10CDE8001B68D907F3D5002038BD1368D807D5D5F7
:10CDF8000020F9E73F00008030B597B00023019389
:10CE0800D0B1036C13F01003044618D1056C002D43
:10CE180000F0998002689168CD0040F182809168A5
:10CE280088007ED4216CC90600D463B1236C23F03A
:10CE3800120343F010032364012017B030BD036CC4
:10CE4800DA06F3D4026893685B07EFD4236C23F403
:10CE5800817343F00203B2F1A04F2364814B00F0C9
:10CE6800DE809A4200F0E28003F540739A4277D060
:10CE78007D498A4200F0EC80936803F00303012B9C
:10CE880000F0E88079488368616823F440330B43F5
:10CE98008360D4E902130B43616B607E013918BFCC
:10CEA800012143EA403343EA013394F82010012971
:10CEB80000F09980A16A01290CD06D48824200F0E7
:10CEC800A28000F58070824200F09D80E06A1843DD
:10CED80040EA0103916811F00C0F0CD1D16821F4DC
:10CEE800804121F00201D16094F83010207E490081
:10CEF80041EA80310B43D0685E49014020691943FB
:10CF08000128D16077D0136B23F00F03136300203F
:10CF18006064236C23F0030343F00103236417B018
:10CF280030BD236C23F0120343F010032364636CB9
:10CF380043F001036364236C236C23F0120343F072
:10CF48001003236478E7C0E91255456480F83C5023
:10CF5800FFF774FE22689368DB0012D52B465AE768
:10CF6800414B42489168029301F00301012958D0CE
:10CF7800996801F00301012985D11B68DD0788D470
:10CF880081E72046FFF75CFE226C12F0100F034683
:10CF980022687FF440AF00287FF43DAF216C364D06
:10CFA80021F4885121F0020141F0020121649068C6
:10CFB800296820F040509060906840F08050906060
:10CFC8002E48A0FB0101890C01EB81014900019168
:10CFD800019900293FF41FAF019901390191019985
:10CFE8000029F9D117E728BB616A013943EA4141B1
:10CFF80041F480335EE7116BE36921F00F01013BD7
:10D008000B43136383E7B1F5307F1ED0B1F5807F02
:10D0180025D0B1F5E07F08BF4FF4807156E7184876
:10D02800A0E71168C9073FF534AFA1E714484FF0EE
:10D03800A04397E7216C21F0220141F020012164EF
:10D04800616C41F00101616434E74FF4E0713DE740
:10D05800064887E71368DB073FF51BAF12E74FF475
:10D06800307133E700010050000500500007005000
:10D078000004005007C0F0FF0000002083DE1B43BF
:10D088000003005038B503689D6815F004052BD1DE
:10D0980090F83C30012B044626D0012380F83C3020
:10D0A800FFF774FEE8B9226C236822F4706222F05C
:10D0B800010242F48072B3F1A04F226416D0354ABF
:10D0C80093425DD0344A9268D10611D033498B42DD
:10D0D8000ED0226C42F480122264CA68920114D5E0
:10D0E8000DE084F83C5038BD022038BD2C4A9268C7
:10D0F800226C22F480122264DA68950105D5226C2C
:10D1080022F4405242F480522264226C12F480527B
:10D118001CBF626C22F00602626400211C22B3F17B
:10D12800A04F84F83C101A6018D01A4A934215D0C0
:10D13800194A9168C9060CD0916801F01F010529A8
:10D1480007D0926802F01F02092A02D0134A9342BC
:10D15800C9D19A6842F004029A6038BD104A9168B1
:10D16800CC06F6D0916801F01F010529F1D092682C
:10D1780002F01F02092AECD0B3F1A04FE9D038BD64
:10D1880002F500729268D506B2D0226C4FF0A04129
:10D19800A0E700BF00010050000700500004005045
:10D1A8000003005090F83C30012B1DD0012310B52E
:10D1B8006C2180F83C300446FFF778FD18B1002355
:10D1C80084F83C3010BD2046FFF73AFD0028F6D120
:10D1D800236C23F4885323F0010343F001032364F1
:10D1E800002384F83C3010BD022070472DE9F0413F
:10D1F80044690368082C05460E460FD0B3F1A04FCA
:10D208005CD04248424A4349834218BF0A46916863
:10D21800CC063AD1DA68D0073BD40C24B3F1A04F3E
:10D2280049D03A4A934250D03A4A9268D20647D1F6
:10D23800DF68FFF7EBFC2A6880461368234204D1B5
:10D24800731C16D113682342FCD02B6C43F4007373
:10D258002B64D36807F4005103F440630B4302D1F5
:10D268001368180739D47B0400D414600020BDE883
:10D27800F081C6B913682340DFD12A6C85F83C30A9
:10D2880042F004022A640320F1E7926812F4404F46
:10D29800C3D02B6C43F020032B64002385F83C306B
:10D2A8000120BDE8F081FFF7B1FCA0EB0800B04217
:10D2B8002A68C2D9DEE7164A9268B9E7144AA6E78F
:10D2C800154A9342B4D0D768B3E702F50072926862
:10D2D800D106ADD04FF0A042F5E7936813F0040FE4
:10D2E8002B6C0AD123F480732B642B6CD904BAD429
:10D2F8002B6C43F001032B64B5E743F020032B6448
:10D308006B6C43F001036B64ADE700BF0001005094
:10D318000003005000070050000400500368186C18
:10D32800704700BFF8B590F83C30012B40D001277A
:10D3380080F83C7004460D46FFF782FC064600283C
:10D3480031D1236827649A68BD4222F080429A60EE
:10D3580003D19A6842F080429A609A6842F000428B
:10D368009A60FFF753FC236805469B68002B14DA84
:10D37800FFF74CFC431B0A2B2368F6D99A68002A4E
:10D38800F3DA236C002223F0120343F01003012682
:10D3980084F83C2023643046F8BD236C23F0030353
:10D3A80043F001032364002384F83C303046F8BD81
:10D3B80002263046F8BD00BF70B490F83C2097B004
:10D3C8000346012A4FF00000019000F0EA80012096
:10D3D8001A6883F83C00906840073ED44D680C6892
:10D3E80005EB4500042D4FEA400000F28D80156BD7
:10D3F8004FF01F0C0CFA00FC25EA0C0504FA00F0AB
:10D4080028431063906810F00C0F3AD1092C8868F3
:10D4180004EB440500F2888056694FF0070CA840D9
:10D428000CFA05F526EA050528435061D0680D6910
:10D438004E69C0F3C1004000013D86404FEA846C4C
:10D44800032D00F23F81DFE815F013000F010501FD
:10D45800FB001568ED0740F18D801A6C42F0200240
:10D468001A640120002283F83C2017B070BC704772
:10D47800156EA648284040EA0C00304340F00040B2
:10D488001066906800F00300012800F08580CD68E0
:10D498000120012D00FA04F000F08780D2F8B010C6
:10D4A80021EA0001C2F8B010B2F1A04F00F0998053
:10D4B80097498A424FD0102C00F09C809549112C36
:10D4C80040F089808868C5011CD4B2F1A04F90480B
:10D4D80049D0824245D09048824200F0F1808F4D79
:10D4E800AA4240D0906800F00300012848D1126891
:10D4F800D207B2D4102C05D0112C03D08A6842F47C
:10D5080080028A600020ADE7092D19D90E2D00F29E
:10D518008C80956B3C381F26864025EA060504FA60
:10D5280000F0284390636DE796691E3D4FF0070CA5
:10D53800A8400CFA05F526EA05052843906175E729
:10D54800556B1E381F26864025EA060504FA00F0AA
:10D558002843506356E7102C7149B0D188680002FF
:10D56800D0D44FF0A0409568029005F00305012D36
:10D578003FF46FAF856805F00305012D00F09B802F
:10D58800102C7BD0112CB9D1B2F1A04FBAD18A6836
:10D5980042F080728A60B5E71068C6077FF577AFFA
:10D5A800B0E7022017B070BC70478D68D2F8B01091
:10D5B800092C41EA0001C2F8B01021D904EB44005B
:10D5C80091691B380726854006FA00F021EA000118
:10D5D8002943916168E7122C94D18868400291D45C
:10D5E80073E7102C4E497FF46AAF8868050289D426
:10D5F8004748B8E74749886806027FF56CAF81E776
:10D60800601C516900EB40000726854006FA00F0CF
:10D6180021EA00012943B2F1A04F51613FF472AFF2
:10D628003B498A427FF44AAF6CE7D56B5A381F26CC
:10D63800864025EA060504FA00F02843D063E1E6AF
:10D64800D56E3248284040EA0C00304340F0004094
:10D65800D06616E7956E2D48284040EA0C00304306
:10D6680040F0004090660CE7556E2848284040EA94
:10D678000C00304340F00040506602E7B2F1A04F82
:10D688007FF440AF274A284C12688868A4FB0242FE
:10D69800920C02EB8202520040F400008860019272
:10D6A800019A002A3FF42EAF019A013A0192019A99
:10D6B800002AF9D126E70068C6073FF5CEAE5FE736
:10D6C800164850E7106E00F0F840604514D0506ED0
:10D6D80000F0F840604514D0906E00F0F8406045C6
:10D6E80024D0D06E00F0F84060457FF4CAAED06E0A
:10D6F80020F00040D066C4E6106E20F000401066AE
:10D70800E5E7506E20F000405066E5E700F0FF8343
:10D7180000010050000700500004005000050050B0
:10D72800000300500000002083DE1B43906E20F0B1
:10D7380000409066D5E700BF704700BF00287BD047
:10D7480038B590F820300446002B72D02268136850
:10D7580043F001031360FFF759FA054604E0FFF7A9
:10D7680055FA401B0A285BD823685A68D107F6D5B2
:10D778001A6822F002021A60FFF748FA054604E028
:10D78800FFF744FA401B0A284AD823685A689207C8
:10D79800F6D4227E012A1A680CBF42F0800222F0D9
:10D7A80080021A60627E012A1A680CBF42F04002A9
:10D7B80022F040021A60A27E012A1A680CBF42F0C9
:10D7C800200222F020021A60E27E012A1A680CBFA9
:10D7D80022F0100242F010021A60227F012A1A6811
:10D7E8000CBF42F0080222F008021A60627F012A88
:10D7F8001A680CBF42F0040222F004021A60D4E94D
:10D808000220216902430A436069616802430139C1
:10D818000A4300200121DA61606284F8201038BDD3
:10D82800636A052243F40033636284F820200120F0
:10D8380038BDFFF781FF89E70120704770B490F881
:10D8480020200468013A012A07D9426A034642F4B3
:10D858008022012070BC5A627047D4F800324A69AD
:10D86800CD6943F00103C4F8003202F01F00012320
:10D878008340D4F81C0220EA0300C4F81C02D843F1
:10D88800002D3DD1D4F80C52CE680540C4F80C5296
:10D898008D8804EBC20245EA0645C2F840528E68FC
:10D8A8000D8845EA0645C2F844528A6912BBD4F885
:10D8B80004220240C4F804220A69AAB9D4F814223E
:10D8C8001040C4F814020A6A012A04D1D4F81C22B0
:10D8D8001343C4F81C32D4F8003223F001030020AB
:10D8E800C4F8003270BC7047D4F814221A43C4F844
:10D8F8001422E8E7D4F804221A43C4F80422DBE728
:10D90800012DD2D1D4F80C520E681D43C4F80C5224
:10D918008D8804EBC20245EA0645C2F840528E687B
:10D928008D8945EA0645C2F84452BEE738B590F8F5
:10D938002030012B044605D0436A43F40023436298
:10D94800012038BD0268022380F82030136823F0D4
:10D9580001031360FFF75AF9054604E0FFF756F98B
:10D96800431B0A2B07D823685B6813F00103F5D122
:10D978006362184638BD636A052243F40033636264
:10D9880084F82020DCE700BF30B490F820C0056898
:10D998000CF1FF3CBCF1010FAC6839D814F0E05F22
:10D9A80006D1436A43F400134362012030BC704738
:10D9B800C4F301640120A04018608B686BB3C86889
:10D9C8000343486843EAC00304F1180000012B50E0
:10D9D80005EB041C0B69CCF884310B7D012B4FEA55
:10D9E800041105D1DCF8843143F48073CCF8843118
:10D9F8006B185168C3F88C111268C3F88821DCF8D9
:10DA0800803143F00103002030BCCCF880317047EE
:10DA1800436A43F480234362C7E7CB68086843EA54
:10DA2800405004F118031B01E850D1E790F820207A
:10DA3800013A012A034605D9426A42F480220120AC
:10DA48005A627047CA0704D50068826842F08002AB
:10DA58008260880704D51868826842F400428260B0
:10DA68004A0704D51A68936843F4000393600020BA
:10DA7800704700BF90F82030013B012B01D90020EE
:10DA88007047036898689A689B681201C0F38060C1
:10DA980048BF0130DB00F3D50130704790F820C053
:10DAA8000CF1FF3CBCF1010F6BD870B5046841B9AB
:10DAB800E568AD0708D1436A43F4001343620120C7
:10DAC80070BD2569AE07F6D004EB011C4FEA011EB4
:10DAD800DCF8B05105F004059560002D57D0DCF84E
:10DAE800B051ED085560DCF8B05105F00205D5607D
:10DAF800DCF8B4512D0758BFDCF8B451DCF8B46138
:10DB080054BF05F00F05082515617444DCF8B451BD
:10DB1800C6F3072696612D0CD4F8B86155611E70BE
:10DB280002687244D2F8B821120A5A700268724424
:10DB3800D2F8B821120C9A7002687244D2F8B8214F
:10DB4800120EDA7002687244D2F8BC211A710268A7
:10DB58007244D2F8BC21120A5A7102687244D2F88F
:10DB6800BC21120C9A7102687244D2F8BC21120EC0
:10DB7800DA71026881B9D36843F02003D3600020CA
:10DB880070BD436A43F48023436201207047DCF888
:10DB9800B0516D0D1560A6E7136943F020031361BA
:10DBA800EDE700BF90F82020013A012A034605D985
:10DBB800426A42F4802201205A627047026853691F
:10DBC8000B43002053617047704700BF704700BF88
:10DBD800704700BF704700BF704700BF704700BF65
:10DBE800704700BF704700BF704700BF704700BF55
:10DBF800704700BF2DE9F84F03685C69D3F80480CB
:10DC08009F68D3F80CB0D3F81090D3F818A014F08C
:10DC1800010605461FD0F90700F19B800026F9058B
:10DC28000BD52B684FF480729A60BA0500F1DE803C
:10DC38007B0540F1D18046F40056F9030BD52B68DB
:10DC48004FF480329A60BA0300F1D4807B0340F12C
:10DC5800C88046F40046210702D51BF0100F72D188
:10DC6800620702D51BF0080F7ED1A30704D52B68E5
:10DC7800DB689F0740F09880600602D519F0100F06
:10DC88005BD1A10602D519F0080F74D1E20603D5BD
:10DC98002B681B699B077CD1A70302D518F0100FCE
:10DCA8007BD1E00302D518F0080F6BD1210440D5D1
:10DCB80018F0040F2B683AD0E20544BF0AF00102BD
:10DCC8001643A70574D4610504F400622BD51AF035
:10DCD800040F28D046F00406002A77D01AF0700AFC
:10DCE80074D0BAF1400F00F0A88000F28780BAF132
:10DCF800200F00F0BD80BAF1300F00F0B080BAF10B
:10DD0800100F40F095809A69042122F070029A6100
:10DD180046F0080659606B6A334328466B62FDF784
:10DD280049F8BDE8F88F12B11AF0700AD9D1042267
:10DD38005A60002EEFD1BDE8F88F2B68102246F408
:10DD480080661A619DE72B68102246F40076DA6037
:10DD580086E701229A60BA0735D47B0739D43E0793
:10DD68005BD54FF480565AE72B680822DA602846BC
:10DD7800FFF736FF79E72B6808221A612846FFF774
:10DD880033FF83E72B6808225A602846FFF730FFE5
:10DD98008CE72846FFF726FF7EE72B6810225A609B
:10DDA8002846FFF723FF7CE72846FDF783FB63E758
:10DDB8001AF0020F87D0600546F0020604F40062EC
:10DDC80085D41AB18AE7FFF7FFFE27E704225A60D5
:10DDD800A1E74FF4006622E7380525D546F48046CA
:10DDE8002BE738031CD546F4803634E72846FFF77E
:10DDF800EDFE22E72846FFF7EBFE2CE7BAF1500FBD
:10DE080024D0BAF1600F13D19A69042122F070026C
:10DE18009A6146F4807659607DE7FFF7DBFEFDE600
:10DE28002846FFF7DBFE16E72846FFF7D5FE04E78E
:10DE38009A6922F070029A6179E79A69042122F0BE
:10DE480070029A6146F04006596064E79A690421B5
:10DE580022F070029A6146F0800659605BE79A6981
:10DE6800042122F070029A6146F02006596052E7B8
:10DE78009A69042122F070029A6146F010065960EE
:10DE880049E700BF0749CA6803024FF6FF0003F4D9
:10DE9800E0630240134343F0BF6343F40033CB60B5
:10DEA800704700BF00ED00E01B4BDB68C3F30223A3
:10DEB80000B5C3F1070EBEF1040F03F1040C28BF2F
:10DEC8004FF0040EBCF1060F1CD9A3F1030C4FF060
:10DED800FF3303FA0CF322EA03024FF0FF3303FA8D
:10DEE8000EF321EA030303FA0CF313431B01002882
:10DEF800DBB20ADB00F1604000F5614080F80033D6
:10DF08005DF804FB00229446E7E7044A00F00F009E
:10DF1800024413765DF804FB00ED00E0FCEC00E041
:10DF2800002807DB4109044A00F01F000123834051
:10DF380042F82130704700BF00E100E00138B0F13D
:10DF4800807F01D30120704710B44FF0E023074CC5
:10DF580058614FF0F00C84F823C0002207211046C6
:10DF68009A615DF8044B1961704700BF00ED00E04D
:10DF7800002833D0D0E90121034610B4D0E90304C6
:10DF88000A4302435869196822430243D3E9064009
:10DF9800224302430868124C6FF30D100243A1425A
:10DFA8000A6011D90F4A1048104C0A44A0FB02021B
:10DFB800120992004FF4807100201984C3E90F42BE
:10DFC8005DF8044B98637047094A07480A44A0FB68
:10DFD80002021209A4F207449200EBE701207047FD
:10DFE80007040240F8FBFDBFCDCCCCCC00040240B6
:10DFF800F8FFFDBF70B490F82040012C09D090F8CC
:10E0080021C00124A44580F8204005D0002380F8D1
:10E018002030022070BC7047022580F82150046827
:10E02800C66B00258563256825F001052560056C0C
:10E038000CFA05F5756063604368102BC36A0BBF63
:10E04800A260A160E160E26053B1236843F00E036F
:10E058002360236843F001030020236070BC7047ED
:10E06800236843F00A032360236823F00403236032
:10E07800EFE700BF70B4C66B026C31680468042314
:10E0880093400B4225680ED015F0040F0BD0226880
:10E09800920603D4226822F004022260C26A7360E6
:10E0A800CAB170BC1047022393400B4215D015F03B
:10E0B800020F12D02268920606D4226822F00A02C1
:10E0C8002260012280F82120826A7360002180F892
:10E0D8002010002AE5D170BC7047082393400B42FA
:10E0E800F9D02B07F7D52368016B23F00E032360C3
:10E0F800012303FA02F24FF480747260048483638C
:10E108000029E8D070BC08472DE9F04F0C6885B0AD
:10E11800002C00F0828000234FF0010B0BFA03FE65
:10E128001EEA040A75D04D6805F0030C5A00032650
:10E138000CF1FF3806FA02F7B8F1010F6FEA07078A
:10E148006ED9BCF1030F40F0BF800CFA02F2D0F890
:10E1580000C00CEA07073A4315F4403F026058D064
:10E168005F4FBA6942F00102BA61BA6902F001026E
:10E178000392039A23F0030202F1804202F58032EF
:10E1880003F0030C97684FEA8C0C0F2606FA0CFE76
:10E19800B0F1904F27EA0E0717D0524EB04200F068
:10E1A8008580514EB04200F08880DFF844E1704528
:10E1B80075D0DFF840E170450CBF4FF0040E4FF00A
:10E1C800050E0EFA0CFC47EA0C079760474A92685E
:10E1D800EE026FEA0A07454E54BF3A404AEA020285
:10E1E800B260F268AE02414E54BF3A404AEA0202B7
:10E1F800F2607268AE033D4E54BF3A404AEA0202EA
:10E2080072603268ED03394D54BF3A404AEA02025F
:10E218002A60013334FA03F280D105B0BDE8F08FEB
:10E22800D0F80890CE6809EA070906FA02F848EA21
:10E238000908C0F80880D0F804808E6828EA0E081B
:10E24800C5F3001E0EFA03FE4EEA080EC0F804E0FD
:10E25800D0F80C8006FA02FE08EA07084EEA080E13
:10E26800BCF1020FC0F80CE07FF46FAF0E694FEA03
:10E27800D30803F0070E00EB88084FEA8E0E06FA63
:10E288000EF6D8F8209001960F2606FA0EFE019E8B
:10E2980029EA0E0946EA090EC8F820E055E74FF0CA
:10E2A800030E0EFA0CFC47EA0C078EE74FF0010E3E
:10E2B8000EFA0CFC47EA0C0787E74FF0020E0EFA3D
:10E2C8000CFC47EA0C0780E7D0F80C808E6808EA57
:10E2D800070806FA02FE4EEA080EC0F80CE034E71A
:10E2E80000100240000400480008004800040140F3
:10E2F800000C0048001000480369194214BF0120AF
:10E30800002070470AB1816170478162704700BF81
:10E31800436901EA030221EA030141EA02418161FA
:10E32800704700BF044A5169014200D1704708B5DF
:10E338005061FCF799FC08BD00040140F8B503687A
:10E348009C6914F0100C054641D0164610220F4661
:10E35800DA619C6914F0200479D1781C4DD19A694E
:10E368009106FCD52022DA619A6944F0040CD405A0
:10E378004FF001002FD457053AD54FF48061D96189
:10E388004CF0080C960504D54FF400724CF0020CC2
:10E39800DA619A69910744BF00229A629A69D207A2
:10E3A80003D49A6942F001029A615A6829490A40DD
:10E3B8005A606B6C002243EA0C0320216B6485F8D9
:10E3C800402085F8411085F842200120F8BD9A695F
:10E3D800D4056046CFD54FF48071D96151054CF012
:10E3E800010CCFD54FF48061D9614CF0080CC9E716
:10E3F8009405C9D40028CCD1F8BDFEF707FC801BD2
:10E40800B8422B6804D81FB19A699206A5D5A9E726
:10E41800586895F8422099690C04D2B20BD541048A
:10E4280009D4202A07D05A6842F480425A60FEF77D
:10E43800EDFB2B6806469A6992068AD4FEF7E6FB3E
:10E44800831B192B2B68F6D99A6920248CE70024A2
:10E4580088E700BF00E800FE70B5036804460D4673
:10E46800164605E0FFF76AFF00BB6A1C08D123685F
:10E478009B699B07324629462046F3D5002070BD8C
:10E48800FEF7C4FB801BA842236801D8002DEFD1FA
:10E498009A6912F00202EBD1636C84F840202021C3
:10E4A8000B43636484F8411084F84220012070BD56
:10E4B8002DE9F843DDF820901E4605460368884696
:10E4C800174605E0FFF73AFF68BB731C0ED12B68AF
:10E4D8009C6938EA04040CBF01230023BB424A4666
:10E4E80031462846EED00020BDE8F883FEF78EFBC3
:10E4F800A0EB0900B0422B6801D8002EE8D19A6938
:10E5080038EA02020CBF01220022BA42E0D16B6C49
:10E51800002243F0200320216B6485F8402085F811
:10E52800411085F842200120DEE700BF03689B699F
:10E538009B0629D470B505460C4616460DE0FEF735
:10E5480065FB801BA042296800D81CB98B6913F0B1
:10E5580020030DD08B699B0608D4324621462846F5
:10E56800FFF7ECFE0028EAD0012070BD002070BD46
:10E578006A6C85F8403020210A436A64012085F8D6
:10E58800411085F84230F0E700207047704700BF1F
:10E59800002854D010B590F84130044603F0FF022B
:10E5A800002B47D02368242284F841201968626828
:10E5B80021F0010122F0706219601A619A68E1681D
:10E5C80022F4004201299A60A26809D042F4044268
:10E5D80002299A6007D15A6842F400625A6006E03C
:10E5E80042F400429A605A6822F400625A605968FC
:10E5F800226941F0007141F4004159606169D868AD
:10E608000A43A16920F4004042EA0122E169D86086
:10E61800206ADA6001431960196841F00101196044
:10E6280000222023626484F84130226384F8422067
:10E63800104610BD80F84020FFF7A8FFB2E7012080
:10E64800704700BF704700BFB0B10268242310B5FF
:10E6580080F84130136823F0010304461360FFF784
:10E66800F1FF0023636484F8403084F84130236369
:10E6780084F84230184610BD012070472DE9F04754
:10E68800994690F8413082B0202B0A9E40F0908045
:10E6980090F84030012B044600F08A804FF0010AC0
:10E6A80080F840A00F469046FEF7B0FA524605465D
:10E6B800009019234FF400412046FFF7F9FE002887
:10E6C80072D1212384F84130102384F842306064E9
:10E6D800A4F82A90638D2268C4F824809BB2FF2B8B
:10E6E8006063C7F3090767D8638D9BB22385002B46
:10E6F80040F08D8053684A490B403B4343F0007318
:10E7080043F400535360638D9BB22A46314620463A
:10E71800002B38D0FFF7A0FE002845D1616A236896
:10E7280011F8012B9A62638D228D6162013B9BB2C5
:10E738006385638D013A92B29BB22285002BE2D0A9
:10E74800002AE0D18021009533462046FFF7B0FE2D
:10E75800FF2148BB638DDFF8D0C022689BB28B4293
:10E76800604647D95368218503EA0C033B4343F0CD
:10E77800FF7343F480335360638D9BB22A4631465E
:10E788002046002BC6D1FFF7D1FE68B92368254D76
:10E798002021D9615A682A405A6084F8411084F8C7
:10E7A800400084F8420000E0012002B0BDE8F08794
:10E7B800022002B0BDE8F087FF232385FE214FF435
:10E7C8007F034FF0807018F801CBC2F828C021856C
:10E7D800618DDFF84CC0C4F82480013989B26185A5
:10E7E80051683B4301EA0C010B43034343F40053D4
:10E7F800536088E7638D51689BB22385DBB247EA93
:10E80800034301400B4343F0007353607BE7013B34
:10E8180099B24B1CDBB21B044FF00070D3E700BF6A
:10E82800009800FC00E800FE009C00FC2DE9F04F79
:10E83800994690F8413083B0202BBDF834A00E9F44
:10E8480040F0A7800C9B0446002B00F09B80BAF197
:10E85800000F00F0978090F84030012B00F099806D
:10E868004FF0010B80F840B00D469046FEF7CEF908
:10E878005A460646009019234FF400412046FFF7F8
:10E8880017FE002840F081800C9B6362212384F8E6
:10E898004130226862496063402384F842306064F2
:10E8A800A4F82AA053680B405FFA89F143EA0143B0
:10E8B800C5F309052B4343F0807343F400535360B9
:10E8C800394632462046FFF7C7FD002865D1B9F121
:10E8D800010F236865D15FFA88F29A6200963B4679
:10E8E800002280212046FFF7E3FD002855D1638DE3
:10E8F80022689BB2FF2B70D953684A490B402B43BF
:10E9080043F0FF7343F48033FF212185536003E014
:10E91800638D9BB2002B6ED0324639462046FFF7F6
:10E928009BFD002831D1616A236811F8012B9A6296
:10E93800638D228D6162013B9BB26385638D013AD1
:10E9480092B29BB22285002BE2D0002AE0D180212E
:10E9580000963B462046FFF7ABFDFF21A8B9638D23
:10E96800DFF8C0C022689BB28B42604628D9536842
:10E97800218503EA0C032B4343F0FF7343F48033F0
:10E988005360C5E74FF400736364012003B0BDE82A
:10E99800F08F022003B0BDE8F08F002384F84030E8
:10E9A800F3E74FEA18229A62394632462046FFF7C3
:10E9B80053FD0028F1D122685FFA88F393628DE74E
:10E9C800638D51689BB22385DBB245EA034301405E
:10E9D8000B4343F0007353609AE7638D1148516805
:10E9E8009BB22385DBB245EA034301400B4343F066
:10E9F8000073536090E7324639462046FFF796FD8C
:10EA08000028C2D12368084D2021D9615A682A40BC
:10EA18005A6084F8411084F8400084F84200B5E751
:10EA2800009800FC009C00FC00E800FE2DE9F04F77
:10EA3800994690F8413083B0202BBDF834A00E9F42
:10EA480040F0A8800C9B0446002B00F09C80BAF193
:10EA5800000F00F0988090F84030012B00F09A8069
:10EA68004FF0010B80F840B00D469046FEF7CEF807
:10EA78005A460646009019234FF400412046FFF7F6
:10EA880017FD002840F082800C9B6362222384F8E3
:10EA98004130226864496063402384F842306064EE
:10EAA800A4F82AA053680B405FFA89F143EA0143AE
:10EAB800C5F309052B4343F40053536039463246E6
:10EAC8002046FFF7C9FC002868D1B9F1010F236877
:10EAD80068D15FFA88F29A6200963B46002240218C
:10EAE8002046FFF7E5FC002858D1638D22689BB2C9
:10EAF800FF2B73D953684C490B402B4343F0807369
:10EB080043F4923301212185536003E0638D9BB266
:10EB1800002B73D000963B46002204212046FFF7C5
:10EB2800C7FC002832D12268636A526A1A70638D62
:10EB3800228D616A013B9BB26385638D013A92B273
:10EB480001319BB261622285002BDFD0002ADDD122
:10EB5800802100963B462046FFF7AAFC0121A8B970
:10EB6800638DDFF8CCC022689BB2FF2B604628D9A2
:10EB78005368218503EA0C032B4343F0807343F465
:10EB880080335360C2E74FF400736364012003B01D
:10EB9800BDE8F08F022003B0BDE8F08F002384F8B1
:10EBA8004030F3E74FEA18229A6239463246204647
:10EBB800FFF752FC0028F1D122685FFA88F39362CC
:10EBC8008AE7638D51689BB22385DBB245EA03432C
:10EBD80001400B4343F00073536097E7638D12487D
:10EBE80051689BB22385DBB245EA034301400B43DE
:10EBF80043F0007343F4105353608BE732463946B1
:10EC08002046FFF793FC0028C0D12368074D202138
:10EC1800D9615A682A405A6084F8411084F8400043
:10EC280084F84200B3E700BF009800FC00E800FE4B
:10EC3800009C00FC2DE9F04784B0044600200390B6
:10EC480094F84100202867D11746226899469369AD
:10EC580013F4004360D194F8400001285CD0C1F35C
:10EC68000906012184F8401046F00078242184F830
:10EC7800411048F420586364E368012B06BF46F04E
:10EC8800007343F4005343465360FDF7BFFF054646
:10EC980020688369826903F0200302F0100213439D
:10ECA8001CD1B9F1FF3F11D0FDF7B0FF401B48451B
:10ECB80045D8B9F1000F08D141E0B9F1FF3F05D0BF
:10ECC800FDF7A4FF401B484539D82068816983694E
:10ECD80001F0200103F010031943EED0836913F00B
:10ECE800100A1DD100954B46524620212046FFF7B9
:10ECF800DFFB002831D0636C042B04D12368202269
:10ED0800DA61C4F844A0039B01330393039B039B7C
:10ED1800BB4214D22268AFE7022004B0BDE8F087F6
:10ED28001023C361002200954B4620212046FFF79F
:10ED3800BFFB0028E7D123682022DA61E3E720231C
:10ED480084F84130636C43F020036364012000239E
:10ED580084F8403004B0BDE8F08722682023D361EE
:10ED680084F8413084F84000D7E700BF28B338B5AD
:10ED7800D0E90031826804464CF6CC40186045F270
:10ED88005550186059609A60FDF740FF23680546A2
:10ED9800DA6851070AD0FDF739FF401B2728236896
:10EDA800F6D9DA685207F3D0032038BD1969E2684A
:10EDB800914204D01A61002038BD012070474AF6FC
:10EDC800AA221A60F7E700BF03684AF6AA220020C1
:10EDD8001A607047024A136843F4807313607047DF
:10EDE80000700040002800F0BB822DE9F043036862
:10EDF800D90783B004464BD5AC494A6802F00C02E7
:10EE0800042A00F05D814A6802F00C02082A00F02A
:10EE18005381D4E90132B3F5803F15D0002B00F0BF
:10EE28008981B3F5A02F00F03682A04B196821F430
:10EE380080311960196821F480211960D96A21F09C
:10EE48000F010A43DA6209E098490B6843F48033FA
:10EE58000B60CB6A23F00F031343CB62FDF7D6FE9A
:10EE6800924F05464FF40038012605E0FDF7CEFE27
:10EE7800401B642800F25A8198FAA8F33A6898FA75
:10EE8800A8F3B3FA83F306FA03F31342EED0236828
:10EE98009F073FD5854A516811F00C0F00F0CB80D1
:10EEA800516801F00C01082900F0C1802269002A8C
:10EEB80000F09481012595FAA5F3B3FA83F303F1E1
:10EEC800845303F584139B00784F1D60FDF79EFE65
:10EED8004FF00208064605E0FDF798FE801B022861
:10EEE80000F2248198FAA8F33A6898FAA8F3B3FADA
:10EEF80083F305FA03F31342EED03968F82292FA45
:10EF0800A2F26369B2FA82F2934021F0F802134345
:10EF18003B6023681D0729D4580753D5634BDA692A
:10EF2800D10000F1C180DA6942F08052DA61DB6910
:10EF380003F080530193019B01255D4E3368DA0588
:10EF480040F1E480E368012B00F06C81002B00F0B5
:10EF58001781052B554B1A6A00F0A98122F001028E
:10EF68001A621A6A22F004021A6260E1A269002A8F
:10EF780074D0012696FAA6F24E4BDFF83081B2FA29
:10EF880082F213449B0002251E60FDF73FFE0746F0
:10EF980005E0FDF73BFEC01B022800F2C78095FA8A
:10EFA800A5F395FAA5F395FAA5F3D8F8242095FAD0
:10EFB800A5F3B3FA83F306FA03F31342E9D02368FF
:10EFC8005807ABD4E36973B3384D6A6802F00C0292
:10EFD800082A00F04F81022B4FF0807300F06F81F8
:10EFE80093FAA3F3B3FA83F303F1845303F5841379
:10EFF8009B0000221A60FDF709FE4FF000770446D7
:10F00800012605E0FDF702FE001B022800F28E80B3
:10F0180097FAA7F32A6897FAA7F3B3FA83F306FADD
:10F0280003F31342EED1002003B0BDE8F083526829
:10F03800D6033FF53BAF022292FAA2F11B490868BA
:10F0480092FAA2F20121B2FA82F201FA02F2024223
:10F058004BD022698A4248D00120E5E7012797FA78
:10F06800A7F1144BDFF84480B1FA81F10B449B00FF
:10F0780002251A60FDF7CAFD064604E0FDF7C6FD45
:10F08800801B022852D895FAA5F395FAA5F395FAAC
:10F09800A5F3D8F8242095FAA5F3B3FA83F307FA71
:10F0A80003F31342EAD18AE7002546E7001002403D
:10F0B80000700040208190104A68D2037FF5A9AE05
:10F0C8004FF4003292FAA2F1A649086892FAA2F225
:10F0D8000121B2FA82F201FA02F202423FF4D8AEFA
:10F0E8006268002A7FF4D4AEB6E79E4DF8212868FE
:10F0F80091FAA1F16269B1FA81F120F0F8008A4031
:10F1080002432A601D077FF507AF2FE7336843F4F2
:10F1180080733360FDF77AFD07463368DB053FF5FA
:10F1280011AFFDF773FDC01B6428F6D9032003B0A7
:10F13800BDE8F0838B4D2B6823F480332B602B685C
:10F1480023F480232B60EB6A23F00F031343EB6255
:10F15800FDF75CFD4FF400380646012704E0FDF793
:10F1680055FD801B6428E1D898FAA8F32A6898FA14
:10F17800A8F3B3FA83F307FA03F31342EFD186E651
:10F18800784E336A23F001033362336A23F00403B1
:10F198003362FDF73BFD4FF0020907464FF00108C7
:10F1A80006E0FDF733FD41F28833C01B9842BDD815
:10F1B80099FAA9F399FAA9F3326A99FAA9F3B3FA71
:10F1C80083F308FA03F31342EBD1002D3FF4FAAEB0
:10F1D800644AD36923F08053D361F3E6012696FA93
:10F1E800A6F3B3FA83F303F1845303F584139B0066
:10F1F8005C4F1A60FDF70AFD4FF00208054604E06F
:10F20800FDF704FD401B022890D898FAA8F33A6845
:10F2180098FAA8F3B3FA83F306FA03F31342EFD18B
:10F22800236877E64F4A136A43F001031362FDF738
:10F23800EDFCDFF8308106464FF00209012707E0B0
:10F24800FDF7E4FC41F28833801B98423FF66EAF2D
:10F2580099FAA9F399FAA9F3D8F8202099FAA9F309
:10F26800B3FA83F307FA03F31342E9D0002D3FF40E
:10F27800A9AEADE7012B3FF4EFAE6B68226A03F449
:10F28800803191427FF4E8AE606A03F47013181A73
:10F2980018BF0120C8E603F18043A3F53C33196881
:10F2A80041F480211960196841F48031C5E542F0C4
:10F2B80004021A621A6A42F001021A62B7E793FA64
:10F2C800A3F3B3FA83F303F1845303F584139B0088
:10F2D80000221A60FDF79AFC4FF0007806460127D5
:10F2E80005E0FDF793FC801B02283FF61FAF98FA54
:10F2F800A8F32A6898FAA8F3B3FA83F307FA03F392
:10F308001342EED1D4E908136A680B4322F474124D
:10F3180013436B604FF0807393FAA3F3B3FA83F34C
:10F3280003F1845303F584139B000E4E1F60FDF711
:10F338006DFC4FF000770446012505E0FDF766FCFB
:10F34800001B02283FF6F2AE97FAA7F3326897FA45
:10F35800A7F3B3FA83F305FA03F31342EED062E698
:10F3680001207047001002400E4A536803F00C0158
:10F37800082901D00C487047C3F383410B48D26A6F
:10F38800405CDB0309D50A49074B02F00F028A5C8F
:10F39800B3FBF2F303FB00F07047064B03FB00F0EE
:10F3A800704700BF0010024000127A004422010892
:10F3B8003422010800093D00002800F08D80504AE1
:10F3C800136803F007038B422DE9F0410D4604460C
:10F3D8000CD2136823F007030B431360136803F080
:10F3E80007038B4202D00120BDE8F081236898070B
:10F3F80006D54449A0684A6822F0F00202434A60F0
:10F40800D9072CD56268012A68D0022A0CBF4FF0B0
:10F418000073022393FAA3F13A49086893FAA3F315
:10F428000121B3FA83F301FA03F30342DBD0354E2B
:10F43800736823F0030313437360FDF7E7FB41F29E
:10F448008838074604E0FDF7E1FBC01B404554D867
:10F458007368626803F00C03B3EB820FF3D1284A98
:10F46800136803F00703AB4209D9136823F00703B5
:10F478002B431360136803F00703AB42B3D123682F
:10F488005A0706D51F49E0684A6822F4E062024339
:10F498004A601B0707D51B4A2169536823F4605348
:10F4A80043EAC1035360FFF75FFF164BF0225B6826
:10F4B80092FAA2F2B2FA82F203F0F003124C134964
:10F4C800D340134AE35C20FA03F308681360FDF79E
:10F4D8005BFB0020BDE8F081012070474FF400334A
:10F4E80093FAA3F10749096893FAA3F3B3FA83F3EC
:10F4F80002FA03F30B429AD175E7032074E700BFC1
:10F5080000200240001002400405010810000020FD
:10F51800000000202DE9F0430368DD0383B00446B2
:10F5280040D57D4BDA69D00040F1B6807B4D2B6821
:10F53800D9054FF0000640F1BF80DFF8DC81616833
:10F54800D8F8203013F4407320D001F440729A4266
:10F558001CD0D8F820104FF4803321F4407093FA6F
:10F56800A3F26F4FB2FA82F23A4492000125156075
:10F5780093FAA3F3B3FA83F33B449B0000221A6087
:10F58800CB07C8F8200000F1AB806168624A136AB3
:10F5980023F440730B4313621EB1D36923F08053E5
:10F5A800D3612368DF0706D55B49A0680A6B22F0A0
:10F5B800030202430A639E0706D55749E0680A6BAF
:10F5C80022F4403202430A635D0706D55249206996
:10F5D8000A6B22F4402202430A63980606D54E4974
:10F5E800E0690A6B22F0100202430A63990306D508
:10F5F8004949A06B4A6822F4800202434A605A06CD
:10F6080006D54549206A0A6B22F0200202430A63A4
:10F618001F0706D5404960690A6B22F4401202436D
:10F628000A63DE0606D53C49A0690A6B22F440024B
:10F6380002430A639D0506D53749E06A4A6822F401
:10F64800000202434A60180606D53349606ACA6A4E
:10F6580022F4F8720243CA62D90506D52E49A06A77
:10F66800CA6A22F478520243CA62DA0406D52A49E1
:10F67800206B0A6B22F4807202430A639B0403D452
:10F68800002003B0BDE8F083234A616B136B23F4B9
:10F6980000730B431363F3E7DA69204D42F080529D
:10F6A800DA61DB6903F080530193019B2B68D9056C
:10F6B8004FF001063FF541AF2B6843F480732B6090
:10F6C800FDF7A4FA07462B68DA053FF536AFFDF7D4
:10F6D8009DFAC01B6428F6D9032003B0BDE8F08367
:10F6E800FDF794FA4FF00209074699FAA9F399FA37
:10F6F800A9F3D8F8202099FAA9F3B3FA83F305FA05
:10F7080003F313427FF441AFFDF780FA41F28833E7
:10F71800C01B9842E9D9DFE70010024000700040A2
:10F72800008190102DE9F04383B01F4614460A9ECD
:10F738000D468046FDF76AFA3E44361AFDF766FA2A
:10F748002C4B1A68C2F3CB3206FB02F281460192B7
:10F75800D8F80020936835EA03030CBF012300237F
:10F76800A34209D07B1C0BD1936835EA03030CBF75
:10F77800012300239C42F7D1002003B0BDE8F083A9
:10F78800FDF744FAA0EB0900B04208D2019B002B18
:10F79800019B03F1FF3308BF00260193D8E7D8E99E
:10F7A80000315A68B1F5827F22F0E0025A6014D025
:10F7B800D8F82820B2F5005F07D11A6822F4005261
:10F7C8001A601A6842F400521A600122002388F86D
:10F7D8005D2088F85C300320CFE7D8F80820B2F520
:10F7E800004F02D0B2F5806FE2D11A6822F04002D1
:10F7F8001A60DDE7000000202DE9F04F83B098463D
:10F80800002316468DF803300C9C07460D46FDF77D
:10F81800FDF94444A4EB0009FDF7F8F9384BD7F893
:10F8280000B01A6802EB8202C2EBC2031B0D09FB8F
:10F8380003F3824601935A4693682B40B34216D08D
:10F84800B5F5C06F0AD0B8F1FF3F1ED1946805EA3C
:10F85800040C66450BD0B5F5C06FF7D15EB1B8F1B1
:10F86800FF3F12D1936803F4C0639E42F6D1002093
:10F8780003B0BDE8F08F9BF80C30DBB28DF8033095
:10F88800B8F1FF3F9DF80330E0D0FDF7BFF9A0EBDA
:10F898000A0048450AD2019B3A68002B019B03F1F4
:10F8A800FF3308BF4FF000090193C5E7D7E90031DE
:10F8B8005A68B1F5827F22F0E0025A6013D0BA6A22
:10F8C800B2F5005F07D11A6822F400521A601A686C
:10F8D80042F400521A600122002387F85D2087F85D
:10F8E8005C300320C4E7BA68B2F5004F02D0B2F525
:10F8F800806FE4D11A6822F040021A60DFE700BF87
:10F908000000002070B582B00D46164600920B46E6
:10F9180000224FF4C0510446FFF76EFF80B902463B
:10F9280000962B4680212046FFF7FCFE024638B998
:10F9380000962B464FF4C0612046FFF75DFF20B1CB
:10F94800236E43F020032366032002B070BD00BF7E
:10F95800704700BF002800F09480426A2DE9F84FF4
:10F968000446002A5AD00023C0E9043394F85D30D5
:10F9780003F0FF01002B5CD02168E568022384F8BE
:10F988005D300B68B5F5E06F23F040030B6057D886
:10F998006BD1A66A4FF4805C06F40057636802F0E6
:10F9A800100EA26803F4827302F40442134322691E
:10F9B80002F002021343626902F0010243EA020BF9
:10F9C800D4E90602236A00F4007A02F0380803F04A
:10F9D80080094BEA0A0343EA0803626B43EA090316
:10F9E8003B4302F008020B60000C05F4706300F062
:10F9F80004001A43024342EA0E02B6F5005F42EAE7
:10FA08000C0226D04A60CB69002023F4006301224F
:10FA1800CB61206684F85D20BDE8F88F4368B3F5B4
:10FA2800827FA3D0C26194F85D3003F0FF01002B00
:10FA3800A2D184F85C102046FFF78AFF626A9BE730
:10FA4800B5F5706F1FD1A66A4FF0000C06F4005789
:10FA5800A4E7236B7BB9B5F5E06F17D902232363BD
:10FA68000B6843F400630B6007E04FF4805C0027E9
:10FA7800A7623E4692E7022BF2D0A38D4A600B6143
:10FA8800C1E7012070474FF0000CF0E70123236322
:10FA9800F3E700BF90F85D30012B70D1002970D0DA
:10FAA800002A6ED010B50446D8B294F85C30012B09
:10FAB8007BD084F85C00A068A28700234FF0030C79
:10FAC800B0F5004F84F85DC0C4E913332366A16321
:10FAD800E28723642268A4F84430A4F8463007D1AA
:10FAE800136823F040031360136843F480431360E2
:10FAF800A36AB3F5005F07D1136823F400531360BA
:10FB0800136843F400531360606D294BC362294B9B
:10FB18008362294B036300234363536823F48043C0
:10FB28005360E368B3F5E06F0FD84369B3F5806FAE
:10FB38000BD1E38F13F0010F53682DD123F48043C9
:10FB48005360E38FC3F34E03E387E38F0C329BB21A
:10FB5800FEF750FAB8B923681A68520603D41A682F
:10FB680042F040021A60002284F85C205A6842F091
:10FB780020025A605A6842F002025A6010BD022000
:10FB8800704701207047236E002243F0100384F869
:10FB98005C202366012010BD43F480435360E38F4B
:10FBA800C3F34E030133E387CFE7022010BD00BF44
:10FBB800CDFB000801FC0008DDFB0008704700BF12
:10FBC800704700BF08B5406AFFF7FAFF08BD00BFDD
:10FBD800704700BF406A026808B5536823F0030302
:10FBE8005360036E012143F01003036680F85D1033
:10FBF800FFF7EEFF08BD00BF30B5054683B0446A85
:10FC0800FDF704F82B681B689B0622D4236802467C
:10FC1800586820F020005860586820F002005860AA
:10FC280064212046FFF76EFE18B1236E43F02003CF
:10FC38002366A36833B922680193D3680193936854
:10FC48000193019B01230022E28784F85D30236E33
:10FC580023B92046FFF7B2FF03B030BD2046FFF7B7
:10FC6800B7FF03B030BD00BF90F85D00704700BF1C
:10FC7800036A026A22F00102026270B4446882696F
:10FC88000D6822F4803222F073022A438D6823F033
:10FC980002032B43134DA8420FD005F50065A84277
:10FCA8000BD005F54065A84207D005F58065A84248
:10FCB80003D005F58065A8420DD1CD6823F008036F
:10FCC8002B43D1E9056524F4407446EA050C23F07A
:10FCD80004034CEA040449684460826170BC4163CF
:10FCE80003627047002C0140036A026A22F48072A2
:10FCF800026270B44468C2690D6822F4803222F04E
:10FD080073022A438D6823F4007343EA0523144DD4
:10FD1800A8420FD005F50065A8420BD005F540654F
:10FD2800A8420ED00F4DA8420BD005F58065A84219
:10FD38000FD106E0CD6823F4006343EA052323F4DA
:10FD48008063D1E9056524F4405446EA050C44EA89
:10FD58000C1449684460C26170BCC1630362704797
:10FD6800002C014000440140036A026A22F48052D8
:10FD7800026230B44468C2690D6822F0807222F4CD
:10FD8800E64242EA05228D6823F4005343EA05332C
:10FD98000F4DA8420FD005F50065A8420BD005F518
:10FDA8004065A84207D005F58065A84203D005F54F
:10FDB8008065A84204D14D6924F4804444EA85143E
:10FDC80049684460C26130BC01640362704700BF87
:10FDD800002C0140036A026A22F48032026230B4C5
:10FDE8004468426D0D6822F4803222F070022A4382
:10FDF8008D6823F4003343EA05430F4DA8420FD022
:10FE080005F50065A8420BD005F54065A84207D066
:10FE180005F58065A84203D005F58065A84204D1A0
:10FE28004D6924F4803444EA0524496844604265F5
:10FE380030BC816503627047002C0140036A026A86
:10FE480022F48012026230B44468426D0D6822F0D8
:10FE5800807222F4E04242EA05228D6823F40013FE
:10FE680043EA05530F4DA8420FD005F50065A84297
:10FE78000BD005F54065A84207D005F58065A84276
:10FE880003D005F58065A84204D14D6924F4802487
:10FE980044EA852449684460426530BCC165036210
:10FEA800704700BF002C0140704700BF90F83D30FC
:10FEB800012B22D103681649022280F83D20DA6816
:10FEC8008B4242F00102DA6019D0B3F1804F16D0AC
:10FED800104A934213D002F5806293420FD002F584
:10FEE800963293420BD002F54062934207D01A68CB
:10FEF80042F001021A60002070470120704799689B
:10FF0800054A0A40062AF6D0B2F5803FEFD1F2E75B
:10FF1800002C0140000400400700010010290AD805
:10FF2800DFE801F0190909094F0909095709090901
:10FF38005F090909670090F84330012B6AD10B1F4C
:10FF48000C2B5ED8DFE803F0415D5D5D495D5D5DCA
:10FF5800515D5D5D590090F83E30012B5AD1022366
:10FF680080F83E30036801F01F01186A01228A40B8
:10FF780020EA02001862186A2E4902438B421A626C
:10FF880043D02D4A934240D002F5406293423CD080
:10FF980002F5806293423FD002F5806293423BD0E3
:10FFA800B3F1804F3DD19968244A0A40062A06D009
:10FFB800B2F5803F03D01A6842F001021A600020AF
:10FFC800704790F83F30012B24D1022380F83F304E
:10FFD800C8E790F84030012B1CD1022380F840304C
:10FFE800C0E790F84130012B14D1022380F841304A
:08FFF800B8E790F84230012B3C
:020000040801F1
:100000000CD1022380F84230B0E7022380F843305D
:10001000ACE75A6C42F400425A64C8E701207047CA
:100020005A6C42F400425A64C9E7074A9342BED070
:1000300002F580629342BAD0C1E700BF002C0140B4
:10004000003401400700010000040040704700BF79
:10005000FFF768BF704700BF704700BF704700BF21
:10006000704700BF036870B5DE681D69A9070446C4
:1000700001D5B20751D46A0701D573073AD42807CE
:1000800001D5310724D4EB0601D5F00610D4E907D9
:1000900001D5F20763D42B064CD5300667D4680629
:1000A00001D571066DD4AA0601D5B3064ED470BD34
:1000B00023686FF010021A6108222277DB6913F4BB
:1000C000407F204671D0FFF7C7FF00232377DEE78C
:1000D00023686FF008021A6104222277DB699A070D
:1000E00020465FD1FFF7B6FF2046FFF7B7FF00239A
:1000F0002377C8E723686FF004021A61022222778F
:100100009B6913F4407F204649D1FFF7A3FF2046A7
:10011000FFF7A4FF00232377B1E76FF002021A6113
:10012000012202779B69990733D0FFF795FF0023DF
:100130002377A0E7EA05B2D53306B0D523686FF47C
:1001400080721A61204600F0CBF9A8E723686FF0AF
:10015000200220461A61BDE8704000F0BDB9236856
:100160006FF001021A612046FAF73CFE93E723681C
:100170006FF080021A61204600F0B0F9E9058ED5D3
:10018000DCE723686FF040021A612046FFF768FF42
:1001900089E7FFF75FFF2046FFF760FFC7E7FFF73C
:1001A0005BFFB7E7FFF758FFA1E7FFF753FF2046D4
:1001B000FFF754FF89E700BF304A0368904230B42C
:1001C00022D0B0F1804F3AD0A2F59432904236D08E
:1001D00002F58062904232D002F59632904213D0FE
:1001E000274A90423CD002F58062904238D002F516
:1001F0008062904234D00A688C684969C46223F0F6
:1002000080030B43826211E04C68CA6823F07003DC
:10021000234323F4407313438A684C69C2620A681B
:10022000826223F0800323430A690263026801218A
:1002300042F00402026030BC4161036070474A68CA
:10024000CC6823F07003134323F440734A692343BB
:1002500023F080038C6813430A68C4628262E5E776
:10026000CC684A698D68C56223F44073234323F048
:10027000800313430A688262D6E700BF002C014066
:100280000040014070B310B590F83D30044603F0D3
:10029000FF0213B32146022384F83D3051F8040BCA
:1002A000FFF78AFF012384F8483084F83E3084F851
:1002B0003F3084F8403084F8413084F8423084F88C
:1002C000433084F8443084F8453084F8463084F86C
:1002D000473084F83D30002010BD80F83C20FFF707
:1002E000E7FDD7E70120704770B310B590F83D30B7
:1002F000044603F0FF0213B32146022384F83D3085
:1003000051F8040BFFF758FF012384F8483084F8B4
:100310003E3084F83F3084F8403084F8413084F82F
:10032000423084F8433084F8443084F8453084F80F
:10033000463084F8473084F83D30002010BD80F806
:100340003C20FFF783FED7E701207047036A026A6B
:1003500022F01002026270B4446882690D6822F0D3
:10036000807222F4E64242EA05228D6823F02003DF
:1003700043EA0513144DA8420FD005F50065A842C5
:100380000BD005F54065A8420ED0104DA8420BD009
:1003900005F58065A8420FD106E0CD6823F0800303
:1003A00043EA051323F04003D1E9056524F44064D2
:1003B00046EA050C44EA8C0449684460826170BCDA
:1003C00081630362704700BF002C0140004401407C
:1003D00038B590F83C30012B7CD0012304460D4603
:1003E00080F83C30142A0CD8DFE802F0220B0B0B0B
:1003F000320B0B0B430B0B0B530B0B0B640B0B0B4D
:1004000010000120002384F83C3038BD0068FFF75D
:1004100019FD436D2A6943F400634365436D23F47A
:1004200080634365436D43EA022343650020E9E7A7
:100430000068FFF721FC83692A6943F008038361A0
:10044000836923F004038361836913438361EDE7C8
:100450000068FFF77BFF83692A6943F400638361C7
:10046000836923F480638361836943EA02238361A0
:10047000DCE70068FFF73CFCC3692A6943F0080326
:10048000C361C36923F00403C361C3691343C36138
:10049000CCE70068FFF76CFCC3692A6943F400638A
:1004A000C361C36923F48063C361C36943EA022360
:1004B000C361BBE70068FFF791FC436D2A6943F015
:1004C00008034365436D23F004034365436D134301
:1004D0004365ABE7022038BD704700BF704700BFDF
:1004E000704700BFF8B500BFF8BC08BC9E46704717
:0C04F000F8B500BFF8BC08BC9E46704781
:1004FC00000414D5D5140400000000000000000016
:10050C0001020304060708095245414459202020E2
:10051C0020202020200000004C49474854204F4EFA
:10052C00202020202000000044495350454E5349C0
:10053C004E4720202000000044524956494E472087
:10054C002020202020000000534541524348494EB2
:10055C00472020202000000049444C45202020202A
:10056C002020202020000000524F544154494E4777
:10057C0020202020200000005343414E4E494E477E
:10058C0020202020200000005354414E444259208A
:10059C00202020202000000048454154494E472E81
:1005AC002E2E20202000000041524D4544202020BA
:1005BC0020202020200000004452494C4C494E473A
:1005CC00202020202000000050415254205049434C
:1005DC004B454420200000005052494E54494E4790
:1005EC002020202020000000454E47524156494E05
:1005FC0047202020200000004752495050494E47C8
:10060C00202020202000000054454D503A200000AE
:10061C0020432020202020202020000052504D3A42
:10062C00200000002020202020202020202000005E
:10063C004C41534552205057523A2000202520203F
:10064C0020202000484F54454E443A200000000022
:10065C00204320202020202000000000564143553C
:10066C00554D3A20000000002020202020202000A2
:10067C005354524F42453A2000000000484954530D
:10068C003A200000202020202020202020000000E4
:10069C0053544550533A2000202020202020202065
:1006AC0000000000454E4453544F503A20484954E2
:1006BC0020200000454E4453544F503A204F504593
:1006CC004E20000046494C4C000000004F4B0000EF
:1006DC004C494748543A204F4646202020200000E1
:1006EC004C494748543A204649584544202000007C
:1006FC004C494748543A205354524F42452000002D
:10070C00434845434B204944204A554D504552538C
:10071C00000000005B20435249544943414C2045A2
:10072C0052524F52205D00002053595354454D20D6
:10073C00424C4F434B4544200000000054313220C2
:10074C00534F4C4445522049524F4E005041535444
:10075C00452044495350454E534552004C49515540
:10076C0049442044495350454E535200534352453B
:10077C00574452495645522020202000564143559B
:10078C00554D205049434B55502020004452494C64
:10079C004C20424C343236302020200047524950F5
:1007AC005045522047494D42414C20004752495038
:1007BC00504552204E454D41203134005641435551
:1007CC00554D2047524950204C472000534D542042
:1007DC005049434B26504C4143452000414F492042
:1007EC00494E5350454354494F4E20004C415345BC
:1007FC00522044494F444520313057003344205057
:10080C0052494E5445522020563420005343414EF9
:10081C002050524F42452020202020002D2D2D2DE0
:10082C002D2D2D2D2D2D2D2D2D2D2D2D2D2D2D2DEC
:10083C000000000020430000535445505320524503
:10084C004D3A20005354415455533A20524541449B
:10085C005900000056414355554D204144433A2020
:10086C00000000004F424A3A200000005245414C23
:10087C002052504D3A200000534554504F494E548D
:10088C003A200000504F5745523A202020200000BB
:10089C004E4F5A5A4C453A004C46414E3A000000D5
:1008AC0052504D004846414E3A00000050455249C6
:1008BC004F443A20000000005354415455533A2001
:1008CC0041524D4544200000494D50414354533A48
:1008DC00202000004255532043414E204F4E4C499E
:1008EC004E450000740040018200360192002C013C
:1008FC00A4002201B9001801D2000E01EF0004017E
:10090C001101FA003901F0006801E600A001DC00D9
:10091C00E201D2003002C8008D02BE00FB02B4001E
:10092C007D03AA001504A000C50496008F058C0059
:10093C00720682006D07780079086E008F096400DA
:10094C00A40A5A00AD0B5000A00C4600740D3C00DC
:10095C00250E3200B20E28001D0F1E006B0F140066
:10096C00A20F0A00C70F00000000000000000000EA
:10097C0000000000000000000000000F7F7F0F004F
:10098C00000000000000000000000000000000005B
:10099C00000000000000000000000000000000004B
:1009AC00000000000000000000000000000000003B
:1009BC00000000000000000000000000000000002B
:1009CC00000000000000000000000000000000001B
:1009DC00000000000000000000000000000000000B
:1009EC000000000000000000000000000000FCFC03
:1009FC00FC1C1C1C1C1C1C1C1C1C1C1C1C1C1C1C4B
:100A0C001C1C1C1C1C1C1C1C1CFCFCFC00000000EA
:100A1C0000000000000000000000000000000000CA
:100A2C0000000000000000000000000000000000BA
:100A3C0000000000000000000000000000000000AA
:100A4C00000000000000000000000000000000009A
:100A5C00000000000000000000000000000000008A
:100A6C000000000000000000000000000000FFFF7C
:100A7C00FF00007F7F7F7F7F7F7F000000000000F2
:100A8C007F7F7F7F7F7F7F0000FFFFFF00000000E4
:100A9C000000000000000000F0F0F000000000007A
:100AAC00000000000000000000000000000000003A
:100ABC00000000000000000000000000000000002A
:100ACC00000000000000000000000000F0F0F0301A
:100ADC0030F0F0E00000E0F0F03030F0F0E000300A
:100AEC0030F0F0F030303000000000000000FFFF6C
:100AFC00FF000000C0C0C0C0C0C0C0C0C0C0C0C0EB
:100B0C00C0C0C0C0C0C0000000FFFFFF000000005C
:100B1C0000000000C0C00000FFFFFF00FFFFFF004F
:100B2C0000FFFFFF00009EDFDF636323FFFFFEFF7C
:100B3C00FFFF0203FFFFFE0000FEFFFF3333BFBFCA
:100B4C00BE00FFFFFF0203FFFFFE0000FFFFFF18C8
:100B5C0018FFFFE70000FFFFFF0000FFFFFF000092
:100B6C0000FFFFFF00000000000000000000FFFF7E
:100B7C00FFE0E0E0E1E1E1E1E1E1E1E1E1E1E1E13E
:100B8C00E1E1E1E1E1E1E0E0E0FFFFFF0000000076
:100B9C00000000000F0F0C0C0F0F0700070F0F0CBD
:100BAC00040F0F0F0000070F0F0C0C040F0F0F0F8B
:100BBC000F0F00000F0F0F0000070F0F0C0C0F0F83
:100BCC0007000F0F0F00000F0F0F00000F0F0F0C7F
:100BDC000C0F0F070000070F0F0C0C0F0F07000076
:100BEC00000F0F0F000000000000000000000000CC
:100BFC0000000000000000000F7F7F0F00000000CD
:100C0C0000000000000000000000000000000000D8
:100C1C0000000000000000000000000000000000C8
:100C2C0000000000000000000000000000000000B8
:100C3C0000000000000000000000000000000000A8
:100C4C000000000000000000000000000000000098
:100C5C000000000000000000000000000000000088
:100C6C000000000000000000000000000000FCFC80
:100C7C00FC1C1C1C1C1C1C1C1C1C1C1C1C1C1C1CC8
:100C8C001C1C1C1C1C1C1C1C1CFCFCFC0000000068
:100C9C000000000000000000000000000000000048
:100CAC000000000000000000000000000000000038
:100CBC000000000000000000000000000000000028
:100CCC000000000000000000000000000000000018
:100CDC000000000000000000000000000000000008
:100CEC000000000000000000000000000000FFFFFA
:100CFC00FF00007F7F7F7F7F7F7F00000000000070
:100D0C007F7F7F7F7F7F7F0000FFFFFF0000000061
:100D1C000000000000000000F0F0F00000000000F7
:100D2C0000000000000000000000000000000000B7
:100D3C0000000000000000000000000000000000A7
:100D4C00000000000000000000000000F0F0F03097
:100D5C0030F0F0E00000E0F0F03030F0F0E0003087
:100D6C0030F0F0F030303000000000000000FFFFE9
:100D7C00FF000000F0F0F0F0F0F0F0F0F0F0F0F028
:100D8C00F0F0F0F0F0F0000000FFFFFF00000000BA
:100D9C0000000000C0C00000FFFFFF00FFFFFF00CD
:100DAC0000FFFFFF00009EDFDF636323FFFFFEFFFA
:100DBC00FFFF0203FFFFFE0000FEFFFF3333BFBF48
:100DCC00BE00FFFFFF0203FFFFFE0000FFFFFF1846
:100DDC0018FFFFE70000FFFFFF0000FFFFFF000010
:100DEC0000FFFFFF00000000000000000000FFFFFC
:100DFC00FFE0E0E0E3E3E3E3E3E3E3E3E3E3E3E3A4
:100E0C00E3E3E3E3E3E3E0E0E0FFFFFF00000000E7
:100E1C00000000000F0F0C0C0F0F0700070F0F0C3A
:100E2C00040F0F0F0000070F0F0C0C040F0F0F0F08
:100E3C000F0F00000F0F0F0000070F0F0C0C0F0F00
:100E4C0007000F0F0F00000F0F0F00000F0F0F0CFC
:100E5C000C0F0F070000070F0F0C0C0F0F070000F3
:100E6C00000F0F0F00000000000000000000000049
:100E7C0000000000000000000000000F7F7F0F004A
:100E8C000000000000000000000000000000000056
:100E9C000000000000000000000000000000000046
:100EAC000000000000000000000000000000000036
:100EBC000000000000000000000000000000000026
:100ECC000000000000000000000000000000000016
:100EDC000000000000000000000000000000000006
:100EEC000000000000000000000000000000FCFCFE
:100EFC00FC1C1C1C1C1C1C1C1C1C1C1C1C1C1C1C46
:100F0C001C1C1C1C1C1C1C1C1CFCFCFC00000000E5
:100F1C0000000000000000000000000000000000C5
:100F2C0000000000000000000000000000000000B5
:100F3C0000000000000000000000000000000000A5
:100F4C000000000000000000000000000000000095
:100F5C000000000000000000000000000000000085
:100F6C000000000000000000000000000000FFFF77
:100F7C00FF00000C0C0C0C0C0C0C00000000000012
:100F8C000C0C0C0C0C0C0C0000FFFFFF0000000004
:100F9C000000000000000000F0F0F0000000000075
:100FAC000000000000000000000000000000000035
:100FBC000000000000000000000000000000000025
:100FCC00000000000000000000000000F0F0F03015
:100FDC0030F0F0E00000E0F0F03030F0F0E0003005
:100FEC0030F0F0F030303000000000000000FFFF67
:100FFC00FF000000C0C0C0C0C0C0C0C0C0C0C0C0E6
:10100C00C0C0C0C0C0C0000000FFFFFF0000000057
:10101C0000000000C0C00000FFFFFF00FFFFFF004A
:10102C0000FFFFFF00009EDFDF636323FFFFFEFF77
:10103C00FFFF0203FFFFFE0000FEFFFF3333BFBFC5
:10104C00BE00FFFFFF0203FFFFFE0000FFFFFF18C3
:10105C0018FFFFE70000FFFFFF0000FFFFFF00008D
:10106C0000FFFFFF00000000000000000000FFFF79
:10107C00FFE0E0E0E1E1E1E1E1E1E1E1E1E1E1E139
:10108C00E1E1E1E1E1E1E0E0E0FFFFFF0000000071
:10109C00000000000F0F0C0C0F0F0700070F0F0CB8
:1010AC00040F0F0F0000070F0F0C0C040F0F0F0F86
:1010BC000F0F00000F0F0F0000070F0F0C0C0F0F7E
:1010CC0007000F0F0F00000F0F0F00000F0F0F0C7A
:1010DC000C0F0F070000070F0F0C0C0F0F07000071
:1010EC00000F0F0F000000000000000000000000C7
:1010FC0000000000000000000000000000000F7F56
:10110C007F0F000000000000000000000000000045
:10111C0000000000000000000000000000000000C3
:10112C0000000000000000000000000000000000B3
:10113C0000000000000000000000000000000000A3
:10114C000000000000000000000000000000000093
:10115C000000000000000000000000000000000083
:10116C000000000000000000000000000000FCFC7B
:10117C00FC1C1C1C1C1C1C1C1C1C1C1C1C1C1C1CC3
:10118C001C1C1C1C1C1C1C1C1CFCFCFC0000000063
:10119C000000000000000000000000000000000043
:1011AC000000000000000000000000000000000033
:1011BC000000000000000000000000000000000023
:1011CC000000000000000000000000000000000013
:1011DC000000000000000000000000000000000003
:1011EC000000000000000000000000000000FFFFF5
:1011FC00FF00007F7F7F7F7F7F7F0000000000006B
:10120C007F7F7F7F7F7F7F0000FFFFFF000000005C
:10121C000000000000000000F0F0F00000000000F2
:10122C0000000000000000000000000000000000B2
:10123C0000000000000000000000000000000000A2
:10124C00000000000000000000000000F0F0F03092
:10125C0030F0F0E00000E0F0F03030F0F0E0003082
:10126C0030F0F0F030303000000000000000FFFFE4
:10127C00FF000000F0F0F0F0F0F0F0F0F0F0F0F023
:10128C00F0F0F0F0F0F0000000FFFFFF00000000B5
:10129C0000000000C0C00000FFFFFF00FFFFFF00C8
:1012AC0000FFFFFF00009EDFDF636323FFFFFEFFF5
:1012BC00FFFF0203FFFFFE0000FEFFFF3333BFBF43
:1012CC00BE00FFFFFF0203FFFFFE0000FFFFFF1841
:1012DC0018FFFFE70000FFFFFF0000FFFFFF00000B
:1012EC0000FFFFFF00000000000000000000FFFFF7
:1012FC00FFE0E0E0E3E3E3E3E3E3E3E3E3E3E3E39F
:10130C00E3E3E3E3E3E3E0E0E0FFFFFF00000000E2
:10131C00000000000F0F0C0C0F0F0700070F0F0C35
:10132C00040F0F0F0000070F0F0C0C040F0F0F0F03
:10133C000F0F00000F0F0F0000070F0F0C0C0F0FFB
:10134C0007000F0F0F00000F0F0F00000F0F0F0CF7
:10135C000C0F0F070000070F0F0C0C0F0F070000EE
:10136C00000F0F0F00000000924924924926924969
:10137C00349249369249A49249A69249B49249B6FC
:10138C00924D24924D26924D34924D36924DA4920C
:10139C004DA6924DB4924DB69269249269269269EB
:1013AC00349269369269A49269A69269B49269B62C
:1013BC00926D24926D26926D34926D36926DA4923C
:1013CC006DA6926DB4926DB69349249349269349B8
:1013DC00349349369349A49349A69349B49349B697
:1013EC00934D24934D26934D34934D36934DA493A6
:1013FC004DA6934DB4934DB6936924936926936986
:10140C00349369369369A49369A69369B49369B6C6
:10141C00936D24936D26936D34936D36936DA493D5
:10142C006DA6936DB4936DB69A49249A49269A4940
:10143C00349A49369A49A49A49A69A49B49A49B613
:10144C009A4D249A4D269A4D349A4D369A4DA49A1B
:10145C004DA69A4DB49A4DB69A69249A69269A6902
:10146C00349A69369A69A49A69A69A69B49A69B643
:10147C009A6D249A6D269A6D349A6D369A6DA49A4B
:10148C006DA69A6DB49A6DB69B49249B49269B49CF
:10149C00349B49369B49A49B49A69B49B49B49B6AE
:1014AC009B4D249B4D269B4D349B4D369B4DA49BB5
:1014BC004DA69B4DB49B4DB69B69249B69269B699D
:1014CC00349B69369B69A49B69A69B69B49B69B6DE
:1014DC009B6D249B6D269B6D349B6D369B6DA49BE5
:1014EC006DA69B6DB49B6DB6D24924D24926D249C8
:1014FC0034D24936D249A4D249A6D249B4D249B63B
:10150C00D24D24D24D26D24D34D24D36D24DA4D20A
:10151C004DA6D24DB4D24DB6D26924D26926D26929
:10152C0034D26936D269A4D269A6D269B4D269B66A
:10153C00D26D24D26D26D26D34D26D36D26DA4D23A
:10154C006DA6D26DB4D26DB6D34924D34926D349F6
:10155C0034D34936D349A4D349A6D349B4D349B6D5
:10156C00D34D24D34D26D34D34D34D36D34DA4D3A4
:10157C004DA6D34DB4D34DB6D36924D36926D369C4
:10158C0034D36936D369A4D369A6D369B4D369B605
:10159C00D36D24D36D26D36D34D36D36D36DA4D3D4
:1015AC006DA6D36DB4D36DB6DA4924DA4926DA497F
:1015BC0034DA4936DA49A4DA49A6DA49B4DA49B652
:1015CC00DA4D24DA4D26DA4D34DA4D36DA4DA4DA1A
:1015DC004DA6DA4DB4DA4DB6DA6924DA6926DA6941
:1015EC0034DA6936DA69A4DA69A6DA69B4DA69B682
:1015FC00DA6D24DA6D26DA6D34DA6D36DA6DA4DA4A
:10160C006DA6DA6DB4DA6DB6DB4924DB4926DB490D
:10161C0034DB4936DB49A4DB49A6DB49B4DB49B6EC
:10162C00DB4D24DB4D26DB4D34DB4D36DB4DA4DBB3
:10163C004DA6DB4DB4DB4DB6DB6924DB6926DB69DB
:10164C0034DB6936DB69A4DB69A6DB69B4DB69B61C
:10165C00DB6D24DB6D26DB6D34DB6D36DB6DA4DBE3
:10166C006DA6DB6DB4DB6DB6000000000000000061
:10167C00000000000000000000000000FCFCFC7CEE
:10168C007C7C7C7C7C7C7C7C7C7C7C000000FCFC02
:10169C00FC7C7C7C7C7C7C7C7C7C80808000000066
:1016AC00FCFCFC7C7C7C7C7C7C7C7C7C808080005E
:1016BC0000008080807C7C7C7C7C7C7C7C7C808042
:1016CC0080000000FCFCFC7C7C7C7C7C7C7C7C7C3E
:1016DC00808080000000000000000000000000007E
:1016EC0000000000000000000000000000000000EE
:1016FC00000000000000000000000000FFFFFF00E1
:10170C000000000000000000000000000000FFFFCF
:10171C00FF000000000000000000FFFFFF000000C1
:10172C00FFFFFF000000000000000000FFFFFF00B3
:10173C000000FFFFFF000000000000000000FFFFA2
:10174C00FF000000FFFFFF00000000000000000091
:10175C00FFFFFF0000000000000000000000000080
:10176C00000000000000000000000000000000006D
:10177C00000000000000000000000000FFFFFF3E22
:10178C003E3E3E3E3E3E3E3E000000000000FFFF5F
:10179C00FF3E3E3EFEFEFE3E3E3E010101000000CD
:1017AC00FFFFFF3E3E3EFEFEFE3E3E3E01010100BF
:1017BC000000FFFFFF000000000000000000FFFF22
:1017CC00FF000000FFFFFF3E3E3EFEFEFE3E3E3EA3
:1017DC0001010100000000000000000000000000FA
:1017EC0000000000000000000000000000000000ED
:1017FC00000000000000000000000000FFFFFF00E0
:10180C000000000000000000000000000000FFFFCE
:10181C00FF000000070707F8F8F8000000000000C0
:10182C00FFFFFF000000070707F8F8F800000000B2
:10183C000000FFFFFF000000000000000000FFFFA1
:10184C00FF000000FFFFFF000000070707F8F8F893
:10185C00000000000000000000000000000000007C
:10186C00000000000000000000000000000000006C
:10187C000000000000000000000000001F1F1F1FE0
:10188C001F1F1F1F1F1F1F1F1F1F1F0000001F1FB9
:10189C001F0000000000000000001F1F1F000000C0
:1018AC001F1F1F0000000000000000001F1F1F0072
:1018BC0000000000001F1F1F1F1F1F1F1F1F000005
:1018CC00000000001F1F1F000000000000000000AF
:1018DC001F1F1F000000000000000000000000009F
:1018EC0000000000000000000000FEFEFE000000F2
:1018FC00000000000000FEFEFE000000FEFEFE8662
:10190C008686868686868686787878000000060627
:10191C0006060606FEFEFE06060606060600000085
:10192C00F8F8F8060606060606060606060606007B
:10193C000000E000000000E0E0000010F8F80000FB
:10194C0000000000000000000000000010F8F8008B
:10195C0000008080808080808000F00808080808E3
:10196C001000F8080808080000001F1F1F606060C6
:10197C006060606060601F1F1F0000007F7F7F0140
:10198C0001010707071919196060600000000000C9
:10199C00000000007F7F7F000000000000000000BE
:1019AC001F1F1F606060606060606060606060004E
:1019BC000000030408080403030000080F0F0800CC
:1019CC000000000C0C0C000000000000080F0F08B9
:1019DC0000000000000000000000070808080808CC
:1019EC0004000F0808080F000000000000000000B1
:1019FC000000000000000000F80606060600FE804D
:101A0C008080FE00FE8686860600F8060606060026
:101A1C00FE80601806000000000000000606FE06AE
:101A2C000600FE060606F80000000000000000009C
:101A3C0006FE0600FE000000FE00FE18E018FE0088
:101A4C00FE8686867800FE8686860600FE8686865C
:101A5C0078007886868606000000000000000000F2
:101A6C00000000000000000000000000000000006A
:101A7C0000000000000000001F60606060007F013B
:101A8C0001017F007F61616160001F606060600028
:101A9C007F010618600000000000000060607F609D
:101AAC0060007F6060601F00000000000000186094
:101ABC00601F00001F6060601F007F0001007F003E
:101ACC007F01010100007F61616160007F010719E6
:101ADC006000606161611E000000000000000000F9
:101AEC00000000000000000000000000000000806A
:101AFC00C0E0F0F87C3A140800806018040E1F0F48
:101B0C00070301000000000000000000000000803E
:101B1C00C0E0F4FA7D38140800806018040E1F0F22
:101B2C00070301000000000000000000000000801E
:101B3C00C0E0F4FA7D38110600806018040E1F0F07
:101B4C0007030100000000000000000000000080FE
:101B5C00C0E0F0F87C3A110600806018040E1F0FEC
:101B6C00070301000000000000000000F809090F45
:101B7C000F0909F800000000000000000302CEFE6F
:101B8C00FECE02030000000000000000F80A0A0E5E
:101B9C000F0909F8000000000000000003E2EEFE4F
:101BAC00FECE02030000000000000000F80A0A0E3E
:101BBC000E0A0AF8000000000000000003E2EEFE2E
:101BCC00FEEEE2030000000000000000F809090F1F
:101BDC000E0A0AF800000000000000000302CEFE0E
:101BEC00FEEEE2030000000000000000F809090FFF
:101BFC000F0909F8000000000000000003024EFE6F
:101C0C00FE4E02030000000000000000F80A0A0E5D
:101C1C000F0909F8000000000000000003028EDE2E
:101C2C00FE4E02030000000000000000F80A0A0E3D
:101C3C000E0A0AF8000000000000000003028EDE0D
:101C4C009E0E02030000000000000000F809090FBE
:101C5C000E0A0AF8000000000000000003024EFE0D
:101C6C009E0E02030000000000000000000080C077
:101C7C00E07C22414141221C40A0583C0E0703014C
:101C8C00000000000000000000000000000080C008
:101C9C00E07C22414141221CA060583C0E0703010C
:101CAC00000000000000000000000000000080C0E8
:101CBC00E07C2241C141221CA060685C0E0703013C
:101CCC00000000000000000000000000000080C0C8
:101CDC00E07C2241C141221C40A0685C0E0703013C
:101CEC000000000000000000000000C0C0C0C0FFE9
:101CFC00FFC0C0C0C0000000000000010F1F1F1F6C
:101D0C001F1F1F0F0100000000000000808080FFDB
:101D1C00FF8080800000000000000000031F1F1FD8
:101D2C001F1F1F030000000000000000000000FF48
:101D3C00FF000000000000000000000000071F1F53
:101D4C001F1F07000000000000000000000000FF43
:101D5C00FF00000000000000000000000000001F59
:101D6C001F000000000000000000FEC2C2C2C2C280
:101D7C00C242427E0000000000000000000002048D
:101D8C00C8102000000000000000FEC2C2C2C2C287
:101D9C00C242427E00000000000000000000201043
:101DAC00C8040200000000000000FEC2C2C2C2C291
:101DBC00C242427E0000000000000000000002044D
:101DCC00C8102000000000000000FEC2C2C2C2C247
:101DDC00C242427E00000000000000000000201003
:101DEC00C80402000000000000C0F0180C04C6C6B5
:101DFC00C6C6040C18F0C00000030F183020636333
:101E0C0063632030180F030100C0F0180C04C6C621
:101E1C00C6C6040C18F0C00000030F183020636312
:101E2C00E3632030180F030000C0F0180C04C6C682
:101E3C00C6C6040C18F0C00001030F1830206363F1
:101E4C0063632030180F030000C0F0180C04C6C7E1
:101E5C00C6C6040C18F0C00000030F1830206363D2
:101E6C0063632030180F030000C0C0C0C080BFA146
:101E7C00A1BF80C0C0C0C00000FFFFFFFF0000007A
:101E8C00000000FFFFFFFF00000000C0C0C0FFA16A
:101E9C00A1BF80C0C0C0C000000000FFFFFFFF78E2
:101EAC00000000FFFFFFFF00000000C0C0C0FFA14A
:101EBC00A1FFC0C0C0000000000000FFFFFFFF78C2
:101ECC0078FFFFFFFF00000000C0C0C0C080BFA1B2
:101EDC00A1FFC0C0C000000000FFFFFFFF0000001A
:101EEC0078FFFFFFFF00000000804024289050B0D6
:101EFC00B0509028244080000001020404090A0D0F
:101F0C000D0A0904040201008080C2242890D0F03C
:101F1C00B0509028244080000001020404090B0FEB
:101F2C000D0A0904040201008080C2242890D0F01C
:101F3C00F0D0902824C280800001020404090B0F09
:101F4C000F0B09040402010000804024289050B0BB
:101F5C00F0D0902824C280800001020404090A0DEC
:101F6C000F0B090404020100000000008060100C3B
:101F7C00820C1060800000000000000000038458F8
:101F8C00E058840300000000000000008060D0ECEA
:101F9C00E20C106080000000000000008083455BB4
:101FAC00E058840300000000000000008060D0ECCA
:101FBC00E2ECD06080000000000000008083455BF4
:101FCC00E35B458380000000000000008060100C83
:101FDC0082ECD060800000000000000000038458F8
:101FEC00E35B4583800000000000000000001F7FC1
:101FFC007F1F0000000000000000028AAAAAAAAA03
:10200C00AAAAAAAA8A020000000080808080808090
:10201C00001F0000000000000000028AAAAAAAAA61
:10202C00AAAAAAAA8A020000000080808080808070
:10203C00809FFFFF9F8000000000028AAAAAAAAA24
:10204C00AAAAAAAA8A0200000000000000001F7FB2
:10205C00FF9FFFFF9F8000000000028AAAAAAAAA85
:10206C00AAAAAAAA8A020000808080C0201088CF69
:10207C00CF881020C080808001010103040811F377
:10208C00F3110804030101018080C0B0080884CF5B
:10209C00CF881020C08080800101030D101021F327
:1020AC00F3110804030101018080C0B0080884CF3B
:1020BC00CF840808B0C080800101030D101021F3FB
:1020CC00F32110100D030101808080C0201088CFF7
:1020DC00CF840808B0C0808001010103040811F30B
:1020EC00F32110100D030101000000000000004F4F
:1020FC0000000700070000147F147F14242A7F2A95
:10210C00122313086462364955225000050300005F
:10211C00001C2241000041221C0014083E08140837
:10212C00083E0808000000000000000000000060ED
:10213C006000003E5149453E00427F4000426151E3
:10214C0049462141454B311814127F10274545450E
:10215C00393C4A4949300171090503364949493628
:10216C00064949291E003636000000563600000884
:10217C0014224100141414141400412214080201F6
:10218C00510906324979413E7E1111117E7F494930
:10219C0049363E414141227F4141221C7F494949F8
:1021AC00417F090909013E4149497A7F0808087FA6
:1021BC0000417F41002040413F007F081422417FB5
:1021CC00404040407E020C027E7F0408107F3E415E
:1021DC0041413E7F090909063E4151215E7F0919A3
:1021EC002946464949493101017F01013F404040A0
:1021FC003F1F2040201F3F4038403F6314081463AA
:10220C00070870080761514945435C3A2D205B0073
:10221C0000000000000000000000000000000000B2
:10222C00000000404040404001020304050607083E
:10223C00090A0B0C0D0E0F10020304050607080902
:08224C000A0B0C0D0E0F10101F
:08225400EC5FFF7F01000000B8
:04225C00F181000804
:04226000C981000828
:1022640000127A00FF01010001000000FF010000DC
:042274001000000056
:0400000508008785E3
:00000001FF
