:020000040800F2
:1080000000A0002085870008D5870008D1A60008B9
:10801000D5870008D5870008D58700080000000034
:10802000000000000000000000000000D5870008EC
:10803000D587000800000000D587000821A80008A7
:10804000D5870008D5870008D5870008D5870008A0
:10805000D5870008D5870008D5870008D587000890
:10806000D587000811A80008D5870008D587000823
:10807000D587000805AD0008D5870008D58700081A
:10808000D5870008D5870008D5870008D587000860
:10809000C5A60008D5870008D587000819A80008DC
:1080A000D5870008D5870008D5870008D587000840
:1080B000D587000825A80008D5870008D5870008BF
:1080C000D5870008D5870008D5870008D587000820
:1080D000D5870008D5870008D5870008D587000810
:1080E000D5870008D5870008D5870008D587000800
:1080F000D5870008D5870008D5870008D5870008F0
:10810000000000000000000000000000D58700080B
:10811000D5870008D5870008D5870008D5870008CF
:10812000D5870008D5870008D5870008D5870008BF
:10813000D5870008D5870008000000000000000077
:10814000D5870008D5870008D58700080000000003
:10815000000000000000000000000000000000001F
:108160000000000000000000D5870008D587000847
:10817000D58700080000000000000000000000009B
:0881800000000000D587000893
:108188000348044B834202D0034B03B1184770479E
:108198001400002014000020000000000548064BD1
:1081A8001B1AD90F01EBA301491002D0034B03B1ED
:1081B8001847704714000020140000200000000039
:1081C80010B5064C237843B9FFF7DAFF044B13B117
:1081D8000448AFF300800123237010BD180000206D
:1081E80000000000D400010808B5044B1BB1044985
:1081F8000448AFF30080BDE80840CFE70000000066
:108208001C000020D400010853B94AB9002908BF4E
:1082180000281CBF4FF0FF314FF0FF3000F06AB963
:10822800ADF1080C6DE904CE00F006F8DDF804E0C5
:10823800DDE9022304B070472DE9F047089D0E469A
:1082480004460F46002B4AD194468C45B2FA82F276
:1082580060D942B1C2F12003974020FA03F30CFA27
:1082680002FC1F4394404FEA1C4E1FFA8CF6B7FBE2
:10827800FEF1230C0EFB117743EA074301FB06F0DE
:1082880098420AD91CEB030301F1FF3780F01581EE
:10829800984240F21281023963441B1AA4B2B3FB1C
:1082A800FEF00EFB103344EA034400FB06F6A64238
:1082B8000AD91CEB040400F1FF3380F00081A642C8
:1082C80040F2FD806444023840EA0140A41B0021CA
:1082D8001DB1D4400023C5E90043BDE8F0878B42B7
:1082E80005D90DB1C5E9000100210846F5E7B3FA43
:1082F80083F1002946D1B34202D3824200F2F580CD
:10830800841A66EB030201201746002DE5D0C5E963
:108318000047E2E7002A40F09380A1EB0C034FEA04
:108328001C471FFA8CFE0121B3FBF7F607FB16303A
:10833800230C43EA00430EFB06F0984208D91CEBD5
:10834800030306F1FF3802D2984200F2D080464675
:108358001B1AA4B2B3FBF7F007FB103344EA03443B
:108368000EFB00FEA64508D91CEB040400F1FF3300
:1083780002D2A64500F2B6801846A4EB0E0440EAE5
:108388000640A5E7C1F120078B4022FA07FC4CEA1A
:10839800030C06FA01FE20FA07F426FA07F344EA6A
:1083A8000E0400FA01F84FEA1C404FEA1449B3FBE7
:1083B800F0FE1FFA8CF600FB1E3349EA03430EFB5E
:1083C80006F9994502FA01F20BD91CEB03030EF1E9
:1083D800FF3A80F08580994540F28280AEF1020E26
:1083E8006344A3EB0909A4B2B9FBF0F300FB1399AA
:1083F80044EA094403FB06F6A64208D91CEB040428
:1084080003F1FF3068D2A64266D9023B644443EACE
:108418000E40A41BA0FB02E6B4427346B14652D3F9
:108428004FD05DB1B8EB030264EB090404FA07F717
:1084380022FA01F31F43CC40C5E9007400214CE740
:10844800C2F1200120FA01F30CFA02FC26FA01F12C
:10845800964033434FEA1C471FFA8CFEB1FBF7F0F6
:1084680007FB1016190C41EA064100FB0EF68E4276
:1084780004FA02F408D91CEB010100F1FF382DD2EF
:108488008E422BD902386144891B9BB2B1FBF7F6A7
:1084980007FB161143EA014306FB0EF1994208D97E
:1084A8001CEB030306F1FF3814D2994212D9023E9D
:1084B80063445B1A46EA004136E73946EDE618465A
:1084C80002E7F045ADD2BEEB020366EB0C060138BD
:1084D800B146A6E74646ECE7034698E74046D3E7A9
:1084E800D6467EE76444023847E708460DE7023E71
:1084F80063442DE7704700BF70B50F4B0F4DAB427B
:10850800A3EB050607D0B610002455F8043B013448
:108518009847A642F9D807F0D9FD094D094B5E1BCB
:10852800AB424FEAA60606D0002455F8043B0134B6
:108538009847A642F9D870BD9C1E01089C1E0108E8
:108548009C1E0108A01E0108830730B547D0541EA1
:10855800002A3ED0CAB2034601E0013C39D303F8F1
:10856800012B9D07F9D1032C2CD9CDB205EB05259C
:108578000F2C05EB054535D9A4F1100222F00F0C9C
:1085880003F1100EE6444FEA121C1A46C2E90055E0
:10859800C2E9025510327245F8D10CF1010214F00B
:1085A8000C0F03EB021204F00F0C13D0ACF1040310
:1085B80023F003030433134442F8045B9342FBD1D2
:1085C8000CF003042CB1C9B21C4403F8011BA342EC
:1085D800FBD130BD64461346002CF4D1F9E70346BD
:1085E8001446C0E71A46A446E0E700BF844641EABD
:1085F800000313F003036DD1403A41D351F8043B13
:1086080040F8043B51F8043B40F8043B51F8043B64
:1086180040F8043B51F8043B40F8043B51F8043B54
:1086280040F8043B51F8043B40F8043B51F8043B44
:1086380040F8043B51F8043B40F8043B51F8043B34
:1086480040F8043B51F8043B40F8043B51F8043B24
:1086580040F8043B51F8043B40F8043B51F8043B14
:1086680040F8043B51F8043B40F8043B51F8043B04
:1086780040F8043B51F8043B40F8043B403ABDD273
:10868800303211D351F8043B40F8043B51F8043B15
:1086980040F8043B51F8043B40F8043B51F8043BD4
:1086A80040F8043B103AEDD20C3205D351F8043BA4
:1086B80040F8043B043AF9D2043208D0D2071CBF70
:1086C80011F8013B00F8013B01D30B880380604699
:1086D800704700BF082A13D38B078DD010F003030F
:1086E8008AD0C3F10403D21ADB071CBF11F8013B7F
:1086F80000F8013B80D331F8023B20F8023B7BE7CE
:10870800043AD9D3013A11F8013B00F8013BF9D2F8
:108718000B7803704B7843708B7883706046704792
:10872800032A30B415D941EA0004A40784460B464D
:1087380004D0541E0FE0043A032A08D919466046AB
:1087480053F8044B5CF8045BA542F4D0F1E76046AB
:108758001946541E7AB1431E0139021901E09A42A2
:1087680009D013F8010F11F801CF6045F7D0A0EB3D
:108778000C0030BC7047002030BC7047DFF834D0A4
:1087880000F026F80C480D490D4A002302E0D458A1
:10879800C4500433C4188C42F9D30A4A0A4C002343
:1087A80001E013600432A242FBD3FFF7A5FE00F0FC
:1087B8001BF8FEE700A000200000002014000020A5
:1087C800A41E0108180000208C040020FEE7000009
:1087D800034AD2F8883043F47003C2F888307047EF
:1087E80000ED00E0000000002DE9F04F2DED028BB8
:1087F800A94BAA4AAA4D9A60B1B003F0E1FF01F073
:10880800FBFC01F02DFD02F0F1FA01F053FB01F041
:108818009BFD01F08BFC01F065FE01F027FC01F0E7
:1088280057FC2A7800230321CDE90B31CDE90D331C
:108838000F937AB12B78042B02D02B780A2B09D10D
:10884800012398480B930BA905F056FA0B2001F069
:10885800EDFE09E001244FF090400BA90B9405F0C0
:108868004BFA204601F0E2FE2B780A2B00F07382C7
:108878002B78052B00F06A822B78092B00F0668292
:1088880006AB039310AB13AC02932B780B2B00F0C1
:108898008A822B78012B0FD02B78022B0CD02B78C7
:1088A800032B09D02B78062B06D02B78072B03D067
:1088B8002B780A2B40F086827B497C4FDFF8208298
:1088C8000323C7E90013384640F2E733BB6006F0DC
:1088D80045F802F0ADFA02F0FFFB01F0DDF901F016
:1088E8005FFA002003F034F9DDF808A000263846C6
:1088F80006F062F8002E00F06D817207F3B200F006
:10890800958103F037FE013603F05EFE03F0C8FEE2
:1089180003F086FE03F0A4FE01F02EF801F0E6F85D
:10892800642003F071FF322EE1D1614B00241C70EA
:10893800E0B2013402F000FE082CF9D19FED548B0F
:108948000026DFF8A0B15B4CDFF89CA1B146B04629
:108958003746564806F030F89BF80030002B50D1C7
:1089680003F04CFF544B1B78002BA0EB07000CBF07
:108978004FF4FA736423984280F0228103F03EFF9B
:10898800A0EB0900132800F2078103F037FF801BD2
:10899800B0F5FA7F80F0FA8003F030FFA0EB080012
:1089A800952800F2A380454B1B78002B6AD101F073
:1089B800A5FF434B1B78002B5BD12B78082B27D0C6
:1089C8009AF80030002BC4D003F018FF3D4B1B6809
:1089D800C01A0028BDDB00228AF80020114602EBED
:1089E80042030132E1542344082A59709970F6D1A0
:1089F80002F01AF82D4805F0DFFF9BF80030002B35
:108A0800AED0002330488BF8003004F087FDA7E78C
:108A18002E4B1B78002BD3D02C4B00221A702C4BDA
:108A2800198889B2012938BF0121B1F5FA7F28BF19
:108A38004FF4FA71274B187802EB4203C0B2E054A6
:108A4800254800782344C0B2587024480078013281
:108A5800C0B2082A9870EDD1019101F0E5FF03F04A
:108A6800CDFE0199174B0144196001238AF80030A3
:108A7800A6E701F09BFF10B1114A0023137001F023
:108A8800D3FF9AE703F0B4F891E700BFAFF3008093
:108A9800000000000000000000ED00E00080000879
:108AA800950300200004004800300040C800002062
:108AB80004000020AC0000208600002052000020A6
:108AC80050000020540000202C0300204C000020FF
:108AD8005A0000204F0000204E0000204D000020CA
:108AE800F40B0108850000205800002003F086FEE2
:108AF800804600F0F1FE00F019FF03F001FD03F0DD
:108B08001DFD03F0F3FDB64A13780133DBB2022BE7
:108B180007D9B44A1378013303F003031370B04A3A
:108B28000023137003F094F82B7800228DED128B3C
:108B38008DF85420002B60D02B780A2B00F0918000
:108B48002B78042B00F0C6802B78052B00F0D28000
:108B58002B78092B00F0E5802B78082B7FF423AFC6
:108B6800A14B1B788DF8143040F2551310939F4891
:108B78000123149304F076FD00283FF414AF039BFF
:108B880002999A4805AA04F0F7FC0CE703F036FEB0
:108B9800064602F03BFBFFE603F030FE814600F09C
:108BA800EBFE00F0A3FF03F0E5FC03F00DFD03F07E
:108BB80077FD03F0B7FD03F033FD03F051FDE4E664
:108BC80003F01CFE4FF4004107464FF0904005F0BB
:108BD80097F9D3E603F0CEFC03F0F6FC03F060FD52
:108BE80003F01EFD03F03CFD00F0C6FE00F07EFF22
:108BF800642003F009FE012679E67D4A1388C3F351
:108C080007238DF8143013888DF81530764B1B78B0
:108C18008DF8163040F235131093744803231493DB
:108C280004F020FD00283FF4BEAEA8E7C3F3C1035B
:108C380003EB830308EBC3190224802249465046FC
:108C4800FFF7D4FC20460021013402F0AFF8E4B26B
:108C58008021504602F08CF8072C09F18009ECD1EC
:108C68004FE6634A61481388C3F307238DF814302D
:108C780013888DF8153040F275131093022314935E
:108C880004F0F0FC00285AD15A4A584813681B0AC5
:108C98008DF8143013688DF8153040F2771310935F
:108CA8000223149304F0DEFC002841D1524A4F48B5
:108CB80013681B0A8DF8143013688DF8153040F2CC
:108CC800791310930223149304F0CCFC00283FF48A
:108CD8006AAE54E7494A1388C3F307238DF8143062
:108CE80013888DF81530464B1B788DF8163040F2F6
:108CF800451391E740F2471310930323149372B678
:108D0800404B1B6862B65BBAADF81430364B374837
:108D18001B788DF8163004F0A5FC00283FF443AE0C
:108D28002DE7314B1B788DF8143040F265131DE7A1
:108D3800039B02992D4805AA04F01EFCB6E7039B85
:108D480002992A4805AA04F017FC9DE740F67F40DF
:108D580001F0F6FB94E540F6FF1001F0F1FB06A8E0
:108D680003210026202202230390099101270146AE
:108D780013AC4FF09040CDE9062308960A9704F00B
:108D8800BBFF01F01DFC10AB1396029366601946F9
:108D980040224FF404134FF09040CDE9102312976E
:108DA80004F0AAFF71E500231393082263604FF4CF
:108DB8000413CDE91023144802990123129304F0F7
:108DC8009BFF79E50023CDE9133311930822012392
:108DD8000D4802991092129304F08EFF6CE500BFC3
:108DE8003400002035000020440000202C0300201F
:108DF800A2000020880000206C0000209E000020B7
:108E08009D0000209400002000040048274B1A68A9
:108E1800B2F5A87F00D070471B69022BFBD9244903
:108E2800244AB1F801302448097811705BBA0380EC
:108E38001378012BD9B214D01378022B14D0002345
:108E48001E4A194603EB430C02EB0C000133082BB6
:108E580002F80C1041708170F4D1194B01221A707C
:108E68007047184B1970704700B572B61649174A03
:108E7800174B91F800E092F800C018785FFA8EFE60
:108E88005FFA8CFCC0B262B60C4A002101EB4103C8
:108E9800013102F803E01344082983F801C09870EF
:108EA800F4D1074B01221A705DF804FB100300206F
:108EB800080300205C0000205A000020AC000020BD
:108EC800500000204C0000204F0000204E000020E1
:108ED8004D00002038B5274C274B2246002104F0CE
:108EE800D5FB00B138BD03F089FC244D244B186034
:108EF80000F0F6F92B781BB12368B3F5807FF1D128
:108F080000F092F82B78002BECD11E4B1B780A2B23
:108F1800E8D801A252F823F0558F00084D8F0008B9
:108F28004D8F00084D8F0008ED8E0008758F0008E2
:108F38004D8F00084D8F00086D8F0008658F000861
:108F48005D8F0008BDE8384000F0BCBBBDE8384084
:108F580000F0A6BCBDE8384000F000BCBDE83840D1
:108F680000F06CBBBDE83840FFF750BFBDE83840A3
:108F780000F00AB810030020080300208600002033
:108F8800400000209503002038B51F4B1A68B2F541
:108F9800A07F00D038BD1B69012BFBD91B4B1B7868
:108FA800002BF7D11A4D1B4C2B78237003F026FCAD
:108FB8006A78194BA2F10102B2FA82F218605209DA
:108FC80010214FF0904004F095FF2378134A14497C
:108FD80040F67F4000FB03F3A2FB03230968114816
:108FE800DB094B63237803F0FF0233B1BDE8384057
:108FF80001224FF4007104F07DBFBDE838404FF402
:10900800007104F077BF00BF1003002004000020A7
:10901800080300209C0000207C00002081808080C4
:1090280070020020000400482DE9F041994D2B689A
:10903800B3F5C07F92B03ED0B3F5C17F6FD0B3F522
:10904800C97F09D0B3F5807F03D12B69082B00F0C5
:10905800AC8012B0BDE8F0812B69042BF9D18E4B9E
:109068001A78E32AF5D15A78A52AF2D19A78E02A13
:10907800EFD1DE78FF2EECD11D2231460AA8FFF78A
:1090880063FA1D220AA9002000F0CCFE0024834BBD
:1090980083481C701D222146FFF756FA81481D227D
:1090A8003146FFF751FA804804F0DCFA002840F016
:1090B800DC802B68C6E72B69012BCAD9764A14785D
:1090C800072CA04603F1FF3328BF4FF00708984547
:1090D8002BD8002204214FF090408DF8108004F026
:1090E80009FF002C00F09C806B4F04AE002417F899
:1090F800010F00F011FE0134E4B2444506F8010FF7
:10910800F5D34FF090400122042104F0F3FE6648A5
:1091180004F0A8FA98BB2B68B3F5C17F8FD16248D9
:1091280004F0A0FA60B92B6889E75FFA83F8002297
:1091380004214FF090408DF8108004F0DBFED3E757
:109148004FF40041594804F0CFFEA0F10100B0FAF5
:1091580080F0400940F283120123002100260027F5
:109168008DF808000A920E938DF83C1004AB02AA01
:109178000AA94D48CDE90C6704F0FEF9D3E708F1D8
:1091880001085FFA88F240F28110002100260027CA
:109198000A900E928DF83C1002AB04AA0AA9424824
:1091A800CDE90C6704F0E8F9B5E73B4F404B414A7D
:1091B80079783878187001245970B97899701470D2
:1091C80003F01CFB3C4B3D49FA783D4E3D4D00F504
:1091D8001C50103008601A703B4A3B791470337089
:1091E8003A4C7B792B703A4ABB7923701278FB7919
:1091F800082A17D037496BB30022307802EB4203B4
:10920800C0B2C85428780B44C0B2587020780132D4
:10921800C0B2082A9870F0D12F4B01221A7018E7B3
:10922800A0466EE72D4B1B78022BF5D172B632782B
:109238002B782078D5B2DCB2C0B262B625490022BC
:1092480002EB42030132CD540B44082A5C7098703B
:10925800F6D1E1E71A4603EB430408190133082B5A
:109268000A5542708270F6D1D6E740F29113049302
:1092780000220023CDE906230822089201AB6A44A4
:1092880004A9094802948DF82440039404F074F961
:109298000FE700BF1003002008030020740300201C
:1092A80078030020540300202C0300200008004805
:1092B800C40000203C00002051000020380000209D
:1092C8004F0000204E000020520000204D000020DA
:1092D80095030020AC000020500000205C00002016
:1092E80010B59C4C2368B3F5FE6F8AB000F0BA80C5
:1092F800B3F5FF6F1CD0B3F5887F23D0B3F5C87FD3
:109308002AD0B3F5D07F66D040F2A11293426AD03A
:10931800B3F5D17F71D040F2A312934275D0B3F563
:10932800D27F7BD040F2A51293427DD00AB010BD07
:10933800894804F097F9002840F056812368B3F56E
:10934800887FDBD1844804F08DF9002840F0228121
:109358002368B3F5C87FD4D17F4804F083F9002887
:1093680035D07E4B7E49DA88097858798DF808100F
:10937800197E8DF809008DF80A1002B91A89987AB1
:109388008DF80C20110A8DF80B1000B9187BDA7AC9
:10939800597B93F80EC08DF80D000A434FF0000179
:1093A8000CBF0B46012308208DF80E3040F29113B4
:1093B800CDE9061104930DEB000208908DF82410F6
:1093C80065488DF80FC001AB04A904F0D5F82368EF
:1093D800B3F5D07F98D123692BB1624B1B78042B4E
:1093E80001D8614A13705C4804F03CF9002840F049
:1093F8009B802368B3F5D17F8DD123692BB1594B5D
:109408001B780C2B01D8594A1370534804F02AF9D9
:10941800002870D12368B3F5D27F83D123691BB1AB
:10942800504A534B12781A704B4804F01BF9002825
:109438003FF47CAF4E4B00211B788DF8053003209C
:1094480040F2A512CDE9061102248DF80400049219
:109458008DF8241002AB01AA04A93F48089404F02F
:109468008BF863E72269042A7FF45CAF3D4A1178E0
:10947800B0297FF450AF517807297FF445AF917830
:109488001D297FF441AFD2785A2A7FF43DAF394A7B
:10949800394B12681B6839480024546340215C63C7
:1094A800012204F027FD354822464FF4007104F0EC
:1094B80021FD224602214FF0904004F01BFD304B65
:1094C8001B78092B00F0A68000232E4A049302E0A3
:1094D800049B01330493049B9342F9D9BFF34F8F44
:1094E80029492A4BCA6802F4E0621343CB60BFF3F0
:1094F8004F8F00BFFDE7264A1C4B12781B788DF86A
:109508000420002140F2A3100222CDE906118DF8B3
:109518000530049008928DF8241002AB01AA04A922
:109528000D4804F029F875E70F4B00211A788DF8DB
:10953800042040F2A1130120CDE9061104930890FC
:109548008DF8241002AB01AA04A9034804F014F80A
:109558004FE700BF100300202C03002078030020F1
:109568007403002008030020730300207203002006
:10957800710300207002002024020020000400482B
:1095880095030020FFE1040000ED00E00400FA0567
:109598000C00002022482349234A0078234B0978ED
:1095A80012781B788DF80400003918BF0121003AA1
:1095B80018BF0122003B18BF01238DF8051040F2A7
:1095C800111000218DF806200422CDE906118DF82E
:1095D8000730049008928DF8241002AB6A4404A95D
:1095E800134803F0C9FFB3E6124A4FF00113CDE95F
:1095F8000223002140F2F9700822CDE906110490F7
:1096080008928DF8241001AB6A4404A9084803F0B5
:10961800B3FF93E608482246402104F06BFC53E769
:10962800950300208600002085000020040000200B
:109638002C030020000303CC00040048194B1A68CF
:10964800B2F5B07F00D070471B69012BFBD970B50C
:10965800154B1B7803F0FF0403B170BD134D144E76
:109668002B78337003F0CAF86A78124B012A186015
:109678000DD0114B11481B68A2F10102B2FA82F217
:109688005C635209BDE87040402104F033BC347873
:109698000B4B40F67F4101FB04F4A3FB0434E409BF
:1096A800E7E700BF100300200400002008030020A3
:1096B8008400002080000020700200200004004880
:1096C80081808080F8B51E4B1A68B2F5907F00D073
:1096D800F8BD1B69042BFBD91A4B1B7803F0FF0557
:1096E800002BF5D172B6184E18483478184F20213F
:1096F80004F0FAFBA4F10104B4FA84F46409A0426A
:109708002246124818BF3D60202104F0F3FBD6F82A
:10971800013013B93B6062B6F8BD0E4A0E4D0B48D6
:1097280000241BBA1360082122463B602C7004F009
:10973800E1FB06482246402104F0DCFBEBE700BFD2
:109748001003002004000020080300200004004843
:10975800A800002008000020A4000020404AF8B516
:109768001368B3F5B87F22D040F273118B4203D14E
:109778001369002B4DD1F8BDB3F5BC7FFBD113693C
:10978800002BF8D0374A384B12781A701B78374AB2
:10979800374903EB8300C3EB40230968A2FB03238B
:1097A800DB094B6303F02AF8324B1860F8BD1369E4
:1097B800052BE0D92B4C304A23885BBA138003F081
:1097C8001DF82E4A2E4B10601B7803F0FF06002B65
:1097D800D1D172B6A5782B482B4F202104F084FBF9
:1097E800A5F10105B5FA85F56D09A8422A464FF09D
:1097F8002001244818BF3E6004F07CFB2379E178FF
:1098080062791B0243EA0143134317D13B6062B6F6
:10981800F8BD144A1D4B12781A701B78134A1C495C
:1098280003EB8300C3EB40230968A2FB0323DB0996
:109838004B6302F0E3FF174B1860F8BD164A174D4B
:109848001360002422460F483B6008212C7004F066
:1098580051FB0C482246402104F04CFBD7E700BFDF
:1098680010030020080300207400002081808080FD
:109878002402002068000020A000002060000020D2
:109888000400002000040048A800002090000020E8
:10989800700200207800002008000020A4000020AA
:1098A80008B5094B1A68B2F5987F00D008BD1B6946
:1098B800012BFBD9054B064A1B885BBA138002F0C3
:1098C8009DFF044B186008BD10030020080300200A
:1098D800A00000206400002008B50F4B1B78042B63
:1098E80000D008BD0D4803F0C5F90C48022103F06B
:1098F80075FA48B1094803F04DFA0948082104F0FF
:10990800F3FA084B187008BD044803F0FFFA064B39
:1099180080B21880EEE700BF95030020D800002031
:10992800000400489D0000209E00002008B50E4B52
:109938001A784AB11A78052A06D01A78092A03D063
:109948001B78082B00D008BD0848082104F0CCFA81
:10995800074BB0FA80F01A784009824208BF054ADE
:10996800187008BF107008BD950300200004004857
:109978000D00002044000020534B1B7803B17047B2
:109988002DE9F04303F0FF0483B0224602214FF093
:10999800904004F0AFFA0194019BB3F5207F06D202
:1099A800019B01330193019BB3F5207FF8D347480E
:1099B80003F060F94548022103F010FA00284AD064
:1099C800434E01233370434D404803F0E3F92B889D
:1099D8009BB2B3F5DF7F03D3002201232A803370C3
:1099E800337803F0FF04002B50D13B4F97F80080E9
:1099F800B8F1000F1FD1DFF8EC90D9F80030002B38
:109A080046D102F0FBFE3549354B0A88C9F80000FB
:109A18001A800A882B889BB292B2023B9A420EDACD
:109A280001243C70224602214FF0904003B0BDE86B
:109A3800F04304F05FBA2B4B28491C60E9E70A8819
:109A48002B889BB292B202339A4239DC3C78003CB4
:109A580018BF0124E6E71D4803F058FA40F6E973F9
:109A6800A0F110029A42ABD84FF4E17202FB00F069
:109A78001D4B1A49164E00F2FF70A3FB0023C01AB3
:109A880003EB5003C3F3CF230B809CE70022CAE704
:109A980002F0B4FED9F800301049C01A40F6B833C5
:109AA8009842B6D90E4B0A881B8892B205339A425F
:109AB800AFDD0123424602214FF090403370B5E7F5
:109AC80000233B70AEE700BF95030020D8000020BC
:109AD80086000020A0000020A4030020A20000208F
:109AE8009E030020A0030020010110002DE9F84387
:109AF800604B1B780A2B01D0BDE8F8835E4803F061
:109B0800B9F85D48022103F069F9044600284AD0F3
:109B18005A4E012333705A4D574803F03BF92B88AE
:109B28009BB2B3F5967F29D8337803F0FF04002B56
:109B38005FD1544F97F80090B9F1000F23D1DFF8A7
:109B48005081D8F80030002B5BD102F057FE4E4907
:109B58004E4B0A88C8F800001A800A882B889BB2E6
:109B680092B2023B9A4212DA01243C702246022148
:109B7800BDE8F8434FF0904004F0BCB9002201233F
:109B88002A803370D0E7424B3F491C60E5E70A88DA
:109B98002B889BB292B202339A424DDC3C78003C4F
:109BA80018BF0124E2E7344803F0B0F940F6E9733E
:109BB800A0F110029A42ABD883B2742B3FD940F679
:109BC800C67293423ED8334A05B22346171D32F96E
:109BD8002310A94202EB830603DC37F92340AC4289
:109BE80032DA0133202BF2D100232749234E0B8090
:109BF80091E7BDE8F843002202214FF0904004F0BD
:109C080079B902F0FBFDD8F800301F49C01A40F6B8
:109C1800B8339842A1D91D4B0A881B8892B20533E4
:109C28009A429ADD012333704A460221BDE8F8437F
:109C38004FF0904004F05EB900233B7096E74FF474
:109C4800A073D2E72346D0E7B6F90250B6F906303A
:109C5800641A5B1B401A03FB00F004EBD4735B101F
:109C68000028B8BF5B42034493FBF4F32B449BB238
:109C7800BBE700BF95030020D80000208600002025
:109C8800A00000209C030020A200002096030020D2
:109C980098030020040301081C4B30B55A691C4D79
:109CA80042F480225A615B6989B003F480234FF43F
:109CB80040601121CDE90201002401931448019A62
:109CC8000494032302A9CDE9053404F015F81048DB
:109CD80001224FF4806104F00DF94FF4FA6400E0BA
:109CE80084B14FF48061284604F0FEF8013C012855
:109CF800A4B2F5D1064801224FF4006104F0FAF845
:109D080009B030BD034B01221A70F3E7001002407E
:109D180000040048A50300202DE9F04100241F4E4F
:109D280082B080460725274648FA05F212F001025C
:109D380018BF01224FF40041304604F0DBF800223E
:109D48000421304604F0D6F80097009B132B05D861
:109D5800009B01330093009B132BF9D901220421A6
:109D6800304604F0C7F84FF48071304604F0BCF870
:109D780064000128E4B201D144F001040197019B79
:109D8800132B05D8019B01330193019B132BF9D9A0
:109D9800013DC9D2204602B0BDE8F0810004004868
:109DA800F0B51E4D87B00024012204214FF09040E9
:109DB800CDE90044CDE90244049404F09BF8012263
:109DC8002846042104F096F801270323042669464F
:109DD8004FF0904003930096CDE9017403F08CFF97
:109DE80069462846009603F087FF4FF40046694607
:109DF8002846009603F080FF4FF4807200236946DE
:109E08002846CDE90023029703F076FF0448009620
:109E18006946029403F070FF07B0F0BD00040048E3
:109E2800000800485AB32DE9F043DFF8588085B0A0
:109E380081460E461546322706E02D1BA144ADB2D9
:109E48001FFA89F92644B5B109F01F04C4F12004AA
:109E5800A4B2AC4228BF2C46CDE9014700960223A4
:109E68004A46A021404604F0D9FA0028E5D000204F
:109E780005B0BDE8F083012005B0BDE8F0830120FE
:109E8800704700BF2801002000B585B08446322302
:109E9800CDE90123009102236246A021044804F081
:109EA800BDFBB0FA80F0400905B05DF804FB00BFC7
:109EB800280100202DE9F047DFF85C81514FDFF8D9
:109EC8005C9188B00A254FF0FF0A00260121404620
:109ED80004F00AF80221B0FA80F44046640904F05C
:109EE80003F808B944F002041021384603F0FCFFD7
:109EF80008B944F004048021384603F0F5FF08B996
:109F080044F008044FF40051484603F0EDFF08B947
:109F180044F0100454450CD10136F6B2032E0AD091
:109F2800022002F071FC6B1E13F0FF0503D0A2465D
:109F3800CCE70126F4E7344B0B2C1C7004D8334BC8
:109F48001C7008B0BDE8F0871F2C1DD02F49304B7E
:109F58002C480C240C70012240211A7003F0CAFF0F
:109F6800284800224FF4007103F0C4FF254800225E
:109F7800402103F0BFFF002202214FF0904008B0BB
:109F8800BDE8F04703F0B6BF1D2269460020FFF781
:109F98007BFF18B11F4B009A9A421DD01B491C4BDE
:109FA80018480C240C70012240211A7003F0A2FFFB
:109FB800144800224FF4007103F09CFF114800225E
:109FC800402103F097FF002202214FF0904003F058
:109FD80091FF08B0BDE8F0879DF80430052BDDD16E
:109FE800684601F05DF89DF81C308342D6D19DF893
:109FF8001A20013AD2B20B2AD0D8044B1A7008B0F2
:10A00800BDE8F087000400480C00002095030020FC
:10A0180086000020435452550014004800080048A8
:10A028000E4A0F48D16930B441F48001D161D26938
:10A038000C4C0D4982B002F480020192019D00236C
:10A048000122C0E90041C0E90232C0E90433C0E995
:10A058000633036202B030BC04F092B8001002402C
:10A0680028010020005800402A231000144B1549ED
:10A078005A6930B542F001025A615B69124C83B0EB
:10A0880003F0010301930025802301981022204644
:10A09800C4E90253C4E90012C4E90455C4E90655E9
:10A0A80003F05EFD2A4603210D2003F0F5FC0D2088
:10A0B80003F02EFD054B63625C6503B030BD00BF45
:10A0C80000100240300002407C010020C001002046
:10A0D800134A1448916930B441F4805191619269EE
:10A0E800114982B002F4805201924FF48272C0E9A1
:10A0F8000012019D4FF4007200234FF4E064202108
:10A1080082610722C0E90234C0E90433C0E90713B9
:10A11800C0E90933C26202B030BC05F013BA00BF0F
:10A1280000100240C0010020003001402F4BF0B564
:10A13800DA692F4C42F00072DA61DB6991B003F002
:10A148000073009302274FF4C0510126CDE901178F
:10A15800009801A9032209234FF09040CDE903623A
:10A16800059303F0C9FD234A04230025C4E900230D
:10A178004FF080734FF44022C4E902534FF4801328
:10A18800C4E904234FF00123A36120464FF48073F0
:10A19800A38303F0CBF806A92046CDE90B55CDE9FA
:10A1A8000655CDE908550D960A950E9603F03EF929
:10A1B800204603F0B3F93946204603F0EBFA4FF492
:10A1C8000441204603F0E6FA2A463146142003F0FB
:10A1D80063FC142003F09CFC2A463146162003F049
:10A1E8005BFC162003F094FC11B0F0BD0010024097
:10A1F8002C0300200064004030B5A1B000242022C8
:10A20800002107A8FEF7A0F921463C2210A8CDE9B5
:10A218000144CDE903440594FEF796F90122102381
:10A22800CDE90A2302254FF4601306A80F9306957B
:10A238000D9504F0CFFB0F23019329464FF480635B
:10A2480001A8CDE903430295059404F0ADFE60230F
:10A2580010A8CDE91744109304F054FF21B030BD85
:10A2680070B500258CB0CDE90655CDE90855324CBE
:10A278000A95A36943F00103A361A36903F00103ED
:10A288000093009B636943F400336361636903F4DB
:10A2980000330193019B636943F48023636163691D
:10A2A80003F480230293029B636943F48003636190
:10A2B800636903F480032A4603934FF400414FF087
:10A2C8009040039B012603F015FE4FF4004306A9B6
:10A2D8004FF09040CDE90636CDE9085503F00CFD66
:10A2E8000322002306A915480896CDE9062303F0A2
:10A2F80003FD06A912489023069303F0FDFCE369C9
:10A3080043F08053E361E36903F080530493049BB3
:10A3180004F058FB63690B4843F4002363616369E5
:10A3280003F400234FF40052059306A9059B0692F7
:10A3380003F0E2FC0CB070BD0010024000140048AD
:10A34800000400480008004870B5002486B0634D3A
:10A358006348049422462021CDE90044CDE9024413
:10A3680003F0C8FD2B78092B00F0AA802B78052B69
:10A3780000F0AC802B780C2B00F096805848012216
:10A38800402103F0B7FD4FF418710123CDE9001304
:10A398000022032352486946CDE9022303F0ACFCAE
:10A3A8002B78012B0ED02B78022B0BD02B78032B7C
:10A3B80008D02B78062B05D02B78072B02D02B78CA
:10A3C8000A2B10D146480022082103F093FD0820EB
:10A3D8000121CDE900010022032341486946CDE966
:10A3E800022303F089FC00223D48022103F082FD8C
:10A3F800022569463A48009503F07EFC002229466A
:10A408004FF0904003F076FD69464FF0904000957C
:10A4180003F072FC80230024CDE9003503260523D0
:10A4280069464FF090400493CDE9024603F064FC7E
:10A438004FF480730093694606234FF09040CDE9AE
:10A448000363CDE9015403F057FC0125224610218E
:10A458004FF09040CDE90154CDE9034403F04AFDA3
:10A46800102369464FF09040009303F045FC4FF4E9
:10A478000413694608224FF09040CDE90023029565
:10A4880003F03AFC22462146092003F005FB092087
:10A4980003F03EFB22463146172003F0FDFA172051
:10A4A80003F036FB06B070BD22460D48402103F08C
:10A4B80021FD0B4822464FF4007103F01BFD62E7B3
:10A4C80007482246402103F015FD5CE70448224670
:10A4D8004FF4007103F00EFD55E700BF950300200F
:10A4E80000040048134B1449DA6930B542F00202FF
:10A4F800DA61DB69114C83B003F002030193002594
:10A508004FF47A73019825613F222046C4E900126E
:10A51800C4E9025305F0AAFC2A4602211D2003F0D3
:10A52800BBFA1D2003F0F4FA204603B0BDE8304022
:10A5380005F0B4BA0010024000040040BC0200203C
:10A5480030B500248BB0CDE90244CDE90444CDE90F
:10A558000644184B08949A69174D42F400629A61B0
:10A568009B696C6103F40063014601932846134B11
:10A57800019A2B60C5E90314C5E9014405F0A8FC5C
:10A588006023029300220023CDE9062302A9224674
:10A598002846CDE903440594089405F00DFD2146AD
:10A5A800284605F049FB2A68536C43F4004353647A
:10A5B8000BB030BD0010024070020020002C01409A
:10A5C80030B500248BB0CDE90244CDE90444CDE98F
:10A5D8000644144B0894DA69134D42F00102DA611B
:10A5E800DB696C6003F0010301934FF0804240F691
:10A5F800FF132846C5E9024301992A602C6105F03A
:10A6080067FC00236022CDE9022302A922462846DE
:10A618000494069405F0D0FC2146284605F00CFB6E
:10A628000BB030BD0010024024020020F0B5002419
:10A6380089B0CDE90244CDE90444CDE906441A4B7A
:10A648001A4D5A6942F080525A615B692C8303F0B3
:10A65800805301934FF0A0432B604FF40033012641
:10A6680007466B6028460423019AEE61C5E9044356
:10A67800C5E9024485F82040AE6285F830406C6335
:10A6880002F0B2F9052302A92846CDE90363CDE912
:10A6980005440297079402F087FC2146284602F0F9
:10A6A80039FC09B0F0BD00BF00100240D8000020FE
:10A6B800014B01221A70704785000020014803F001
:10A6C80091B800BF2C030020044B4FF090416FF06D
:10A6D800A0504FF0FF3208601A60FEE700040048FF
:10A6E80030B5082889B014D0402801D009B030BD51
:10A6F8003B4B1B780A2BF9D102F080F8394A1368D2
:10A70800C31A012BF2D9384910600B6801330B606A
:10A71800ECE7334B1A780B2A12D01A78052A33D073
:10A728001B780A2BE2D102F069F8304A1368C31A81
:10A73800012BDBD92E4910600B6801330B60D5E77C
:10A7480002F05CF82B4A1368C31A012BCED99FED8F
:10A75800227B952301241060029327488DF800403E
:10A7680000238DED047B06948DF81C3002F07AFFEF
:10A77800B8B101AB6A46204802A902F0FDFE1F4AA3
:10A78800136801331360B1E702F038F81C4A136804
:10A79800C31A012BAAD91B4910600B6801330B603F
:10A7A800A4E721461448144D02F038FF022112484C
:10A7B80002F034FF1048042102F030FF4FF47A749D
:10A7C80003E0013CA4B2002CD3D0284602F04AFF93
:10A7D8000028F6D0CDE700BF000000000000000010
:10A7E80095030020A803002070000020AC0300207F
:10A7F8008C000020B40300202C0300204800002017
:10A80800B003002098000020082003F083BB00BF9D
:10A81800402003F07FBB00BF01F0E4BF014805F012
:10A8280015BA00BFBC0200202D4B02689A4200D026
:10A83800704770B52B4B1B7803F0FF056BB92A4C9A
:10A8480023684BB1294E337813BB294801220821CC
:10A8580003F050FB0123337070BD234B24480024C0
:10A86800012240211C6003F045FB224B1B6803B109
:10A878005C63214C2378092B2CD02378052BEBD152
:10A88800BDE870401A4800224FF4007103F032BB53
:10A8980017482A46082103F02DFB357072B6236845
:10A8A800013B236062B62368002BD5D12368002BB7
:10A8B800D2D1114B1A78072ACED01A78062ACBD0D3
:10A8C8001B780A2BC8D0BDE87040094801224021F6
:10A8D80003F010BB06480022402103F00BFBCCE735
:10A8E8000004004086000020A8000020A4000020EA
:10A8F8000004004870020020950300202DE9F84369
:10A90800244C254B25786178A2781B78EDB2CEB21D
:10A91800D7B273B1FF23214A237000236370A37059
:10A9280013702378AB4226D01D4B01221A70BDE864
:10A93800F883DFF8689099F8003033B101F05EFFD2
:10A94800184B1B68C01A0028EBDB4FF0000889F889
:10A95800008001F053FF144B1B68C01A40F2DB5310
:10A9680098420FD8FF2384F8008084F80180A370F0
:10A978002378AB42D8D16378B342D5D1A378BB4210
:10A98800D2D1D4E7FF2384F80080637084F8028072
:10A99800C7E700BFC4000020860000203C0000205C
:10A9A80050000020380000204000002038B51A4828
:10A9B80004F052FF012802D00024204638BD174A6F
:10A9C800174B184D044650781178927800EB4000E8
:10A9D80000EB030C185A288001EB41019CF8020097
:10A9E800A870C81802EB4202595AA5F803108178DA
:10A9F8006971D018995AE98083782B7264220021F2
:10AA080005F10900FDF7A0FD6D222946024804F072
:10AA180039FE204638BD00BFC0010020C400002018
:10AA2800C8040108B803002070B582B072B6824D20
:10AA3800824A0024022304EB440C05EB0C00072196
:10AA4800467815F80CE090F802C0F6B25FFA8EFE70
:10AA58005FFA8CFC46FA01F0C007936119D500BF74
:10AA680000BF00BF00BF00BF00BF00BF00BF00BFE6
:10AA780000BF00BF00BF00BF00BF00BF00BF00BFD6
:10AA880000BF00BF00BF00BF00BF00BF00BF00BFC6
:10AA980000BF00BF00BF00BF00BF00BF00BF00BFB6
:10AAA80000BF00BF00BF00BF00BF00BF00BF00BFA6
:10AAB80000BF00BF00BF00BF00BF936200BF00BF60
:10AAC80000BF00BF00BF00BF00BF00BF00BF00BF86
:10AAD80000BF00BF00BF00BF00BF00BF00BF00BF76
:10AAE80000BF00BF00BF00BF00BF00BF00BF00BF66
:10AAF80000BF00BF00BF00BF00BF00BF00BF00BF56
:10AB080000BF00BF00BF00BF00BF00BF00BF00BF45
:10AB180000BF00BF00BF00BF00BF00BF00BF00BF35
:10AB2800013997D207214EFA01F0C607936119D56A
:10AB380000BF00BF00BF00BF00BF00BF00BF00BF15
:10AB480000BF00BF00BF00BF00BF00BF00BF00BF05
:10AB580000BF00BF00BF00BF00BF00BF00BF00BFF5
:10AB680000BF00BF00BF00BF00BF00BF00BF00BFE5
:10AB780000BF00BF00BF00BF00BF00BF00BF00BFD5
:10AB880000BF00BF00BF00BF00BF00BF936200BF8F
:10AB980000BF00BF00BF00BF00BF00BF00BF00BFB5
:10ABA80000BF00BF00BF00BF00BF00BF00BF00BFA5
:10ABB80000BF00BF00BF00BF00BF00BF00BF00BF95
:10ABC80000BF00BF00BF00BF00BF00BF00BF00BF85
:10ABD80000BF00BF00BF00BF00BF00BF00BF00BF75
:10ABE80000BF00BF00BF00BF00BF00BF00BF00BF65
:10ABF80000BF013997D207214CFA01F0C0079361D1
:10AC08001ED500BF00BF00BF00BF00BF00BF00BF10
:10AC180000BF00BF00BF00BF00BF00BF00BF00BF34
:10AC280000BF00BF00BF00BF00BF00BF00BF00BF24
:10AC380000BF00BF00BF03E0AC00002000040048D4
:10AC480000BF00BF00BF00BF00BF00BF00BF00BF04
:10AC580000BF00BF00BF00BF00BF00BF00BF00BFF4
:10AC680000BF00BF00BF00BF936200BF00BF00BFAE
:10AC780000BF00BF00BF00BF00BF00BF00BF00BFD4
:10AC880000BF00BF00BF00BF00BF00BF00BF00BFC4
:10AC980000BF00BF00BF00BF00BF00BF00BF00BFB4
:10ACA80000BF00BF00BF00BF00BF00BF00BF00BFA4
:10ACB80000BF00BF00BF00BF00BF00BF00BF00BF94
:10ACC80000BF00BF00BF00BF00BF00BF00BF013909
:10ACD80092D20134082C7FF4AEAE62B60023019301
:10ACE800019BB3F57A6F06D2019B01330193019B57
:10ACF800B3F57A6FF8D302B070BD00BF014802F017
:10AD0800B1BF00BF7C01002070B582B03226044676
:10AD18000D460B46024600960948782103F0A6FA2C
:10AD280058B1074803F088FAFFF77AF90448009603
:10AD380078212B46224603F099FA02B070BD00BF75
:10AD480028010020094B1A7802B9704700B583B072
:10AD580003460022022101A88DF804208DF8053051
:10AD6800FFF7D2FF03B05DF804FB00BF0E00002020
:10AD78000D4B1B7803B101B9704710B58029A2B0FB
:10AD880028BF802140230A460C4601460DF10500E4
:10AD98008DF80430FDF72AFC611C89B201A8FFF781
:10ADA800B3FF22B010BD00BF0E0000200E4B1B7871
:10ADB80003B9704700B583B001F00F030A09503892
:10ADC80004214FF0000C10328DF805000DEB010046
:10ADD8008DF804C08DF806308DF80720FFF794FF32
:10ADE80003B05DF804FB00BF0E0000200F4B10B548
:10ADF8005A6942F400325A615B6988B04FF4C06006
:10AE0800122103F40033CDE902010193012202A9C2
:10AE18004FF0904004240323CDE904230694019BBA
:10AE280002F06AFFFFF7FCF808B010BD00100240FE
:10AE380030B583B0FFF7DAFF322001F0E5FC0523D7
:10AE48009548964C0222782103F0ECFC051E0CBFB5
:10AE580001230023237001D003B030BD4FF42E43EB
:10AE6800022101A8ADF80430FFF74EFF2378002B2C
:10AE7800F2D04FF45543022101A8ADF80430FFF792
:10AE880043FF2378002BE7D04FF40043022101A8A9
:10AE9800ADF80430FFF738FF2378002BDCD04FF4EF
:10AEA8002843022101A8ADF80430FFF72DFF2378CD
:10AEB800002BD1D04FF47C53022101A8ADF8043007
:10AEC800FFF722FF2378002BC6D04FF4534302210B
:10AED80001A8ADF80430FFF717FF2378002BBBD08B
:10AEE800022101A8ADF80450FFF70EFF2378002BCC
:10AEF800B2D04FF48043022101A8ADF80430FFF727
:10AF080003FF2378002BA7D04FF40D43022101A89B
:10AF1800ADF80430FFF7F8FE2378002B9CD04FF4EF
:10AF2800A053022101A8ADF80430FFF7EDFE237805
:10AF3800002B91D04FF40053022101A8ADF8043042
:10AF4800FFF7E2FE2378002B86D04FF4007302212E
:10AF580001A8ADF80430FFF7D7FE2378002B3FF4A3
:10AF68007BAF4FF42143022101A8ADF80430FFF76D
:10AF7800CBFE2378002B3FF46FAF4FF448430221F8
:10AF880001A8ADF80430FFF7BFFE2378002B3FF48B
:10AF980063AF4FF45A43022101A8ADF80430FFF71C
:10AFA800B3FE2378002B3FF457AF4FF490530221A0
:10AFB80001A8ADF80430FFF7A7FE2378002B3FF473
:10AFC8004BAF4FF40143022101A8ADF80430FFF75D
:10AFD8009BFE2378002B3FF43FAF4FF44F430221F1
:10AFE80001A8ADF80430FFF78FFE2378002B3FF45B
:10AFF80033AF4FF45943022101A8ADF80430FFF7ED
:10B0080083FE2378002B3FF427AF4FF471430221CE
:10B0180001A8ADF80430FFF777FE2378002B3FF442
:10B028001BAF4FF45B43022101A8ADF80430FFF7D2
:10B038006BFE2378002B3FF40FAF4FF480430221BF
:10B0480001A8ADF80430FFF75FFE2378002B3FF42A
:10B0580003AF4FF42443022101A8ADF80430FFF7F1
:10B0680053FE2378002B3FF4F7AE4FF4264302211A
:10B0780001A8ADF80430FFF747FE2378002B3FF412
:10B08800EBAE4FF42F43022101A8ADF80430FFF7CF
:10B098003BFE03B030BD00BF280100200E00002099
:10B0A800411E00F11B0C002011F8012F082350400D
:10B0B80042B2002AB8BF52004FEA4000B8BF82F03F
:10B0C800070203F1FF33ACBFC0B2D0B213F0FF03E5
:10B0D800EED18C45E8D170472DE9F041002488B0C5
:10B0E800404D1D22694620462C70FEF7CDFE18B152
:10B0F8003D4B009A9A4202D008B0BDE8F0819DF815
:10B108000430052BF8D10DF1FF300DF11B0C224650
:10B1180010F8011F08234A4051B20029B8BF49005E
:10B128004FEA4202B8BF81F0070103F1FF33ACBF19
:10B13800D2B2CAB213F0FF03EED18445E8D19DF82C
:10B148001C109142D8D16C469C4601232B70A64610
:10B158000FCC264F264E38607960BA6007CCFB606A
:10B16800237838617961BA613B773377BEE80F009D
:10B1780030607160B260BEE80700DFF88C80F36071
:10B1880030617161B2619DF810209DF8113088F826
:10B198000020184D88F801309DF813009DF81230F2
:10B1A8009DF814109DF8152088F802300CEB4C031C
:10B1B8000CF1010CE8542B44BCF1080F59709A703B
:10B1C800F4D10D480D4A9DF8174004700C490D4BF9
:10B1D8009DF8194014709DF81A009DF81B200870FE
:10B1E8001A7089E7740300204354525578030020ED
:10B1F80054030020AC0000205300002073030020FB
:10B208007203002071030020C4000020F0B589B04B
:10B218001D2200216846FDF797F972B6734C7449F0
:10B2280022782378009105208DF804008DF80520F8
:10B23800002B40F09E806F4B1B889BB22278ADF8A4
:10B2480006300A2A04BF6B4B1B8822780CBF9BB2BE
:10B258000023052AADF8083004BF674B1B78227815
:10B268000CBFDBB20023052A8DF80A3000F0B2804B
:10B27800002322788DF80B30092A04BF5F4B1B7816
:10B2880022780CBFDBB20023092A8DF80C3000F0BD
:10B298009780002322788DF80D300A2A04BF584B76
:10B2A8001B7822780CBFDBB200230A2A8DF80E30F7
:10B2B80008BF544B544A08BF1978544B1478507837
:10B2C8008DF811000CBFC9B200218DF80F109178CC
:10B2D8001A788DF8121058788DF8132099781A7802
:10B2E8008DF810408DF814008DF8151012B95A78A1
:10B2F800002A40D00123464A8DF8163012788DF87E
:10B30800172044484449454A454B00780978127843
:10B318001B788DF818008DF819108DF81A208DF803
:10B328001B3062B600210DF1FF320DF11B0012F83F
:10B33800013F082459404BB2002BBCBF5B0083F08F
:10B3480007034FEA4101B8BFD9B204F1FF33A8BFE0
:10B35800C9B213F0FF04EED18242E8D1314D8DF825
:10B368001C101C2229466846FDF7DAF940B909B0D5
:10B37800F0BD002362E79B78003B18BF0123BAE7C2
:10B38800294F01F03BFA3B6840F6B732C31A9342A3
:10B398000646ECD920461D226946FEF743FD0028E3
:10B3A800E5D06C460FCC28606960AA6007CCEB60DA
:10B3B80023783E6028616961AA612B7709B0F0BDE6
:10B3C8001A48402102F090FDA0F10103B3FA83F37B
:10B3D8005B095FE710214FF0904002F085FDA0F176
:10B3E8000103B3FA83F35B0943E700BF9503002029
:10B3F80043545255A00000209C00002084000020E7
:10B408009000002074000020C4000020AC00002040
:10B4180053000020860000207303002072030020E0
:10B428007103002054030020800400200004004819
:10B43800F0B5152A1C4F85B0054628BF15220026F1
:10B44800A7FB0103DB0806F1100003EB830CA1EB5B
:10B458004C0C0DEB000E084634460CF1300C01364E
:10B4680009280EF80CCCF6B21946E9D8B24211D820
:10B4780000206EB101AA01341444034614F801CD2A
:10B4880005F803C0591CA242CBB2F7D13044C0B270
:10B4980005B0F0BD921B02F0FF073A46202128466E
:10B4A800FDF752F83846E4E7CDCCCCCC70B514465D
:10B4B800A0B0FFF77BFC2178684681B34FF0000C01
:10B4C8001C4E8646654613E03F2B2CD9CEF800501B
:10B4D8008EF8045014F8011F8EF805500CF1010C79
:10B4E8000EF1060E5FFA8CFCA9B1BCF1150F1CD049
:10B4F800A1F16102A1F12003192ADBB2E4D8203BB3
:10B5080003EB83039BB29919F2580B798EF8043038
:10B51800CEF80020DEE70CEB4C0C4FEA4C01FFF7AD
:10B5280027FC20B070BD0B46E9E77E21FFF720FC21
:10B5380020B070BD8803010808B50021FFF736FC6C
:10B54800BDE8084001488021FFF712BC740B0108D0
:10B55800F0B5642B28BF6423802A144628BF8024B2
:10B568000D06A1B002D40D19802D2CDC1D4D14FB45
:10B5780003F3A5FB0335C5F347157AB36E46B44606
:10B588000023671E0CE0BB420DD001335FFA83FE37
:10B59800AA4294BF5E224222A6450CF8012B0AD289
:10B5A800DAB2002BEFD101335FFA83FE7E22A64583
:10B5B8000CF8012BF4D3FFF7F9FB21463046FFF7CF
:10B5C800D7FB21B0F0BDC1F18004064AE4B214FBF8
:10B5D80003F3A2FB0325C5F34715CFE714466E46D0
:10B5E800E9E700BF1F85EB51F0B5154F154E3B78C5
:10B5F8000C2828BF002003EB800306EB43138400CC
:10B608000FCB85B06D4685E80F006C210520FFF74C
:10B61800CDFB28461021FFF7ABFB3B78E01806EB83
:10B62800401310330FCB85E80F006C210620FFF77D
:10B63800BDFB10212846FFF79BFB05B0F0BD00BFFE
:10B648003500002074180108F0B589B001F0D6F86B
:10B658009E4B1B68C01AC72820D89D4B93E803004F
:10B668006C4684E8030000210846FFF79FFB20464C
:10B67800984C0821FFF77CFB23780B2B00F22D82D6
:10B68800DFE813F0FD01650065001502D4010D0225
:10B6980011001100DC01E701EF011D026C460023D7
:10B6A80000936360DFE78C4B8C4A19688C4B002948
:10B6B80008BF1A460A210020FFF7F8FE2478E4B2F2
:10B6C8000B2C0DD8DFE814F087010C000C000C00DF
:10B6D8005B0130010C000C00D600A20076004B0084
:10B6E8000026804953243346721C20336B44D6B25B
:10B6F80003F8184C8C5D3346002CF5D1764B7A490B
:10B708001A687A4F8A4202AD98BF1968A8190522AB
:10B71800FFF78EFE30442022C0B2811800230DEBC3
:10B728000106611C3344CCB203F8182C3A5D234659
:10B73800002AF6D1204408AB53FA80F000F8182C00
:10B748002A4600210120FFF7B1FE09B0F0BD624B87
:10B75800674A1968624B002908BF1A46AAE70026FB
:10B76800644948243346721C20336B44D6B203F82C
:10B77800184C8C5D3346002CF5D15F4B5A491A683A
:10B788005E4F8A4202AD98BF1968A8190522FFF7D3
:10B798004FFE30442022C0B2811800230DEB010671
:10B7A800611C3344CCB203F8182C3A5D2346002AB6
:10B7B800F6D1BFE70026524948243346721C20338D
:10B7C8006B44D6B203F8184C8C5D3346002CF5D187
:10B7D8004C4B4D4F198802AD0322A81989B2FFF7C7
:10B7E80027FE30442023C0B2C2180DEB0206621CAB
:10B7F8003119D4B201F8183C3B5D002BF7D1204435
:10B8080008AA52FA80F000F8183C99E700263F4948
:10B818004C243346721C20336B44D6B203F8184CC0
:10B828008C5D3346002CF5D1394B3A4A1B783A4F98
:10B8380003EB830303EB83018900A2FB012102AD23
:10B848000322A819C909FFF7F3FD30442023C0B229
:10B85800C2180DEB0206621C3119D4B201F8183C6B
:10B868003B5D002BF7D1204408AA52FA80F000F87B
:10B87800183C65E70026294953243346721C2033B7
:10B888006B44D6B203F8184C8C5D3346002CF5D1C6
:10B89800234B244F198802AD0422A81989B2FFF757
:10B8A800C7FD3044C0B22023C2180DEB0206621C4B
:10B8B8003119D4B201F8183C3B5D002BF7D1204474
:10B8C80008AA52FA80F000F8183C39E74000002036
:10B8D800EC00010895030020A8000020A808010832
:10B8E800C8070108400901089F86010048090108A6
:10B8F800E80701082C09010848000020340901085C
:10B90800F4080108A200002000090108E008010865
:10B918008400002081808080EC080108200901084B
:10B928005A0000201809010800266D4952243346A0
:10B93800721C20336B44D6B203F8184C8C5D334626
:10B94800002CF5D1674B684F196802AD0522A8197C
:10B95800FFF76EFD30442023C0B2C2180DEB02067B
:10B96800621C3119D4B201F8183C3B5D002BF7D1A9
:10B97800204408AA52FA80F000F8183CE0E60026B5
:10B988005A4956243346721C20336B44D6B203F806
:10B99800184C8C5D3346002CF5D1554B554F198802
:10B9A80002AD0422A81989B2FFF742FD30442023D2
:10B9B800C0B2C2180DEB0206621C3119D4B201F8EC
:10B9C800183C3B5D002BF7D1204408AA52FA80F0BE
:10B9D80000F8183CB4E6484A5426002301342033C2
:10B9E8006B44E4B203F8186C165D2346002EF5D1BB
:10B9F800424B434F198802AD0322281989B2FFF739
:10BA080017FD20442023C0B2C2180DEB0204721C9B
:10BA1800A119D6B201F8183CBB5D002BF7D1304410
:10BA280008AA52FA80F000F8183C89E6354B364AE5
:10BA38001978364B002918BF1A463BE6344B1A785A
:10BA4800022A48D01978334A334B012918BF1A46BD
:10BA580030E6324B324A19782F4B002908BF1A4674
:10BA680028E6304A13889BB2002B2AD0234B19882A
:10BA780013888AB29BB29A4223D22B4A1AE62949E2
:10BA88000B889BB2002B24D01C4B274A18880B88A4
:10BA9800264D81B29BB2994228BF2A460AE6244B1A
:10BAA800244A1978244B002918BF1A4602E6234B6A
:10BAB800234A19681D4B002908BF1A46FAE5214A8E
:10BAC800F8E51E4B204A1968184B002908BF1A468A
:10BAD800F0E5164AEEE51D4AECE50F4AEAE500BF37
:10BAE800CC08010894000020D40801080C090108BA
:10BAF8009E00002018090108B8080108A2000020CB
:10BB0800C00801089D000020F8070108780801080E
:10BB18005C000020D80701083808010884000020CC
:10BB280098080108A000002048080108C807010873
:10BB38009C0000200808010868080108A8000020E7
:10BB48001808010858080108880801082808010889
:10BB580070B5234DA0B006460024E0B20021FFF7DF
:10BB680025F9013480212846FFF702F9082CF4D181
:10BB780080221C491C4D6846FCF738FD0021084608
:10BB8800FFF714F980216846FFF7F2F88022174979
:10BB98006846FCF72BFD00210120FFF707F98021FB
:10BBA8006846FFF7E5F8042E28BF002606EB860650
:10BBB800022405EBC615802229466846FCF716FDC7
:10BBC800204600210134FFF7F1F8E4B280216846ED
:10BBD800FFF7CEF8072C05F18005ECD120B070BD39
:10BBE800740B0108F4000108F40B01087401010842
:10BBF80008B5144A144B002111701B78134ADBB2A4
:10BC080013701378012B11D013780F2B4FF0AE005F
:10BC180008D0FFF797F88120FFF794F8CF20FFF7B7
:10BC280091F8AF20BDE80840FFF78CB8AF20FFF7C8
:10BC380089F88120FFF786F8BDE808400F20FFF754
:10BC480081B800BF5200002051000020530000209E
:10BC58002DE9F041854D2B780C2BA0B036D0FFF79D
:10BC6800F3FC834B1B7803F0FF04002B40F0958214
:10BC78002B780B2B12D8DFE813F00C00CA03C4038F
:10BC8800BE03B803EE03E803E203DC03D603D003E4
:10BC9800B203784A10210220FFF708FC764A0021F7
:10BCA8000320FFF703FC2E78F6B20B2E00F2E78391
:10BCB800DFE816F00A025F005F005F00AE02420391
:10BCC8005F005F009F00FD020801DF016D468022D2
:10BCD8006A496B4E2846FCF789FC00210846FFF7A5
:10BCE80065F880212846FFF743F8802265492846F1
:10BCF800FCF77CFC00210120FFF758F8802128463A
:10BD0800FFF736F80224204600210134FFF74EF8E9
:10BD1800E4B280213046FFF72BF8082CF3D1DFF886
:10BD2800A081594F02240CE0FCF760FC002130464A
:10BD3800FFF73CF8013480212846FFF719F8072C53
:10BD48000FD098F8003013F0010FE6B24FF08002E0
:10BD580007EBC4112846E7D080220021FCF7F4FB4A
:10BD6800E4E74A4A0421204620B0BDE8F041FFF745
:10BD78009DBB72B6464A474B1768D3F8008062B637
:10BD8800002F00F070834449444BB94228BF39461C
:10BD980053260022013480326A44E4B202F8806CEF
:10BDA8001E5D2246002EF5D105220DEB0400FFF79B
:10BDB8003FFB20AA031952FA83F3052103F8806C8C
:10BDC8006A460846FFF772FBB8F1000F09D06420F5
:10BDD8003346A7FB00014246FCF716FAC0F1640699
:10BDE800F6B23346552205210720FFF7B1FB287824
:10BDF8003AE12B4B1A78012A00F033831978294A43
:10BE0800294B022908BF1A4605210846FFF74EFBB1
:10BE1800264B274A1878274B0521002818BF1A46B1
:10BE28000620FFF743FB244A5025002301348033C2
:10BE38006B44E4B203F8805C155D2346002DF5D110
:10BE48001E4B1988042289B20DEB0400FFF7F0FAA3
:10BE580020AA031952FA83F3072005216A4603F83A
:10BE6800805CFFF723FB0820FEE000BF950300205D
:10BE780086000020EC090108AC0A0108F401010859
:10BE8800740B010874020108F4140108B0090108D0
:10BE9800A8000020080000209F860100C80A0108A9
:10BEA8005C00002080090108A00901084400002066
:10BEB80064090108540901083C0B01085A000020D4
:10BEC80035000020BB4A13889BB2B3F57A7F38BF90
:10BED8001788B94A34BFBFB240F2E7374E2600236D
:10BEE800013480336B44E4B203F8806C165D23465A
:10BEF800002EF5D1B14B19886D4689B20322281955
:10BF0800FFF796FA0444E4B204F180036B44013469
:10BF1800E4B22F22394603F8802C28190322FFF7B0
:10BF280087FA0444E4B204F1800320A901346B4485
:10BF380051FA84F44322052103F8802C08462A4646
:10BF480004F8806CFFF7B2FA9D4A4C2706F180038B
:10BF580001366B44F6B203F8807C975D002FF5D16B
:10BF6800984B994A1B78DFF8A08203EB830303EB15
:10BF780083018900A2FB0121C9090322A819FFF73F
:10BF880057FA0644F6B206F180036B44252203F8FB
:10BF9800802C01368D4BF6B219680422A819FFF7D8
:10BFA80047FA0644F6B206F1800352240DEB030269
:10BFB8007B1C174407F8804CDFB218F80740002CA8
:10BFC800F6D120AB3E4453FA86F62A4606F8804C52
:10BFD80005210620FFF76AFA7D4A482604F1800108
:10BFE800631C0DEB010404F8806CDCB2165D002EB6
:10BFF800F4D1784B1B7803EB830303EB8301724B7B
:10C008008900A3FB0131C90903222819FFF710FA97
:10C018000444E4B2704A04F180036B4401341168AB
:10C02800E4B2252203F8802C28190422FFF700FA2D
:10C038000444E4B204F1800252230DEB0201721CA5
:10C048000E4406F8803CD6B218F80630002BF6D11C
:10C0580020AA344452FA84F407202A46052104F819
:10C06800803CFFF723FA0A2020B0BDE8F041FFF733
:10C07800BBBA0521594A0846FFF718FA5849492218
:10C088000023013480336B44E4B203F8802C0A5D4A
:10C098002346002AF5D1534B53491A686D468A4204
:10C0A80098BF196805222819FFF7C2F920AA0319B1
:10C0B80052FA83F3002607202A46052103F8806CEC
:10C0C800FFF7F4F90B20CFE73A4A13889BB2B3F590
:10C0D8007A7F38BFB2F80080444A34BF1FFA88F824
:10C0E80040F2E73854240023013680336B44F6B21B
:10C0F80003F8804C945D3346002CF5D12F4F3988D6
:10C108006D4689B20322A819FFF792F98319DBB2A9
:10C118005E1C80336B44F6B22F2203F8802C414614
:10C12800A8190322FFF784F90644F1B201F180034C
:10C13800DFF8D8C020260DEB0300631C0219DCB21F
:10C1480002F8806C1CF80460002EF6D1214420AB64
:10C1580053FA81F3052108462A4603F8806CFFF755
:10C16800A5F9234B234A1978234B0620002918BF29
:10C178001A460521FFF79AF93B88204964209BB2AB
:10C1880000FB03F3A1FB031307205522C3F3072386
:10C198000521FFF7DDF9304666E7194A0A21022032
:10C1A800FFF784F9174A0A21032020B0BDE8F041BF
:10C1B800FFF77CB9A0000020200B0108A200002096
:10C1C800280B0108900000208180808088000020D2
:10C1D800340B0108740000206C000020480B010893
:10C1E800580B0108480000209F860100B808010884
:10C1F800440000206409010854090108C5B3A2914C
:10C20800C4090108D8090108300B0108C40A01084B
:10C218009D4B56260022013480326A44E4B202F86B
:10C22800806C1E5D2246002EF5D1984B19886D460C
:10C23800032289B22819FFF7FBF820AA031952FA3A
:10C2480083F3052103F8806C08462A46FFF72EF988
:10C258008F494F2306F1800201366A44F6B202F88C
:10C26800803C8B5D002BF5D18A4A8B491278002AD5
:10C278008A4A06F180000ABF11464F2446241A460E
:10C28800684401330244DBB202F8804CCC5C1A46A5
:10C29800002CF6D120AA334452FA83F307202A4609
:10C2A800052103F8804CFFF701F90420DCE67C4AFD
:10C2B80050250023013480336B44E4B203F8805CDA
:10C2C800155D2346002DF5D1764E032231780DEB0E
:10C2D8000400FFF7ADF80319DBB203F180020DEBA0
:10C2E8000200013320AA52FA83F30521252400F81D
:10C2F800804C6A46084603F8805CFFF7D7F86A4B1B
:10C308006A4A18786A4B0521002818BF1A46062081
:10C31800FFF7CCF83378674803EB830303EB830319
:10C328009B00A0FB0303552207200521C3F3C71375
:10C33800FFF70EF9092097E65F4A522600230134D9
:10C3480080336B44E4B203F8806C165D2346002EFC
:10C35800F5D15A4B6D46196805222819FFF768F878
:10C3680020AA031952FA83F3052108462A4603F83E
:10C37800806CFFF79BF84C4B4C4A19784C4B0620C5
:10C38800002918BF1A460521FFF790F84C49532495
:10C398003346721C80336B44D6B203F8804C8C5DF4
:10C3A8003346002CF5D1474B03221978A819FFF71B
:10C3B8003FF88319DBB203F180020DEB0201013370
:10C3C80020AA52FA83F3252701F8807C07202A4601
:10C3D800052103F8804CFFF769F8052044E63A4A3E
:10C3E80010210220FFF762F858E4384A1021022091
:10C3F800FFF75CF852E4364A10210220FFF756F89E
:10C408004CE4344A10210220FFF750F846E4324A3F
:10C4180010210220FFF74AF840E4304A1021022098
:10C42800FFF744F83AE42E4A10210220FFF73EF8BD
:10C4380034E42C4A10210220FFF738F82EE42A4A67
:10C4480010210220FFF732F828E4284A10210220A0
:10C45800FFF72CF822E4264A10210220FFF726F8DD
:10C468001CE4244AD0E405210846234AFFF71EF8B5
:10C478006423552205210720FFF76AF8B7E41F4A0D
:10C488000A21052070E400BFE40A01089E0000208C
:10C49800F40A01089D0000207C09010874090108BC
:10C4A800140B0108840000204400002064090108DE
:10C4B8005409010881808080FC0A0108940000204A
:10C4C800080B01089C0000209C0A01082C0A01089E
:10C4D8001C0A01080C0A0108FC0901088C0A010859
:10C4E8007C0A01086C0A01085C0A01084C0A010868
:10C4F8003C0A010890090108D40A0108640B0108E4
:10C508000B4B1B78052B11D172B60A4A0021136810
:10C51800116062B6084A4FF4C87101FB03F3136057
:10C52800116842F20F73994288BF1360704700BFC9
:10C538009503002098000020940000200A4B1B78E7
:10C548000A2B10D172B6094A00211368116062B62D
:10C55800074AC82101FB03F31360116842F20F7305
:10C56800994288BF13607047950300208C00002013
:10C57800880000200E4B1B78092B04D110B50D4CF8
:10C5880023780BB910BD704700F038F90A4B1B68C7
:10C59800C01AFA28F6D9094B09481B6800222270EC
:10C5A80040215A6301F0A6FC064B01221A7010BD07
:10C5B80095030020840000208000002070020020E5
:10C5C80000040048860000200F4B1B78052B04D17F
:10C5D80010B50E4C23780BB910BD704700F00EF95A
:10C5E8000B4B1B68C01AFA28F6D90A4B0A481B6875
:10C5F800002222704FF400715A6301F07BFC074B54
:10C6080001221A7010BD00BF950300209C00002075
:10C618007C000020700200200004004886000020F2
:10C6280038B50B4B1B782BB90A4C03F0FF05238850
:10C638009BB203B938BD00F0E1F8074B1B68C01A7C
:10C64800FA28F7D9054B258001221A7038BD00BF9A
:10C6580095030020A0000020640000208600002030
:10C668000B4B1B780A2B05D110B50A4C23889BB2BB
:10C678000BB910BD704700F0C1F8074B1B68C01A12
:10C68800FA28F6D9054B0021012221801A7010BD25
:10C6980095030020A00000206000002086000020F4
:10C6A8000D4B1B780A2B04D110B50C4C23780BB911
:10C6B80010BD704700F0A2F8094B1B68C01AB0F50E
:10C6C8007A7FF5D9074B084A18680121002323709F
:10C6D8004363117010BD00BF950300209000002037
:10C6E8007800002070020020860000200A4B1B788A
:10C6F8000A2B10D172B6094A00211368116062B67C
:10C70800074AC82101FB03F31360116842F20F7353
:10C71800994288BF1360704795030020700000207D
:10C728006C00002008B50E4B1B780A2B12D10D4B5C
:10C738001B780A2B0FD90C4B1B6863B900F05EF805
:10C748000A4A126840F6B833801A984202D9084B50
:10C7580001221A7008BD00F051F8044B186008BD9A
:10C7680095030020740000206C0000208404002041
:10C7780086000020704700BF38B50E4A0E4B12786D
:10C78800054618684FF47A73B3FBF2F3B0FBF3F085
:10C7980001F0CCF908B90F2D01D9012038BD0446A4
:10C7A800024629464FF0FF3001F076F9034B204648
:10C7B8001D6038BD0F000020000000201000002080
:10C7C800074A08B5136843F010031360032001F00B
:10C7D80051F90F20FFF7D0FFFFF7CCFF002008BD6D
:10C7E80000200240034A044B11681B780B44136075
:10C7F800704700BF880400200F000020014B186814
:10C80800704700BF8804002038B50446FFF7F6FFDC
:10C81800631C054602D0044B1B781C44FFF7EEFF4F
:10C82800401BA042FAD338BD0F000020704700BF5C
:10C83800026838B5936803F00303012B01D0002088
:10C8480038BD1368DC07FAD5936803F00D03012B94
:10C85800044609D0236C43F010032364636C43F04F
:10C8680001036364012038BD9368032143F0020388
:10C8780093601160FFF7C2FF23689B68D9070546DC
:10C88800DDD5FFF7BBFF401B0228236802D99A6851
:10C89800D207DFD49B68DB07F3D4D0E703689A6834
:10C8A80012F00C0F01D100207047DA6870B59501BD
:10C8B800044604D5008B40F20112904234D060291E
:10C8C8009A6844D0500706D59A68920703D49A68A4
:10C8D80042F010029A600C2935D09A68100706D5E4
:10C8E8009A68920703D49A6842F020029A606C29E9
:10C8F80029D10C25FFF782FF236806469B681D4255
:10C9080023D0FFF77BFF831B0B2B2368F6D99A688C
:10C918002A42F3D0236C43F010032364636C43F082
:10C9280001036364012070BD1A68500606D4124AD8
:10C9380001E0013AEED019684906FAD540221A609A
:10C948009A6856070FD40425D4E7002070BD16074F
:10C9580001D40825CEE79A689507FAD49A6842F078
:10C9680020029A60F5E79A689507ECD49A6842F035
:10C9780010029A60E7E700BF00940900026838B522
:10C98800936803F00303012B044626D09168154BE6
:10C99800194209D0236C43F010032364636C43F0FD
:10C9A80001036364012038BD936843F00103936079
:10C9B800FFF724FF236805461B68D9070BD4FFF748
:10C9C8001DFF431B022B2368F6D91A68D207E1D54D
:10C9D8001B68D907F3D5002038BD1368D807D5D50B
:10C9E8000020F9E73F00008030B597B0002301939D
:10C9F800D0B1036C13F01003044618D1056C002D58
:10CA080000F0998002689168CD0040F182809168B9
:10CA180088007ED4216CC90600D463B1236C23F04E
:10CA2800120343F010032364012017B030BD036CD8
:10CA3800DA06F3D4026893685B07EFD4236C23F417
:10CA4800817343F00203B2F1A04F2364814B00F0DD
:10CA5800DE809A4200F0E28003F540739A4277D074
:10CA68007D498A4200F0EC80936803F00303012BB0
:10CA780000F0E88079488368616823F440330B4309
:10CA88008360D4E902130B43616B607E013918BFE0
:10CA9800012143EA403343EA013394F82010012985
:10CAA80000F09980A16A01290CD06D48824200F0FB
:10CAB800A28000F58070824200F09D80E06A1843F1
:10CAC80040EA0103916811F00C0F0CD1D16821F4F0
:10CAD800804121F00201D16094F83010207E490095
:10CAE80041EA80310B43D0685E490140206919430F
:10CAF8000128D16077D0136B23F00F031363002054
:10CB08006064236C23F0030343F00103236417B02C
:10CB180030BD236C23F0120343F010032364636CCD
:10CB280043F001036364236C236C23F0120343F086
:10CB38001003236478E7C0E91255456480F83C5037
:10CB4800FFF774FE22689368DB0012D52B465AE77C
:10CB5800414B42489168029301F00301012958D0E2
:10CB6800996801F00301012985D11B68DD0788D484
:10CB780081E72046FFF75CFE226C12F0100F034697
:10CB880022687FF440AF00287FF43DAF216C364D1A
:10CB980021F4885121F0020141F0020121649068DA
:10CBA800296820F040509060906840F08050906074
:10CBB8002E48A0FB0101890C01EB8101490001917C
:10CBC800019900293FF41FAF019901390191019999
:10CBD8000029F9D117E728BB616A013943EA4141C5
:10CBE80041F480335EE7116BE36921F00F01013BEB
:10CBF8000B43136383E7B1F5307F1ED0B1F5807F17
:10CC080025D0B1F5E07F08BF4FF4807156E718488A
:10CC1800A0E71168C9073FF534AFA1E714484FF002
:10CC2800A04397E7216C21F0220141F02001216403
:10CC3800616C41F00101616434E74FF4E0713DE754
:10CC4800064887E71368DB073FF51BAF12E74FF489
:10CC5800307133E700010050000500500007005014
:10CC68000004005007C0F0FF0000002083DE1B43D3
:10CC78000003005038B503689D6815F004052BD1F2
:10CC880090F83C30012B044626D0012380F83C3034
:10CC9800FFF774FEE8B9226C236822F4706222F070
:10CCA800010242F48072B3F1A04F226416D0354AD3
:10CCB80093425DD0344A9268D10611D033498B42F1
:10CCC8000ED0226C42F480122264CA68920114D5F4
:10CCD8000DE084F83C5038BD022038BD2C4A9268DB
:10CCE800226C22F480122264DA68950105D5226C40
:10CCF80022F4405242F480522264226C12F4805290
:10CD08001CBF626C22F00602626400211C22B3F18F
:10CD1800A04F84F83C101A6018D01A4A934215D0D4
:10CD2800194A9168C9060CD0916801F01F010529BC
:10CD380007D0926802F01F02092A02D0134A9342D0
:10CD4800C9D19A6842F004029A6038BD104A9168C5
:10CD5800CC06F6D0916801F01F010529F1D0926840
:10CD680002F01F02092AECD0B3F1A04FE9D038BD78
:10CD780002F500729268D506B2D0226C4FF0A0413D
:10CD8800A0E700BF00010050000700500004005059
:10CD98000003005090F83C30012B1DD0012310B542
:10CDA8006C2180F83C300446FFF778FD18B1002369
:10CDB80084F83C3010BD2046FFF73AFD0028F6D134
:10CDC800236C23F4885323F0010343F00103236405
:10CDD800002384F83C3010BD022070472DE9F04153
:10CDE80044690368082C05460E460FD0B3F1A04FDE
:10CDF8005CD04248424A4349834218BF0A46916878
:10CE0800CC063AD1DA68D0073BD40C24B3F1A04F52
:10CE180049D03A4A934250D03A4A9268D20647D10A
:10CE2800DF68FFF7EBFC2A6880461368234204D1C9
:10CE3800731C16D113682342FCD02B6C43F4007387
:10CE48002B64D36807F4005103F440630B4302D109
:10CE58001368180739D47B0400D414600020BDE897
:10CE6800F081C6B913682340DFD12A6C85F83C30BD
:10CE780042F004022A640320F1E7926812F4404F5A
:10CE8800C3D02B6C43F020032B64002385F83C307F
:10CE98000120BDE8F081FFF7B1FCA0EB0800B0422B
:10CEA8002A68C2D9DEE7164A9268B9E7144AA6E7A3
:10CEB800154A9342B4D0D768B3E702F50072926876
:10CEC800D106ADD04FF0A042F5E7936813F0040FF8
:10CED8002B6C0AD123F480732B642B6CD904BAD43D
:10CEE8002B6C43F001032B64B5E743F020032B645C
:10CEF8006B6C43F001036B64ADE700BF00010050A9
:10CF08000003005000070050000400500368186C2C
:10CF1800704700BFF8B590F83C30012B40D001278E
:10CF280080F83C7004460D46FFF782FC0646002850
:10CF380031D1236827649A68BD4222F080429A6002
:10CF480003D19A6842F080429A609A6842F000429F
:10CF58009A60FFF753FC236805469B68002B14DA98
:10CF6800FFF74CFC431B0A2B2368F6D99A68002A62
:10CF7800F3DA236C002223F0120343F01003012696
:10CF880084F83C2023643046F8BD236C23F0030367
:10CF980043F001032364002384F83C303046F8BD95
:10CFA80002263046F8BD00BF70B490F83C2097B018
:10CFB8000346012A4FF00000019000F0EA800120AA
:10CFC8001A6883F83C00906840073ED44D680C68A6
:10CFD80005EB4500042D4FEA400000F28D80156BEB
:10CFE8004FF01F0C0CFA00FC25EA0C0504FA00F0BF
:10CFF80028431063906810F00C0F3AD1092C886808
:10D0080004EB440500F2888056694FF0070CA840ED
:10D018000CFA05F526EA050528435061D0680D6924
:10D028004E69C0F3C1004000013D86404FEA846C60
:10D03800032D00F23F81DFE815F013000F01050111
:10D04800FB001568ED0740F18D801A6C42F0200254
:10D058001A640120002283F83C2017B070BC704786
:10D06800156EA648284040EA0C00304340F00040C6
:10D078001066906800F00300012800F08580CD68F4
:10D088000120012D00FA04F000F08780D2F8B010DA
:10D0980021EA0001C2F8B010B2F1A04F00F0998067
:10D0A80097498A424FD0102C00F09C809549112C4A
:10D0B80040F089808868C5011CD4B2F1A04F90481F
:10D0C80049D0824245D09048824200F0F1808F4D8D
:10D0D800AA4240D0906800F00300012848D11268A5
:10D0E800D207B2D4102C05D0112C03D08A6842F490
:10D0F80080028A600020ADE7092D19D90E2D00F2B3
:10D108008C80956B3C381F26864025EA060504FA74
:10D1180000F0284390636DE796691E3D4FF0070CB9
:10D12800A8400CFA05F526EA05052843906175E73D
:10D13800556B1E381F26864025EA060504FA00F0BE
:10D148002843506356E7102C7149B0D18868000213
:10D15800D0D44FF0A0409568029005F00305012D4A
:10D168003FF46FAF856805F00305012D00F09B8043
:10D17800102C7BD0112CB9D1B2F1A04FBAD18A684A
:10D1880042F080728A60B5E71068C6077FF577AF0E
:10D19800B0E7022017B070BC70478D68D2F8B010A5
:10D1A800092C41EA0001C2F8B01021D904EB44006F
:10D1B80091691B380726854006FA00F021EA00012C
:10D1C8002943916168E7122C94D18868400291D470
:10D1D80073E7102C4E497FF46AAF8868050289D43A
:10D1E8004748B8E74749886806027FF56CAF81E78A
:10D1F800601C516900EB40000726854006FA00F0E4
:10D2080021EA00012943B2F1A04F51613FF472AF06
:10D218003B498A427FF44AAF6CE7D56B5A381F26E0
:10D22800864025EA060504FA00F02843D063E1E6C3
:10D23800D56E3248284040EA0C00304340F00040A8
:10D24800D06616E7956E2D48284040EA0C0030431A
:10D2580040F0004090660CE7556E2848284040EAA8
:10D268000C00304340F00040506602E7B2F1A04F96
:10D278007FF440AF274A284C12688868A4FB024212
:10D28800920C02EB8202520040F400008860019286
:10D29800019A002A3FF42EAF019A013A0192019AAD
:10D2A800002AF9D126E70068C6073FF5CEAE5FE74A
:10D2B800164850E7106E00F0F840604514D0506EE4
:10D2C80000F0F840604514D0906E00F0F8406045DA
:10D2D80024D0D06E00F0F84060457FF4CAAED06E1E
:10D2E80020F00040D066C4E6106E20F000401066C2
:10D2F800E5E7506E20F000405066E5E700F0FF8358
:10D3080000010050000700500004005000050050C4
:10D31800000300500000002083DE1B43906E20F0C5
:10D3280000409066D5E700BF704700BF00287BD05B
:10D3380038B590F820300446002B72D02268136864
:10D3480043F001031360FFF759FA054604E0FFF7BD
:10D3580055FA401B0A285BD823685A68D107F6D5C6
:10D368001A6822F002021A60FFF748FA054604E03C
:10D37800FFF744FA401B0A284AD823685A689207DC
:10D38800F6D4227E012A1A680CBF42F0800222F0ED
:10D3980080021A60627E012A1A680CBF42F04002BD
:10D3A80022F040021A60A27E012A1A680CBF42F0DD
:10D3B800200222F020021A60E27E012A1A680CBFBD
:10D3C80022F0100242F010021A60227F012A1A6825
:10D3D8000CBF42F0080222F008021A60627F012A9C
:10D3E8001A680CBF42F0040222F004021A60D4E961
:10D3F8000220216902430A436069616802430139D6
:10D408000A4300200121DA61606284F8201038BDE7
:10D41800636A052243F40033636284F82020012004
:10D4280038BDFFF781FF89E70120704770B490F895
:10D4380020200468013A012A07D9426A034642F4C7
:10D448008022012070BC5A627047D4F800324A69C1
:10D45800CD6943F00103C4F8003202F01F00012334
:10D468008340D4F81C0220EA0300C4F81C02D84305
:10D47800002D3DD1D4F80C52CE680540C4F80C52AA
:10D488008D8804EBC20245EA0645C2F840528E6810
:10D498000D8845EA0645C2F844528A6912BBD4F899
:10D4A80004220240C4F804220A69AAB9D4F8142252
:10D4B8001040C4F814020A6A012A04D1D4F81C22C4
:10D4C8001343C4F81C32D4F8003223F001030020BF
:10D4D800C4F8003270BC7047D4F814221A43C4F858
:10D4E8001422E8E7D4F804221A43C4F80422DBE73C
:10D4F800012DD2D1D4F80C520E681D43C4F80C5239
:10D508008D8804EBC20245EA0645C2F840528E688F
:10D518008D8945EA0645C2F84452BEE738B590F809
:10D528002030012B044605D0436A43F400234362AC
:10D53800012038BD0268022380F82030136823F0E8
:10D5480001031360FFF75AF9054604E0FFF756F99F
:10D55800431B0A2B07D823685B6813F00103F5D136
:10D568006362184638BD636A052243F40033636278
:10D5780084F82020DCE700BF30B490F820C00568AC
:10D588000CF1FF3CBCF1010FAC6839D814F0E05F36
:10D5980006D1436A43F400134362012030BC70474C
:10D5A800C4F301640120A04018608B686BB3C8689D
:10D5B8000343486843EAC00304F1180000012B50F4
:10D5C80005EB041C0B69CCF884310B7D012B4FEA69
:10D5D800041105D1DCF8843143F48073CCF884312C
:10D5E8006B185168C3F88C111268C3F88821DCF8ED
:10D5F800803143F00103002030BCCCF88031704703
:10D60800436A43F480234362C7E7CB68086843EA68
:10D61800405004F118031B01E850D1E790F820208E
:10D62800013A012A034605D9426A42F480220120C0
:10D638005A627047CA0704D50068826842F08002BF
:10D648008260880704D51868826842F400428260C4
:10D658004A0704D51A68936843F4000393600020CE
:10D66800704700BF90F82030013B012B01D9002002
:10D678007047036898689A689B681201C0F38060D5
:10D6880048BF0130DB00F3D50130704790F820C067
:10D698000CF1FF3CBCF1010F6BD870B5046841B9BF
:10D6A800E568AD0708D1436A43F4001343620120DB
:10D6B80070BD2569AE07F6D004EB011C4FEA011EC8
:10D6C800DCF8B05105F004059560002D57D0DCF862
:10D6D800B051ED085560DCF8B05105F00205D56091
:10D6E800DCF8B4512D0758BFDCF8B451DCF8B4614C
:10D6F80054BF05F00F05082515617444DCF8B451D2
:10D70800C6F3072696612D0CD4F8B86155611E70D2
:10D7180002687244D2F8B821120A5A700268724438
:10D72800D2F8B821120C9A7002687244D2F8B82163
:10D73800120EDA7002687244D2F8BC211A710268BB
:10D748007244D2F8BC21120A5A7102687244D2F8A3
:10D75800BC21120C9A7102687244D2F8BC21120ED4
:10D76800DA71026881B9D36843F02003D3600020DE
:10D7780070BD436A43F48023436201207047DCF89C
:10D78800B0516D0D1560A6E7136943F020031361CE
:10D79800EDE700BF90F82020013A012A034605D999
:10D7A800426A42F4802201205A6270470268536933
:10D7B8000B43002053617047704700BF704700BF9C
:10D7C800704700BF704700BF704700BF704700BF79
:10D7D800704700BF704700BF704700BF704700BF69
:10D7E800704700BF2DE9F84F03685C69D3F80480DF
:10D7F8009F68D3F80CB0D3F81090D3F818A014F0A1
:10D80800010605461FD0F90700F19B800026F9059F
:10D818000BD52B684FF480729A60BA0500F1DE8050
:10D828007B0540F1D18046F40056F9030BD52B68EF
:10D838004FF480329A60BA0300F1D4807B0340F140
:10D84800C88046F40046210702D51BF0100F72D19C
:10D85800620702D51BF0080F7ED1A30704D52B68F9
:10D86800DB689F0740F09880600602D519F0100F1A
:10D878005BD1A10602D519F0080F74D1E20603D5D1
:10D888002B681B699B077CD1A70302D518F0100FE2
:10D898007BD1E00302D518F0080F6BD1210440D5E5
:10D8A80018F0040F2B683AD0E20544BF0AF00102D1
:10D8B8001643A70574D4610504F400622BD51AF049
:10D8C800040F28D046F00406002A77D01AF0700A10
:10D8D80074D0BAF1400F00F0A88000F28780BAF146
:10D8E800200F00F0BD80BAF1300F00F0B080BAF11F
:10D8F800100F40F095809A69042122F070029A6115
:10D9080046F0080659606B6A334328466B62FCF799
:10D91800CFFEBDE8F88F12B11AF0700AD9D10422EF
:10D928005A60002EEFD1BDE8F88F2B68102246F41C
:10D9380080661A619DE72B68102246F40076DA604B
:10D9480086E701229A60BA0735D47B0739D43E07A7
:10D958005BD54FF480565AE72B680822DA602846D0
:10D96800FFF736FF79E72B6808221A612846FFF788
:10D9780033FF83E72B6808225A602846FFF730FFF9
:10D988008CE72846FFF726FF7EE72B6810225A60AF
:10D998002846FFF723FF7CE72846FBF79BFA63E757
:10D9A8001AF0020F87D0600546F0020604F4006200
:10D9B80085D41AB18AE7FFF7FFFE27E704225A60E9
:10D9C800A1E74FF4006622E7380525D546F48046DE
:10D9D8002BE738031CD546F4803634E72846FFF792
:10D9E800EDFE22E72846FFF7EBFE2CE7BAF1500FD1
:10D9F80024D0BAF1600F13D19A69042122F0700281
:10DA08009A6146F4807659607DE7FFF7DBFEFDE614
:10DA18002846FFF7DBFE16E72846FFF7D5FE04E7A2
:10DA28009A6922F070029A6179E79A69042122F0D2
:10DA380070029A6146F04006596064E79A690421C9
:10DA480022F070029A6146F0800659605BE79A6995
:10DA5800042122F070029A6146F02006596052E7CC
:10DA68009A69042122F070029A6146F01006596002
:10DA780049E700BF0749CA6803024FF6FF0003F4ED
:10DA8800E0630240134343F0BF6343F40033CB60C9
:10DA9800704700BF00ED00E01B4BDB68C3F30223B7
:10DAA80000B5C3F1070EBEF1040F03F1040C28BF43
:10DAB8004FF0040EBCF1060F1CD9A3F1030C4FF074
:10DAC800FF3303FA0CF322EA03024FF0FF3303FAA1
:10DAD8000EF321EA030303FA0CF313431B01002896
:10DAE800DBB20ADB00F1604000F5614080F80033EA
:10DAF8005DF804FB00229446E7E7044A00F00F00B3
:10DB0800024413765DF804FB00ED00E0FCEC00E055
:10DB1800002807DB4109044A00F01F000123834065
:10DB280042F82130704700BF00E100E00138B0F151
:10DB3800807F01D30120704710B44FF0E023074CD9
:10DB480058614FF0F00C84F823C0002207211046DA
:10DB58009A615DF8044B1961704700BF00ED00E061
:10DB6800002833D0D0E90121034610B4D0E90304DA
:10DB78000A4302435869196822430243D3E906401D
:10DB8800224302430868124C6FF30D100243A1426E
:10DB98000A6011D90F4A1048104C0A44A0FB02022F
:10DBA800120992004FF4807100201984C3E90F42D2
:10DBB8005DF8044B98637047094A07480A44A0FB7C
:10DBC80002021209A4F207449200EBE70120704711
:10DBD80007040240F8FBFDBFCDCCCCCC00040240CA
:10DBE800F8FFFDBF70B490F82040012C09D090F8E0
:10DBF80021C00124A44580F8204005D0002380F8E6
:10DC08002030022070BC7047022580F8215004683B
:10DC1800C66B00258563256825F001052560056C20
:10DC28000CFA05F5756063604368102BC36A0BBF77
:10DC3800A260A160E160E26053B1236843F00E0383
:10DC48002360236843F001030020236070BC704701
:10DC5800236843F00A032360236823F00403236046
:10DC6800EFE700BF70B4C66B026C31680468042328
:10DC780093400B4225680ED015F0040F0BD0226894
:10DC8800920603D4226822F004022260C26A7360FA
:10DC9800CAB170BC1047022393400B4215D015F04F
:10DCA800020F12D02268920606D4226822F00A02D5
:10DCB8002260012280F82120826A7360002180F8A6
:10DCC8002010002AE5D170BC7047082393400B420E
:10DCD800F9D02B07F7D52368016B23F00E032360D7
:10DCE800012303FA02F24FF48074726004848363A0
:10DCF8000029E8D070BC08472DE9F04F0C6885B0C2
:10DD0800002C00F0828000234FF0010B0BFA03FE79
:10DD18001EEA040A75D04D6805F0030C5A00032664
:10DD28000CF1FF3806FA02F7B8F1010F6FEA07079E
:10DD38006ED9BCF1030F40F0BF800CFA02F2D0F8A4
:10DD480000C00CEA07073A4315F4403F026058D078
:10DD58005F4FBA6942F00102BA61BA6902F0010282
:10DD68000392039A23F0030202F1804202F5803203
:10DD780003F0030C97684FEA8C0C0F2606FA0CFE8A
:10DD8800B0F1904F27EA0E0717D0524EB04200F07C
:10DD98008580514EB04200F08880DFF844E170453C
:10DDA80075D0DFF840E170450CBF4FF0040E4FF01E
:10DDB800050E0EFA0CFC47EA0C079760474A926872
:10DDC800EE026FEA0A07454E54BF3A404AEA020299
:10DDD800B260F268AE02414E54BF3A404AEA0202CB
:10DDE800F2607268AE033D4E54BF3A404AEA0202FE
:10DDF80072603268ED03394D54BF3A404AEA020274
:10DE08002A60013334FA03F280D105B0BDE8F08FFF
:10DE1800D0F80890CE6809EA070906FA02F848EA35
:10DE28000908C0F80880D0F804808E6828EA0E082F
:10DE3800C5F3001E0EFA03FE4EEA080EC0F804E011
:10DE4800D0F80C8006FA02FE08EA07084EEA080E27
:10DE5800BCF1020FC0F80CE07FF46FAF0E694FEA17
:10DE6800D30803F0070E00EB88084FEA8E0E06FA77
:10DE78000EF6D8F8209001960F2606FA0EFE019E9F
:10DE880029EA0E0946EA090EC8F820E055E74FF0DE
:10DE9800030E0EFA0CFC47EA0C078EE74FF0010E52
:10DEA8000EFA0CFC47EA0C0787E74FF0020E0EFA51
:10DEB8000CFC47EA0C0780E7D0F80C808E6808EA6B
:10DEC800070806FA02FE4EEA080EC0F80CE034E72E
:10DED8000010024000040048000800480004014007
:10DEE800000C0048001000480369194214BF0120C3
:10DEF800002070470AB1816170478162704700BF96
:10DF0800436901EA030221EA030141EA024181610E
:10DF1800704700BF044A5169014200D1704708B5F3
:10DF28005061FCF7DDFB08BD00040140F8B503684B
:10DF38009C6914F0100C054641D0164610220F4675
:10DF4800DA619C6914F0200479D1781C4DD19A6962
:10DF58009106FCD52022DA619A6944F0040CD405B4
:10DF68004FF001002FD457053AD54FF48061D9619D
:10DF78004CF0080C960504D54FF400724CF0020CD6
:10DF8800DA619A69910744BF00229A629A69D207B6
:10DF980003D49A6942F001029A615A6829490A40F1
:10DFA8005A606B6C002243EA0C0320216B6485F8ED
:10DFB800402085F8411085F842200120F8BD9A6973
:10DFC800D4056046CFD54FF48071D96151054CF026
:10DFD800010CCFD54FF48061D9614CF0080CC9E72A
:10DFE8009405C9D40028CCD1F8BDFEF707FC801BE6
:10DFF800B8422B6804D81FB19A699206A5D5A9E73B
:10E00800586895F8422099690C04D2B20BD541049E
:10E0180009D4202A07D05A6842F480425A60FEF791
:10E02800EDFB2B6806469A6992068AD4FEF7E6FB52
:10E03800831B192B2B68F6D99A6920248CE70024B6
:10E0480088E700BF00E800FE70B5036804460D4687
:10E05800164605E0FFF76AFF00BB6A1C08D1236873
:10E068009B699B07324629462046F3D5002070BDA0
:10E07800FEF7C4FB801BA842236801D8002DEFD10E
:10E088009A6912F00202EBD1636C84F840202021D7
:10E098000B43636484F8411084F84220012070BD6A
:10E0A8002DE9F843DDF820901E46054603688846AA
:10E0B800174605E0FFF73AFF68BB731C0ED12B68C3
:10E0C8009C6938EA04040CBF01230023BB424A467A
:10E0D80031462846EED00020BDE8F883FEF78EFBD7
:10E0E800A0EB0900B0422B6801D8002EE8D19A694C
:10E0F80038EA02020CBF01220022BA42E0D16B6C5E
:10E10800002243F0200320216B6485F8402085F825
:10E11800411085F842200120DEE700BF03689B69B3
:10E128009B0629D470B505460C4616460DE0FEF749
:10E1380065FB801BA042296800D81CB98B6913F0C5
:10E1480020030DD08B699B0608D432462146284609
:10E15800FFF7ECFE0028EAD0012070BD002070BD5A
:10E168006A6C85F8403020210A436A64012085F8EA
:10E17800411085F84230F0E700207047704700BF33
:10E18800002854D010B590F84130044603F0FF023F
:10E19800002B47D02368242284F84120196862683C
:10E1A80021F0010122F0706219601A619A68E16831
:10E1B80022F4004201299A60A26809D042F404427C
:10E1C80002299A6007D15A6842F400625A6006E050
:10E1D80042F400429A605A6822F400625A60596810
:10E1E800226941F0007141F4004159606169D868C1
:10E1F8000A43A16920F4004042EA0122E169D8609B
:10E20800206ADA6001431960196841F00101196058
:10E2180000222023626484F84130226384F842207B
:10E22800104610BD80F84020FFF7A8FFB2E7012094
:10E23800704700BF704700BFB0B10268242310B513
:10E2480080F84130136823F0010304461360FFF798
:10E25800F1FF0023636484F8403084F8413023637D
:10E2680084F84230184610BD012070472DE9F04768
:10E27800994690F8413082B0202B0A9E40F0908059
:10E2880090F84030012B044600F08A804FF0010AD4
:10E2980080F840A00F469046FEF7B0FA5246054671
:10E2A800009019234FF400412046FFF7F9FE00289B
:10E2B80072D1212384F84130102384F842306064FD
:10E2C800A4F82A90638D2268C4F824809BB2FF2B9F
:10E2D8006063C7F3090767D8638D9BB22385002B5A
:10E2E80040F08D8053684A490B403B4343F000732C
:10E2F80043F400535360638D9BB22A46314620464F
:10E30800002B38D0FFF7A0FE002845D1616A2368AA
:10E3180011F8012B9A62638D228D6162013B9BB2D9
:10E328006385638D013A92B29BB22285002BE2D0BD
:10E33800002AE0D18021009533462046FFF7B0FE41
:10E34800FF2148BB638DDFF8D0C022689BB28B42A7
:10E35800604647D95368218503EA0C033B4343F0E1
:10E36800FF7343F480335360638D9BB22A46314672
:10E378002046002BC6D1FFF7D1FE68B92368254D8A
:10E388002021D9615A682A405A6084F8411084F8DB
:10E39800400084F8420000E0012002B0BDE8F087A8
:10E3A800022002B0BDE8F087FF232385FE214FF449
:10E3B8007F034FF0807018F801CBC2F828C0218580
:10E3C800618DDFF84CC0C4F82480013989B26185B9
:10E3D80051683B4301EA0C010B43034343F40053E8
:10E3E800536088E7638D51689BB22385DBB247EAA7
:10E3F800034301400B4343F0007353607BE7013B49
:10E4080099B24B1CDBB21B044FF00070D3E700BF7E
:10E41800009800FC00E800FE009C00FC2DE9F04F8D
:10E42800994690F8413083B0202BBDF834A00E9F58
:10E4380040F0A7800C9B0446002B00F09B80BAF1AB
:10E44800000F00F0978090F84030012B00F0998081
:10E458004FF0010B80F840B00D469046FEF7CEF91C
:10E468005A460646009019234FF400412046FFF70C
:10E4780017FE002840F081800C9B6362212384F8FA
:10E488004130226862496063402384F84230606406
:10E49800A4F82AA053680B405FFA89F143EA0143C4
:10E4A800C5F309052B4343F0807343F400535360CD
:10E4B800394632462046FFF7C7FD002865D1B9F135
:10E4C800010F236865D15FFA88F29A6200963B468D
:10E4D800002280212046FFF7E3FD002855D1638DF7
:10E4E80022689BB2FF2B70D953684A490B402B43D3
:10E4F80043F0FF7343F48033FF212185536003E029
:10E50800638D9BB2002B6ED0324639462046FFF70A
:10E518009BFD002831D1616A236811F8012B9A62AA
:10E52800638D228D6162013B9BB26385638D013AE5
:10E5380092B29BB22285002BE2D0002AE0D1802142
:10E5480000963B462046FFF7ABFDFF21A8B9638D37
:10E55800DFF8C0C022689BB28B42604628D9536856
:10E56800218503EA0C032B4343F0FF7343F4803304
:10E578005360C5E74FF400736364012003B0BDE83E
:10E58800F08F022003B0BDE8F08F002384F84030FC
:10E59800F3E74FEA18229A62394632462046FFF7D7
:10E5A80053FD0028F1D122685FFA88F393628DE762
:10E5B800638D51689BB22385DBB245EA0343014072
:10E5C8000B4343F0007353609AE7638D1148516819
:10E5D8009BB22385DBB245EA034301400B4343F07A
:10E5E8000073536090E7324639462046FFF796FDA0
:10E5F8000028C2D12368084D2021D9615A682A40D1
:10E608005A6084F8411084F8400084F84200B5E765
:10E61800009800FC009C00FC00E800FE2DE9F04F8B
:10E62800994690F8413083B0202BBDF834A00E9F56
:10E6380040F0A8800C9B0446002B00F09C80BAF1A7
:10E64800000F00F0988090F84030012B00F09A807D
:10E658004FF0010B80F840B00D469046FEF7CEF81B
:10E668005A460646009019234FF400412046FFF70A
:10E6780017FD002840F082800C9B6362222384F8F7
:10E688004130226864496063402384F84230606402
:10E69800A4F82AA053680B405FFA89F143EA0143C2
:10E6A800C5F309052B4343F40053536039463246FA
:10E6B8002046FFF7C9FC002868D1B9F1010F23688B
:10E6C80068D15FFA88F29A6200963B4600224021A0
:10E6D8002046FFF7E5FC002858D1638D22689BB2DD
:10E6E800FF2B73D953684C490B402B4343F080737D
:10E6F80043F4923301212185536003E0638D9BB27B
:10E70800002B73D000963B46002204212046FFF7D9
:10E71800C7FC002832D12268636A526A1A70638D76
:10E72800228D616A013B9BB26385638D013A92B287
:10E7380001319BB261622285002BDFD0002ADDD136
:10E74800802100963B462046FFF7AAFC0121A8B984
:10E75800638DDFF8CCC022689BB2FF2B604628D9B6
:10E768005368218503EA0C032B4343F0807343F479
:10E7780080335360C2E74FF400736364012003B031
:10E78800BDE8F08F022003B0BDE8F08F002384F8C5
:10E798004030F3E74FEA18229A623946324620465B
:10E7A800FFF752FC0028F1D122685FFA88F39362E0
:10E7B8008AE7638D51689BB22385DBB245EA034340
:10E7C80001400B4343F00073536097E7638D124891
:10E7D80051689BB22385DBB245EA034301400B43F2
:10E7E80043F0007343F4105353608BE732463946C5
:10E7F8002046FFF793FC0028C0D12368074D20214D
:10E80800D9615A682A405A6084F8411084F8400057
:10E8180084F84200B3E700BF009800FC00E800FE5F
:10E82800009C00FC2DE9F04784B0044600200390CA
:10E8380094F84100202867D11746226899469369C1
:10E8480013F4004360D194F8400001285CD0C1F370
:10E858000906012184F8401046F00078242184F844
:10E86800411048F420586364E368012B06BF46F062
:10E87800007343F4005343465360FDF7BFFF05465A
:10E8880020688369826903F0200302F010021343B1
:10E898001CD1B9F1FF3F11D0FDF7B0FF401B48452F
:10E8A80045D8B9F1000F08D141E0B9F1FF3F05D0D3
:10E8B800FDF7A4FF401B484539D820688169836962
:10E8C80001F0200103F010031943EED0836913F01F
:10E8D800100A1DD100954B46524620212046FFF7CD
:10E8E800DFFB002831D0636C042B04D1236820227D
:10E8F800DA61C4F844A0039B01330393039B039B91
:10E90800BB4214D22268AFE7022004B0BDE8F0870A
:10E918001023C361002200954B4620212046FFF7B3
:10E92800BFFB0028E7D123682022DA61E3E7202330
:10E9380084F84130636C43F02003636401200023B2
:10E9480084F8403004B0BDE8F08722682023D36102
:10E9580084F8413084F84000D7E700BF28B338B5C1
:10E96800D0E90031826804464CF6CC40186045F284
:10E978005550186059609A60FDF740FF23680546B6
:10E98800DA6851070AD0FDF739FF401B27282368AA
:10E99800F6D9DA685207F3D0032038BD1969E2685E
:10E9A800914204D01A61002038BD012070474AF610
:10E9B800AA221A60F7E700BF03684AF6AA220020D5
:10E9C8001A607047024A136843F4807313607047F3
:10E9D80000700040002800F0BB822DE9F043036876
:10E9E800D90783B004464BD5AC494A6802F00C02FB
:10E9F800042A00F05D814A6802F00C02082A00F03F
:10EA08005381D4E90132B3F5803F15D0002B00F0D3
:10EA18008981B3F5A02F00F03682A04B196821F444
:10EA280080311960196821F480211960D96A21F0B0
:10EA38000F010A43DA6209E098490B6843F480330E
:10EA48000B60CB6A23F00F031343CB62FDF7D6FEAE
:10EA5800924F05464FF40038012605E0FDF7CEFE3B
:10EA6800401B642800F25A8198FAA8F33A6898FA89
:10EA7800A8F3B3FA83F306FA03F31342EED023683C
:10EA88009F073FD5854A516811F00C0F00F0CB80E5
:10EA9800516801F00C01082900F0C1802269002AA0
:10EAA80000F09481012595FAA5F3B3FA83F303F1F5
:10EAB800845303F584139B00784F1D60FDF79EFE79
:10EAC8004FF00208064605E0FDF798FE801B022875
:10EAD80000F2248198FAA8F33A6898FAA8F3B3FAEE
:10EAE80083F305FA03F31342EED03968F82292FA59
:10EAF800A2F26369B2FA82F2934021F0F80213435A
:10EB08003B6023681D0729D4580753D5634BDA693E
:10EB1800D10000F1C180DA6942F08052DA61DB6924
:10EB280003F080530193019B01255D4E3368DA059C
:10EB380040F1E480E368012B00F06C81002B00F0C9
:10EB48001781052B554B1A6A00F0A98122F00102A2
:10EB58001A621A6A22F004021A6260E1A269002AA3
:10EB680074D0012696FAA6F24E4BDFF83081B2FA3D
:10EB780082F213449B0002251E60FDF73FFE074604
:10EB880005E0FDF73BFEC01B022800F2C78095FA9E
:10EB9800A5F395FAA5F395FAA5F3D8F8242095FAE4
:10EBA800A5F3B3FA83F306FA03F31342E9D0236813
:10EBB8005807ABD4E36973B3384D6A6802F00C02A6
:10EBC800082A00F04F81022B4FF0807300F06F810C
:10EBD80093FAA3F3B3FA83F303F1845303F584138D
:10EBE8009B0000221A60FDF709FE4FF000770446EB
:10EBF800012605E0FDF702FE001B022800F28E80C8
:10EC080097FAA7F32A6897FAA7F3B3FA83F306FAF1
:10EC180003F31342EED1002003B0BDE8F08352683D
:10EC2800D6033FF53BAF022292FAA2F11B490868CE
:10EC380092FAA2F20121B2FA82F201FA02F2024237
:10EC48004BD022698A4248D00120E5E7012797FA8C
:10EC5800A7F1144BDFF84480B1FA81F10B449B0013
:10EC680002251A60FDF7CAFD064604E0FDF7C6FD59
:10EC7800801B022852D895FAA5F395FAA5F395FAC0
:10EC8800A5F3D8F8242095FAA5F3B3FA83F307FA85
:10EC980003F31342EAD18AE7002546E70010024051
:10ECA80000700040208190104A68D2037FF5A9AE19
:10ECB8004FF4003292FAA2F1A649086892FAA2F239
:10ECC8000121B2FA82F201FA02F202423FF4D8AE0E
:10ECD8006268002A7FF4D4AEB6E79E4DF821286812
:10ECE80091FAA1F16269B1FA81F120F0F8008A4045
:10ECF80002432A601D077FF507AF2FE7336843F407
:10ED080080733360FDF77AFD07463368DB053FF50E
:10ED180011AFFDF773FDC01B6428F6D9032003B0BB
:10ED2800BDE8F0838B4D2B6823F480332B602B6870
:10ED380023F480232B60EB6A23F00F031343EB6269
:10ED4800FDF75CFD4FF400380646012704E0FDF7A7
:10ED580055FD801B6428E1D898FAA8F32A6898FA28
:10ED6800A8F3B3FA83F307FA03F31342EFD186E665
:10ED7800784E336A23F001033362336A23F00403C5
:10ED88003362FDF73BFD4FF0020907464FF00108DB
:10ED980006E0FDF733FD41F28833C01B9842BDD829
:10EDA80099FAA9F399FAA9F3326A99FAA9F3B3FA85
:10EDB80083F308FA03F31342EBD1002D3FF4FAAEC4
:10EDC800644AD36923F08053D361F3E6012696FAA7
:10EDD800A6F3B3FA83F303F1845303F584139B007A
:10EDE8005C4F1A60FDF70AFD4FF00208054604E083
:10EDF800FDF704FD401B022890D898FAA8F33A685A
:10EE080098FAA8F3B3FA83F306FA03F31342EFD19F
:10EE1800236877E64F4A136A43F001031362FDF74C
:10EE2800EDFCDFF8308106464FF00209012707E0C4
:10EE3800FDF7E4FC41F28833801B98423FF66EAF41
:10EE480099FAA9F399FAA9F3D8F8202099FAA9F31D
:10EE5800B3FA83F307FA03F31342E9D0002D3FF422
:10EE6800A9AEADE7012B3FF4EFAE6B68226A03F45D
:10EE7800803191427FF4E8AE606A03F47013181A87
:10EE880018BF0120C8E603F18043A3F53C33196895
:10EE980041F480211960196841F48031C5E542F0D8
:10EEA80004021A621A6A42F001021A62B7E793FA78
:10EEB800A3F3B3FA83F303F1845303F584139B009C
:10EEC80000221A60FDF79AFC4FF0007806460127E9
:10EED80005E0FDF793FC801B02283FF61FAF98FA68
:10EEE800A8F32A6898FAA8F3B3FA83F307FA03F3A6
:10EEF8001342EED1D4E908136A680B4322F4741262
:10EF080013436B604FF0807393FAA3F3B3FA83F360
:10EF180003F1845303F584139B000E4E1F60FDF725
:10EF28006DFC4FF000770446012505E0FDF766FC0F
:10EF3800001B02283FF6F2AE97FAA7F3326897FA59
:10EF4800A7F3B3FA83F305FA03F31342EED062E6AC
:10EF580001207047001002400E4A536803F00C016C
:10EF6800082901D00C487047C3F383410B48D26A83
:10EF7800405CDB0309D50A49074B02F00F028A5CA3
:10EF8800B3FBF2F303FB00F07047064B03FB00F002
:10EF9800704700BF0010024000127A00841E01086A
:10EFA800741E010800093D00002800F08D80504AB9
:10EFB800136803F007038B422DE9F0410D46044620
:10EFC8000CD2136823F007030B431360136803F094
:10EFD80007038B4202D00120BDE8F081236898071F
:10EFE80006D54449A0684A6822F0F00202434A6004
:10EFF800D9072CD56268012A68D0022A0CBF4FF0C5
:10F008000073022393FAA3F13A49086893FAA3F329
:10F018000121B3FA83F301FA03F30342DBD0354E3F
:10F02800736823F0030313437360FDF7E7FB41F2B2
:10F038008838074604E0FDF7E1FBC01B404554D87B
:10F048007368626803F00C03B3EB820FF3D1284AAC
:10F05800136803F00703AB4209D9136823F00703C9
:10F068002B431360136803F00703AB42B3D1236843
:10F078005A0706D51F49E0684A6822F4E06202434D
:10F088004A601B0707D51B4A2169536823F460535C
:10F0980043EAC1035360FFF75FFF164BF0225B683A
:10F0A80092FAA2F2B2FA82F203F0F003124C134978
:10F0B800D340134AE35C20FA03F308681360FDF7B2
:10F0C8005BFB0020BDE8F081012070474FF400335E
:10F0D80093FAA3F10749096893FAA3F3B3FA83F300
:10F0E80002FA03F30B429AD175E7032074E700BFD5
:10F0F8000020024000100240F40201081000002025
:10F10800000000202DE9F0430368DD0383B00446C6
:10F1180040D57D4BDA69D00040F1B6807B4D2B6835
:10F12800D9054FF0000640F1BF80DFF8DC81616847
:10F13800D8F8203013F4407320D001F440729A427A
:10F148001CD0D8F820104FF4803321F4407093FA83
:10F15800A3F26F4FB2FA82F23A4492000125156089
:10F1680093FAA3F3B3FA83F33B449B0000221A609B
:10F17800CB07C8F8200000F1AB806168624A136AC7
:10F1880023F440730B4313621EB1D36923F08053F9
:10F19800D3612368DF0706D55B49A0680A6B22F0B4
:10F1A800030202430A639E0706D55749E0680A6BC3
:10F1B80022F4403202430A635D0706D552492069AA
:10F1C8000A6B22F4402202430A63980606D54E4988
:10F1D800E0690A6B22F0100202430A63990306D51C
:10F1E8004949A06B4A6822F4800202434A605A06E1
:10F1F80006D54549206A0A6B22F0200202430A63B9
:10F208001F0706D5404960690A6B22F44012024381
:10F218000A63DE0606D53C49A0690A6B22F440025F
:10F2280002430A639D0506D53749E06A4A6822F415
:10F23800000202434A60180606D53349606ACA6A62
:10F2480022F4F8720243CA62D90506D52E49A06A8B
:10F25800CA6A22F478520243CA62DA0406D52A49F5
:10F26800206B0A6B22F4807202430A639B0403D466
:10F27800002003B0BDE8F083234A616B136B23F4CD
:10F2880000730B431363F3E7DA69204D42F08052B1
:10F29800DA61DB6903F080530193019B2B68D90580
:10F2A8004FF001063FF541AF2B6843F480732B60A4
:10F2B800FDF7A4FA07462B68DA053FF536AFFDF7E8
:10F2C8009DFAC01B6428F6D9032003B0BDE8F0837B
:10F2D800FDF794FA4FF00209074699FAA9F399FA4B
:10F2E800A9F3D8F8202099FAA9F3B3FA83F305FA19
:10F2F80003F313427FF441AFFDF780FA41F28833FC
:10F30800C01B9842E9D9DFE70010024000700040B6
:10F31800008190102DE9F04383B01F4614460A9EE1
:10F328000D468046FDF76AFA3E44361AFDF766FA3E
:10F338002C4B1A68C2F3CB3206FB02F281460192CB
:10F34800D8F80020936835EA03030CBF0123002393
:10F35800A34209D07B1C0BD1936835EA03030CBF89
:10F36800012300239C42F7D1002003B0BDE8F083BD
:10F37800FDF744FAA0EB0900B04208D2019B002B2C
:10F38800019B03F1FF3308BF00260193D8E7D8E9B2
:10F3980000315A68B1F5827F22F0E0025A6014D039
:10F3A800D8F82820B2F5005F07D11A6822F4005275
:10F3B8001A601A6842F400521A600122002388F881
:10F3C8005D2088F85C300320CFE7D8F80820B2F534
:10F3D800004F02D0B2F5806FE2D11A6822F04002E5
:10F3E8001A60DDE7000000202DE9F04F83B0984651
:10F3F800002316468DF803300C9C07460D46FDF792
:10F40800FDF94444A4EB0009FDF7F8F9384BD7F8A7
:10F4180000B01A6802EB8202C2EBC2031B0D09FBA3
:10F4280003F3824601935A4693682B40B34216D0A1
:10F43800B5F5C06F0AD0B8F1FF3F1ED1946805EA50
:10F44800040C66450BD0B5F5C06FF7D15EB1B8F1C5
:10F45800FF3F12D1936803F4C0639E42F6D10020A7
:10F4680003B0BDE8F08F9BF80C30DBB28DF80330A9
:10F47800B8F1FF3F9DF80330E0D0FDF7BFF9A0EBEE
:10F488000A0048450AD2019B3A68002B019B03F108
:10F49800FF3308BF4FF000090193C5E7D7E90031F2
:10F4A8005A68B1F5827F22F0E0025A6013D0BA6A36
:10F4B800B2F5005F07D11A6822F400521A601A6880
:10F4C80042F400521A600122002387F85D2087F871
:10F4D8005C300320C4E7BA68B2F5004F02D0B2F539
:10F4E800806FE4D11A6822F040021A60DFE700BF9B
:10F4F8000000002070B582B00D46164600920B46FB
:10F5080000224FF4C0510446FFF76EFF80B902464F
:10F5180000962B4680212046FFF7FCFE024638B9AC
:10F5280000962B464FF4C0612046FFF75DFF20B1DF
:10F53800236E43F020032366032002B070BD00BF92
:10F54800704700BF002800F09480426A2DE9F84F08
:10F558000446002A5AD00023C0E9043394F85D30E9
:10F5680003F0FF01002B5CD02168E568022384F8D2
:10F578005D300B68B5F5E06F23F040030B6057D89A
:10F588006BD1A66A4FF4805C06F40057636802F0FA
:10F59800100EA26803F4827302F404421343226932
:10F5A80002F002021343626902F0010243EA020B0D
:10F5B800D4E90602236A00F4007A02F0380803F05E
:10F5C80080094BEA0A0343EA0803626B43EA09032A
:10F5D8003B4302F008020B60000C05F4706300F076
:10F5E80004001A43024342EA0E02B6F5005F42EAFB
:10F5F8000C0226D04A60CB69002023F40063012264
:10F60800CB61206684F85D20BDE8F88F4368B3F5C8
:10F61800827FA3D0C26194F85D3003F0FF01002B14
:10F62800A2D184F85C102046FFF78AFF626A9BE744
:10F63800B5F5706F1FD1A66A4FF0000C06F400579D
:10F64800A4E7236B7BB9B5F5E06F17D902232363D1
:10F658000B6843F400630B6007E04FF4805C0027FD
:10F66800A7623E4692E7022BF2D0A38D4A600B6157
:10F67800C1E7012070474FF0000CF0E70123236336
:10F68800F3E700BF90F85D30012B70D1002970D0EE
:10F69800002A6ED010B50446D8B294F85C30012B1D
:10F6A8007BD084F85C00A068A28700234FF0030C8D
:10F6B800B0F5004F84F85DC0C4E913332366A16335
:10F6C800E28723642268A4F84430A4F8463007D1BE
:10F6D800136823F040031360136843F480431360F6
:10F6E800A36AB3F5005F07D1136823F400531360CE
:10F6F800136843F400531360606D294BC362294BB0
:10F708008362294B036300234363536823F48043D4
:10F718005360E368B3F5E06F0FD84369B3F5806FC2
:10F728000BD1E38F13F0010F53682DD123F48043DD
:10F738005360E38FC3F34E03E387E38F0C329BB22E
:10F74800FEF750FAB8B923681A68520603D41A6843
:10F7580042F040021A60002284F85C205A6842F0A5
:10F7680020025A605A6842F002025A6010BD022014
:10F77800704701207047236E002243F0100384F87D
:10F788005C202366012010BD43F480435360E38F5F
:10F79800C3F34E030133E387CFE7022010BD00BF58
:10F7A800BDF70008F1F70008CDF70008704700BF63
:10F7B800704700BF08B5406AFFF7FAFF08BD00BFF1
:10F7C800704700BF406A026808B5536823F0030316
:10F7D8005360036E012143F01003036680F85D1047
:10F7E800FFF7EEFF08BD00BF30B5054683B0446A99
:10F7F800FDF704F82B681B689B0622D42368024691
:10F80800586820F020005860586820F002005860BE
:10F8180064212046FFF76EFE18B1236E43F02003E3
:10F828002366A36833B922680193D3680193936868
:10F838000193019B01230022E28784F85D30236E47
:10F8480023B92046FFF7B2FF03B030BD2046FFF7CB
:10F85800B7FF03B030BD00BF90F85D00704700BF30
:10F86800036A026A22F00102026270B44468826983
:10F878000D6822F4803222F073022A438D6823F047
:10F8880002032B43134DA8420FD005F50065A8428B
:10F898000BD005F54065A84207D005F58065A8425C
:10F8A80003D005F58065A8420DD1CD6823F0080383
:10F8B8002B43D1E9056524F4407446EA050C23F08E
:10F8C80004034CEA040449684460826170BC4163E3
:10F8D80003627047002C0140036A026A22F48072B6
:10F8E800026270B44468C2690D6822F4803222F062
:10F8F80073022A438D6823F4007343EA0523144DE9
:10F90800A8420FD005F50065A8420BD005F5406563
:10F91800A8420ED00F4DA8420BD005F58065A8422D
:10F928000FD106E0CD6823F4006343EA052323F4EE
:10F938008063D1E9056524F4405446EA050C44EA9D
:10F948000C1449684460C26170BCC16303627047AB
:10F95800002C014000440140036A026A22F48052EC
:10F96800026230B44468C2690D6822F0807222F4E1
:10F97800E64242EA05228D6823F4005343EA053340
:10F988000F4DA8420FD005F50065A8420BD005F52C
:10F998004065A84207D005F58065A84203D005F563
:10F9A8008065A84204D14D6924F4804444EA851452
:10F9B80049684460C26130BC01640362704700BF9B
:10F9C800002C0140036A026A22F48032026230B4D9
:10F9D8004468426D0D6822F4803222F070022A4396
:10F9E8008D6823F4003343EA05430F4DA8420FD036
:10F9F80005F50065A8420BD005F54065A84207D07B
:10FA080005F58065A84203D005F58065A84204D1B4
:10FA18004D6924F4803444EA052449684460426509
:10FA280030BC816503627047002C0140036A026A9A
:10FA380022F48012026230B44468426D0D6822F0EC
:10FA4800807222F4E04242EA05228D6823F4001312
:10FA580043EA05530F4DA8420FD005F50065A842AB
:10FA68000BD005F54065A84207D005F58065A8428A
:10FA780003D005F58065A84204D14D6924F480249B
:10FA880044EA852449684460426530BCC165036224
:10FA9800704700BF002C0140704700BF90F83D3010
:10FAA800012B22D103681649022280F83D20DA682A
:10FAB8008B4242F00102DA6019D0B3F1804F16D0C0
:10FAC800104A934213D002F5806293420FD002F598
:10FAD800963293420BD002F54062934207D01A68DF
:10FAE80042F001021A6000207047012070479968AF
:10FAF800054A0A40062AF6D0B2F5803FEFD1F2E770
:10FB0800002C0140000400400700010010290AD819
:10FB1800DFE801F0190909094F0909095709090915
:10FB28005F090909670090F84330012B6AD10B1F60
:10FB38000C2B5ED8DFE803F0415D5D5D495D5D5DDE
:10FB4800515D5D5D590090F83E30012B5AD102237A
:10FB580080F83E30036801F01F01186A01228A40CC
:10FB680020EA02001862186A2E4902438B421A6280
:10FB780043D02D4A934240D002F5406293423CD094
:10FB880002F5806293423FD002F5806293423BD0F7
:10FB9800B3F1804F3DD19968244A0A40062A06D01D
:10FBA800B2F5803F03D01A6842F001021A600020C3
:10FBB800704790F83F30012B24D1022380F83F3062
:10FBC800C8E790F84030012B1CD1022380F8403060
:10FBD800C0E790F84130012B14D1022380F841305E
:10FBE800B8E790F84230012B0CD1022380F842305C
:10FBF800B0E7022380F84330ACE75A6C42F4004285
:10FC08005A64C8E7012070475A6C42F400425A64AB
:10FC1800C9E7074A9342BED002F580629342BAD040
:10FC2800C1E700BF002C014000340140070001007B
:10FC380000040040704700BFFFF768BF704700BF6F
:10FC4800704700BF704700BF704700BF036870B5BA
:10FC5800DE681D69A907044601D5B20751D46A07B1
:10FC680001D573073AD4280701D5310724D4EB0608
:10FC780001D5F00610D4E90701D5F20763D42B06A5
:10FC88004CD5300667D4680601D571066DD4AA062E
:10FC980001D5B3064ED470BD23686FF010021A6107
:10FCA80008222277DB6913F4407F204671D0FFF7E2
:10FCB800C7FF00232377DEE723686FF008021A6185
:10FCC80004222277DB699A0720465FD1FFF7B6FF47
:10FCD8002046FFF7B7FF00232377C8E723686FF0B4
:10FCE80004021A61022222779B6913F4407F20469E
:10FCF80049D1FFF7A3FF2046FFF7A4FF002323778E
:10FD0800B1E76FF002021A61012202779B69990735
:10FD180033D0FFF795FF00232377A0E7EA05B2D594
:10FD28003306B0D523686FF480721A61204600F05C
:10FD3800CBF9A8E723686FF0200220461A61BDE8D6
:10FD4800704000F0BDB923686FF001021A612046C7
:10FD5800FAF76AFD93E723686FF080021A6120467C
:10FD680000F0B0F9E9058ED5DCE723686FF04002B2
:10FD78001A612046FFF768FF89E7FFF75FFF204613
:10FD8800FFF760FFC7E7FFF75BFFB7E7FFF758FF2D
:10FD9800A1E7FFF753FF2046FFF754FF89E700BFAD
:10FDA800304A0368904230B422D0B0F1804F3AD044
:10FDB800A2F59432904236D002F58062904232D059
:10FDC80002F59632904213D0274A90423CD002F571
:10FDD8008062904238D002F58062904234D00A683E
:10FDE8008C684969C46223F080030B43826211E086
:10FDF8004C68CA6823F07003234323F44073134309
:10FE08008A684C69C2620A68826223F080032343CD
:10FE18000A6902630268012142F00402026030BCF0
:10FE28004161036070474A68CC6823F0700313434C
:10FE380023F440734A69234323F080038C681343F7
:10FE48000A68C4628262E5E7CC684A698D68C5625F
:10FE580023F44073234323F0800313430A68826228
:10FE6800D6E700BF002C01400040014070B310B538
:10FE780090F83D30044603F0FF0213B321460223F5
:10FE880084F83D3051F8040BFFF78AFF012384F80A
:10FE9800483084F83E3084F83F3084F8403084F8A5
:10FEA800413084F8423084F8433084F8443084F890
:10FEB800453084F8463084F8473084F83D300020D7
:10FEC80010BD80F83C20FFF7E7FDD7E70120704719
:10FED80070B310B590F83D30044603F0FF0213B339
:10FEE8002146022384F83D3051F8040BFFF758FFF0
:10FEF800012384F8483084F83E3084F83F3084F891
:10FF0800403084F8413084F8423084F8433084F833
:10FF1800443084F8453084F8463084F8473084F813
:10FF28003D30002010BD80F83C20FFF783FED7E766
:10FF380001207047036A026A22F01002026270B45C
:10FF4800446882690D6822F0807222F4E64242EA2F
:10FF580005228D6823F0200343EA0513144DA842B7
:10FF68000FD005F50065A8420BD005F54065A842FD
:10FF78000ED0104DA8420BD005F58065A8420FD1D0
:10FF880006E0CD6823F0800343EA051323F040031D
:10FF9800D1E9056524F4406446EA050C44EA8C047A
:10FFA80049684460826170BC81630362704700BF26
:10FFB800002C01400044014038B590F83C30012B3A
:10FFC8007CD0012304460D4680F83C30142A0CD816
:10FFD800DFE802F0220B0B0B320B0B0B430B0B0B66
:10FFE800530B0B0B640B0B0B10000120002384F840
:08FFF8003C3038BD0068FFF742
:020000040801F1
:1000000019FD436D2A6943F400634365436D23F48E
:1000100080634365436D43EA022343650020E9E7BB
:100020000068FFF721FC83692A6943F008038361B4
:10003000836923F004038361836913438361EDE7DC
:100040000068FFF77BFF83692A6943F400638361DB
:10005000836923F480638361836943EA02238361B4
:10006000DCE70068FFF73CFCC3692A6943F008033A
:10007000C361C36923F00403C361C3691343C3614C
:10008000CCE70068FFF76CFCC3692A6943F400639E
:10009000C361C36923F48063C361C36943EA022374
:1000A000C361BBE70068FFF791FC436D2A6943F029
:1000B00008034365436D23F004034365436D134315
:1000C0004365ABE7022038BD704700BF704700BFF3
:1000D000704700BFF8B500BFF8BC08BC9E4670472B
:0C00E000F8B500BFF8BC08BC9E46704795
:1000EC00000414D5D51404000000FEFEFE00000030
:1000FC00000000000000FEFEFE000000FEFEFE867A
:10010C00868686868686868678787800000006063F
:10011C0006060606FEFEFE0606060606060000009D
:10012C00F8F8F80606060606060606060606060093
:10013C000000E000000000E0E0000010F8F8000013
:10014C0000000000000000000000F008E8E818F0D3
:10015C00F0008080808080808000F008080808080B
:10016C001000F8080808080000001F1F1F606060DE
:10017C006060606060601F1F1F0000007F7F7F0158
:10018C0001010707071919196060600000000000E1
:10019C00000000007F7F7F000000000000000000D6
:1001AC001F1F1F6060606060606060606060600066
:1001BC000000030408080403030000080F0F0800E4
:1001CC000000000C0C0C00000000070C0B0B0807C7
:1001DC0007000000000000000000070808080808DD
:1001EC0004000F0808080F000000000000000000C9
:1001FC000000000000000000F80606060600FE8065
:10020C008080FE00FE8686860600F806060606003E
:10021C00FE80601806000000000000000606FE06C6
:10022C000600FE060606F8000000000000000000B4
:10023C0006FE0600FE000000FE00FE18E018FE00A0
:10024C00FE8686867800FE8686860600FE86868674
:10025C00780078868686060000000000000000000A
:10026C000000000000000000000000000000000082
:10027C0000000000000000001F60606060007F0153
:10028C0001017F007F61616160001F606060600040
:10029C007F010618600000000000000060607F60B5
:1002AC0060007F6060601F000000000000001860AC
:1002BC00601F00001F6060601F007F0001007F0056
:1002CC007F01010100007F61616160007F010719FE
:1002DC006000606161611E00000000000000000011
:1002EC000000000000000000000000000000000002
:1002FC00010203040607080974004001820036015C
:10030C0092002C01A4002201B9001801D2000E01A8
:10031C00EF0004011101FA003901F0006801E60058
:10032C00A001DC00E201D2003002C8008D02BE0048
:10033C00FB02B4007D03AA001504A000C5049600BE
:10034C008F058C00720682006D07780079086E00AC
:10035C008F096400A40A5A00AD0B5000A00C460093
:10036C00740D3C00250E3200B20E28001D0F1E002D
:10037C006B0F1400A20F0A00C70F00000000000052
:10038C000000004F00000700070000147F147F14CA
:10039C00242A7F2A122313086462364955225000FE
:1003AC0005030000001C2241000041221C0014081F
:1003BC003E081408083E0808000000000000000079
:1003CC00000000606000003E5149453E00427F4005
:1003DC000042615149462141454B311814127F109E
:1003EC0027454545393C4A494930017109050336D1
:1003FC0049494936064949291E003636000000563F
:10040C003600000814224100141414141400412264
:10041C0014080201510906324979413E7E1111112D
:10042C007E7F494949363E414141227F4141221C50
:10043C007F494949417F090909013E4149497A7F70
:10044C000808087F00417F41002040413F007F08A1
:10045C001422417F404040407E020C027E7F040803
:10046C00107F3E4141413E7F090909063E41512121
:10047C005E7F09192946464949493101017F01012D
:10048C003F4040403F1F2040201F3F4038403F63CB
:10049C0014081463070870080761514945435C3A16
:1004AC002D205B0000000000000000000000000098
:1004BC00000000000000004040404040924924925F
:1004CC0049269249349249369249A49249A69249B6
:1004DC00B49249B6924D24924D26924D34924D369B
:1004EC00924DA4924DA6924DB4924DB6926924921F
:1004FC0069269269349269369269A49269A69269C6
:10050C00B49269B6926D24926D26926D34926D36CA
:10051C00926DA4926DA6926DB4926DB6934924938C
:10052C0049269349349349369349A49349A6934950
:10053C00B49349B6934D24934D26934D34934D3635
:10054C00934DA4934DA6934DB4934DB693692493B8
:10055C0069269369349369369369A49369A6936960
:10056C00B49369B6936D24936D26936D34936D3665
:10057C00936DA4936DA6936DB4936DB69A49249A1A
:10058C0049269A49349A49369A49A49A49A69A49CD
:10059C00B49A49B69A4D249A4D269A4D349A4D36B2
:1005AC009A4DA49A4DA69A4DB49A4DB69A69249A2E
:1005BC0069269A69349A69369A69A49A69A69A69DD
:1005CC00B49A69B69A6D249A6D269A6D349A6D36E2
:1005DC009A6DA49A6DA69A6DB49A6DB69B49249B9C
:1005EC0049269B49349B49369B49A49B49A69B4968
:1005FC00B49B49B69B4D249B4D269B4D349B4D364D
:10060C009B4DA49B4DA69B4DB49B4DB69B69249BC7
:10061C0069269B69349B69369B69A49B69A69B6977
:10062C00B49B69B69B6D249B6D269B6D349B6D367C
:10063C009B6DA49B6DA69B6DB49B6DB6D24924D2C9
:10064C004926D24934D24936D249A4D249A6D249F4
:10065C00B4D249B6D24D24D24D26D24D34D24D36D9
:10066C00D24DA4D24DA6D24DB4D24DB6D26924D21D
:10067C006926D26934D26936D269A4D269A6D26904
:10068C00B4D269B6D26D24D26D26D26D34D26D3609
:10069C00D26DA4D26DA6D26DB4D26DB6D34924D38B
:1006AC004926D34934D34936D349A4D349A6D3498F
:1006BC00B4D349B6D34D24D34D26D34D34D34D3674
:1006CC00D34DA4D34DA6D34DB4D34DB6D36924D3B7
:1006DC006926D36934D36936D369A4D369A6D3699F
:1006EC00B4D369B6D36D24D36D26D36D34D36D36A4
:1006FC00D36DA4D36DA6D36DB4D36DB6DA4924DA19
:10070C004926DA4934DA4936DA49A4DA49A6DA490B
:10071C00B4DA49B6DA4D24DA4D26DA4D34DA4D36F0
:10072C00DA4DA4DA4DA6DA4DB4DA4DB6DA6924DA2C
:10073C006926DA6934DA6936DA69A4DA69A6DA691B
:10074C00B4DA69B6DA6D24DA6D26DA6D34DA6D3620
:10075C00DA6DA4DA6DA6DA6DB4DA6DB6DB4924DB9A
:10076C004926DB4934DB4936DB49A4DB49A6DB49A6
:10077C00B4DB49B6DB4D24DB4D26DB4D34DB4D368B
:10078C00DB4DA4DB4DA6DB4DB4DB4DB6DB6924DBC6
:10079C006926DB6934DB6936DB69A4DB69A6DB69B6
:1007AC00B4DB69B6DB6D24DB6D26DB6D34DB6D36BB
:1007BC00DB6DA4DB6DA6DB6DB4DB6DB6524541443D
:1007CC005920202020202020200000004C494748A0
:1007DC0054204F4E2020202020000000444953502C
:1007EC00454E53494E4720202000000053454152AE
:1007FC004348494E472020202000000049444C45E6
:10080C002020202020202020200000004452495687
:10081C00494E472020202020200000005343414E09
:10082C004E494E4720202020200000005354414EBA
:10083C0044425920202020202000000048454154EB
:10084C00494E472E2E2E20202000000041524D45AF
:10085C004420202020202020200000004452494C1D
:10086C004C494E472020202020000000504152547B
:10087C00205049434B454420200000005052494E23
:10088C0054494E472020202020000000454E47525E
:10089C004156494E47202020200000004752495025
:1008AC0050494E47202020202000000054454D5038
:1008BC003A2000002043202020202020202000006F
:1008CC0052504D3A200000002020202020202020D3
:1008DC00202000004C41534552205057523A2000E2
:1008EC002025202020202000484F54454E443A20FB
:1008FC0000000000204320202020202000000000C9
:10090C0056414355554D3A20000000002020202030
:10091C00202020005354524F42453A200000000042
:10092C00484954533A200000202020202020202029
:10093C002000000053544550533A20002020202022
:10094C002020202000000000454E4453544F503AC4
:10095C002048495420200000454E4453544F503AEF
:10096C00204F50454E20000046494C4C00000000E2
:10097C004F4B00004C494748543A204F46462020E4
:10098C00202000004C494748543A204649584544D9
:10099C00202000004C494748543A205354524F42AF
:1009AC0045200000434845434B204944204A554DBF
:1009BC0050455253000000005B20435249544943B8
:1009CC00414C204552524F52205D00002053595348
:1009DC0054454D20424C4F434B45442000000000F1
:1009EC0054313220534F4C4445522049524F4E0003
:1009FC0050415354452044495350454E53455200A1
:100A0C004C49515549442044495350454E5352008A
:100A1C0053435245574452495645522020202000FA
:100A2C0056414355554D205049434B5550202000BD
:100A3C004452494C4C20424C343236302020200059
:100A4C00475249505045522047494D42414C200095
:100A5C0047524950504552204E454D4120313400AB
:100A6C00414F4920494E5350454354494F4E200065
:100A7C004C415345522044494F4445203130570096
:100A8C003344205052494E544552202056342000B5
:100A9C005343414E2050524F4245202020202000ED
:100AAC002D2D2D2D2D2D2D2D2D2D2D2D2D2D2D2D6A
:100ABC002D2D2D2D000000002043000053544550D7
:100ACC00532052454D3A20005354415455533A202B
:100ADC00524541445900000056414355554D204163
:100AEC0044433A20000000004F424A3A20000000E4
:100AFC005245414C2052504D3A2000005345545021
:100B0C004F494E543A200000504F5745523A20203E
:100B1C00202000004E4F5A5A4C453A004C46414E4C
:100B2C003A00000052504D004846414E3A00000039
:100B3C00504552494F443A20000000005354415450
:100B4C0055533A2041524D4544200000494D5041E7
:100B5C004354533A202000004255532043414E2029
:100B6C004F4E4C494E4500000000000000000000B4
:100B7C000000000000000000000000000000000069
:100B8C000000000000000000000000000000000059
:100B9C000000000000000000000000000000000049
:100BAC000000000000000000000000000000000039
:100BBC000000000000000000000000000000000029
:100BCC000000000000000000000000000000000019
:100BDC000000000000000000000000000000000009
:100BEC0000000000000000000000000000000000F9
:100BFC0000000000000000000000000F7F7F0F00CD
:100C0C0000000000000000000000000000000000D8
:100C1C0000000000000000000000000000000000C8
:100C2C0000000000000000000000000000000000B8
:100C3C0000000000000000000000000000000000A8
:100C4C000000000000000000000000000000000098
:100C5C000000000000000000000000000000000088
:100C6C000000000000000000000000000000FCFC80
:100C7C00FC1C1C1C1C1C1C1C1C1C1C1C1C1C1C1CC8
:100C8C001C1C1C1C1C1C1C1C1CFCFCFC0000000068
:100C9C000000000000000000000000000000000048
:100CAC000000000000000000000000000000000038
:100CBC000000000000000000000000000000000028
:100CCC000000000000000000000000000000000018
:100CDC000000000000000000000000000000000008
:100CEC000000000000000000000000000000FFFFFA
:100CFC00FF00007F7F7F7F7F7F7F00000000000070
:100D0C007F7F7F7F7F7F7F0000FFFFFF0000000061
:100D1C000000000000000000F0F0F00000000000F7
:100D2C0000000000000000000000000000000000B7
:100D3C0000000000000000000000000000000000A7
:100D4C00000000000000000000000000F0F0F03097
:100D5C0030F0F0E00000E0F0F03030F0F0E0003087
:100D6C0030F0F0F030303000000000000000FFFFE9
:100D7C00FF000000C0C0C0C0C0C0C0C0C0C0C0C068
:100D8C00C0C0C0C0C0C0000000FFFFFF00000000DA
:100D9C0000000000C0C00000FFFFFF00FFFFFF00CD
:100DAC0000FFFFFF00009EDFDF636323FFFFFEFFFA
:100DBC00FFFF0203FFFFFE0000FEFFFF3333BFBF48
:100DCC00BE00FFFFFF0203FFFFFE0000FFFFFF1846
:100DDC0018FFFFE70000FFFFFF0000FFFFFF000010
:100DEC0000FFFFFF00000000000000000000FFFFFC
:100DFC00FFE0E0E0E1E1E1E1E1E1E1E1E1E1E1E1BC
:100E0C00E1E1E1E1E1E1E0E0E0FFFFFF00000000F3
:100E1C00000000000F0F0C0C0F0F0700070F0F0C3A
:100E2C00040F0F0F0000070F0F0C0C040F0F0F0F08
:100E3C000F0F00000F0F0F0000070F0F0C0C0F0F00
:100E4C0007000F0F0F00000F0F0F00000F0F0F0CFC
:100E5C000C0F0F070000070F0F0C0C0F0F070000F3
:100E6C00000F0F0F00000000000000000000000049
:100E7C0000000000000000000F7F7F0F000000004A
:100E8C000000000000000000000000000000000056
:100E9C000000000000000000000000000000000046
:100EAC000000000000000000000000000000000036
:100EBC000000000000000000000000000000000026
:100ECC000000000000000000000000000000000016
:100EDC000000000000000000000000000000000006
:100EEC000000000000000000000000000000FCFCFE
:100EFC00FC1C1C1C1C1C1C1C1C1C1C1C1C1C1C1C46
:100F0C001C1C1C1C1C1C1C1C1CFCFCFC00000000E5
:100F1C0000000000000000000000000000000000C5
:100F2C0000000000000000000000000000000000B5
:100F3C0000000000000000000000000000000000A5
:100F4C000000000000000000000000000000000095
:100F5C000000000000000000000000000000000085
:100F6C000000000000000000000000000000FFFF77
:100F7C00FF00007F7F7F7F7F7F7F000000000000ED
:100F8C007F7F7F7F7F7F7F0000FFFFFF00000000DF
:100F9C000000000000000000F0F0F0000000000075
:100FAC000000000000000000000000000000000035
:100FBC000000000000000000000000000000000025
:100FCC00000000000000000000000000F0F0F03015
:100FDC0030F0F0E00000E0F0F03030F0F0E0003005
:100FEC0030F0F0F030303000000000000000FFFF67
:100FFC00FF000000F0F0F0F0F0F0F0F0F0F0F0F0A6
:10100C00F0F0F0F0F0F0000000FFFFFF0000000037
:10101C0000000000C0C00000FFFFFF00FFFFFF004A
:10102C0000FFFFFF00009EDFDF636323FFFFFEFF77
:10103C00FFFF0203FFFFFE0000FEFFFF3333BFBFC5
:10104C00BE00FFFFFF0203FFFFFE0000FFFFFF18C3
:10105C0018FFFFE70000FFFFFF0000FFFFFF00008D
:10106C0000FFFFFF00000000000000000000FFFF79
:10107C00FFE0E0E0E3E3E3E3E3E3E3E3E3E3E3E321
:10108C00E3E3E3E3E3E3E0E0E0FFFFFF0000000065
:10109C00000000000F0F0C0C0F0F0700070F0F0CB8
:1010AC00040F0F0F0000070F0F0C0C040F0F0F0F86
:1010BC000F0F00000F0F0F0000070F0F0C0C0F0F7E
:1010CC0007000F0F0F00000F0F0F00000F0F0F0C7A
:1010DC000C0F0F070000070F0F0C0C0F0F07000071
:1010EC00000F0F0F000000000000000000000000C7
:1010FC0000000000000000000000000F7F7F0F00C8
:10110C0000000000000000000000000000000000D3
:10111C0000000000000000000000000000000000C3
:10112C0000000000000000000000000000000000B3
:10113C0000000000000000000000000000000000A3
:10114C000000000000000000000000000000000093
:10115C000000000000000000000000000000000083
:10116C000000000000000000000000000000FCFC7B
:10117C00FC1C1C1C1C1C1C1C1C1C1C1C1C1C1C1CC3
:10118C001C1C1C1C1C1C1C1C1CFCFCFC0000000063
:10119C000000000000000000000000000000000043
:1011AC000000000000000000000000000000000033
:1011BC000000000000000000000000000000000023
:1011CC000000000000000000000000000000000013
:1011DC000000000000000000000000000000000003
:1011EC000000000000000000000000000000FFFFF5
:1011FC00FF00000C0C0C0C0C0C0C00000000000090
:10120C000C0C0C0C0C0C0C0000FFFFFF0000000081
:10121C000000000000000000F0F0F00000000000F2
:10122C0000000000000000000000000000000000B2
:10123C0000000000000000000000000000000000A2
:10124C00000000000000000000000000F0F0F03092
:10125C0030F0F0E00000E0F0F03030F0F0E0003082
:10126C0030F0F0F030303000000000000000FFFFE4
:10127C00FF000000C0C0C0C0C0C0C0C0C0C0C0C063
:10128C00C0C0C0C0C0C0000000FFFFFF00000000D5
:10129C0000000000C0C00000FFFFFF00FFFFFF00C8
:1012AC0000FFFFFF00009EDFDF636323FFFFFEFFF5
:1012BC00FFFF0203FFFFFE0000FEFFFF3333BFBF43
:1012CC00BE00FFFFFF0203FFFFFE0000FFFFFF1841
:1012DC0018FFFFE70000FFFFFF0000FFFFFF00000B
:1012EC0000FFFFFF00000000000000000000FFFFF7
:1012FC00FFE0E0E0E1E1E1E1E1E1E1E1E1E1E1E1B7
:10130C00E1E1E1E1E1E1E0E0E0FFFFFF00000000EE
:10131C00000000000F0F0C0C0F0F0700070F0F0C35
:10132C00040F0F0F0000070F0F0C0C040F0F0F0F03
:10133C000F0F00000F0F0F0000070F0F0C0C0F0FFB
:10134C0007000F0F0F00000F0F0F00000F0F0F0CF7
:10135C000C0F0F070000070F0F0C0C0F0F070000EE
:10136C00000F0F0F00000000000000000000000044
:10137C0000000000000000000000000000000F7FD3
:10138C007F0F0000000000000000000000000000C3
:10139C000000000000000000000000000000000041
:1013AC000000000000000000000000000000000031
:1013BC000000000000000000000000000000000021
:1013CC000000000000000000000000000000000011
:1013DC000000000000000000000000000000000001
:1013EC000000000000000000000000000000FCFCF9
:1013FC00FC1C1C1C1C1C1C1C1C1C1C1C1C1C1C1C41
:10140C001C1C1C1C1C1C1C1C1CFCFCFC00000000E0
:10141C0000000000000000000000000000000000C0
:10142C0000000000000000000000000000000000B0
:10143C0000000000000000000000000000000000A0
:10144C000000000000000000000000000000000090
:10145C000000000000000000000000000000000080
:10146C000000000000000000000000000000FFFF72
:10147C00FF00007F7F7F7F7F7F7F000000000000E8
:10148C007F7F7F7F7F7F7F0000FFFFFF00000000DA
:10149C000000000000000000F0F0F0000000000070
:1014AC000000000000000000000000000000000030
:1014BC000000000000000000000000000000000020
:1014CC00000000000000000000000000F0F0F03010
:1014DC0030F0F0E00000E0F0F03030F0F0E0003000
:1014EC0030F0F0F030303000000000000000FFFF62
:1014FC00FF000000F0F0F0F0F0F0F0F0F0F0F0F0A1
:10150C00F0F0F0F0F0F0000000FFFFFF0000000032
:10151C0000000000C0C00000FFFFFF00FFFFFF0045
:10152C0000FFFFFF00009EDFDF636323FFFFFEFF72
:10153C00FFFF0203FFFFFE0000FEFFFF3333BFBFC0
:10154C00BE00FFFFFF0203FFFFFE0000FFFFFF18BE
:10155C0018FFFFE70000FFFFFF0000FFFFFF000088
:10156C0000FFFFFF00000000000000000000FFFF74
:10157C00FFE0E0E0E3E3E3E3E3E3E3E3E3E3E3E31C
:10158C00E3E3E3E3E3E3E0E0E0FFFFFF0000000060
:10159C00000000000F0F0C0C0F0F0700070F0F0CB3
:1015AC00040F0F0F0000070F0F0C0C040F0F0F0F81
:1015BC000F0F00000F0F0F0000070F0F0C0C0F0F79
:1015CC0007000F0F0F00000F0F0F00000F0F0F0C75
:1015DC000C0F0F070000070F0F0C0C0F0F0700006C
:1015EC00000F0F0F000000000000000000000000C2
:1015FC00000000000000000000000000FCFCFC7C6F
:10160C007C7C7C7C7C7C7C7C7C7C7C000000FCFC82
:10161C00FC7C7C7C7C7C7C7C7C7C808080000000E6
:10162C00FCFCFC7C7C7C7C7C7C7C7C7C80808000DE
:10163C0000008080807C7C7C7C7C7C7C7C7C8080C2
:10164C0080000000FCFCFC7C7C7C7C7C7C7C7C7CBE
:10165C0080808000000000000000000000000000FE
:10166C00000000000000000000000000000000006E
:10167C00000000000000000000000000FFFFFF0061
:10168C000000000000000000000000000000FFFF50
:10169C00FF000000000000000000FFFFFF00000042
:1016AC00FFFFFF000000000000000000FFFFFF0034
:1016BC000000FFFFFF000000000000000000FFFF23
:1016CC00FF000000FFFFFF00000000000000000012
:1016DC00FFFFFF0000000000000000000000000001
:1016EC0000000000000000000000000000000000EE
:1016FC00000000000000000000000000FFFFFF3EA3
:10170C003E3E3E3E3E3E3E3E000000000000FFFFDF
:10171C00FF3E3E3EFEFEFE3E3E3E0101010000004D
:10172C00FFFFFF3E3E3EFEFEFE3E3E3E010101003F
:10173C000000FFFFFF000000000000000000FFFFA2
:10174C00FF000000FFFFFF3E3E3EFEFEFE3E3E3E23
:10175C00010101000000000000000000000000007A
:10176C00000000000000000000000000000000006D
:10177C00000000000000000000000000FFFFFF0060
:10178C000000000000000000000000000000FFFF4F
:10179C00FF000000070707F8F8F800000000000041
:1017AC00FFFFFF000000070707F8F8F80000000033
:1017BC000000FFFFFF000000000000000000FFFF22
:1017CC00FF000000FFFFFF000000070707F8F8F814
:1017DC0000000000000000000000000000000000FD
:1017EC0000000000000000000000000000000000ED
:1017FC000000000000000000000000001F1F1F1F61
:10180C001F1F1F1F1F1F1F1F1F1F1F0000001F1F39
:10181C001F0000000000000000001F1F1F00000040
:10182C001F1F1F0000000000000000001F1F1F00F2
:10183C0000000000001F1F1F1F1F1F1F1F1F000085
:10184C00000000001F1F1F0000000000000000002F
:10185C001F1F1F000000000000000000000000001F
:10186C0000000000000000000000000000000080EC
:10187C00C0E0F0F87C3A140800806018040E1F0FCA
:10188C0007030100000000000000000000000080C1
:10189C00C0E0F4FA7D38140800806018040E1F0FA5
:1018AC0007030100000000000000000000000080A1
:1018BC00C0E0F4FA7D38110600806018040E1F0F8A
:1018CC000703010000000000000000000000008081
:1018DC00C0E0F0F87C3A110600806018040E1F0F6F
:1018EC00070301000000000000000000F809090FC8
:1018FC000F0909F800000000000000000302CEFEF2
:10190C00FECE02030000000000000000F80A0A0EE0
:10191C000F0909F8000000000000000003E2EEFED1
:10192C00FECE02030000000000000000F80A0A0EC0
:10193C000E0A0AF8000000000000000003E2EEFEB0
:10194C00FEEEE2030000000000000000F809090FA1
:10195C000E0A0AF800000000000000000302CEFE90
:10196C00FEEEE2030000000000000000F809090F81
:10197C000F0909F8000000000000000003024EFEF1
:10198C00FE4E02030000000000000000F80A0A0EE0
:10199C000F0909F8000000000000000003028EDEB1
:1019AC00FE4E02030000000000000000F80A0A0EC0
:1019BC000E0A0AF8000000000000000003028EDE90
:1019CC009E0E02030000000000000000F809090F41
:1019DC000E0A0AF8000000000000000003024EFE90
:1019EC009E0E02030000000000000000000080C0FA
:1019FC00E07C22414141221C40A0583C0E070301CF
:101A0C00000000000000000000000000000080C08A
:101A1C00E07C22414141221CA060583C0E0703018E
:101A2C00000000000000000000000000000080C06A
:101A3C00E07C2241C141221CA060685C0E070301BE
:101A4C00000000000000000000000000000080C04A
:101A5C00E07C2241C141221C40A0685C0E070301BE
:101A6C000000000000000000000000C0C0C0C0FF6B
:101A7C00FFC0C0C0C0000000000000010F1F1F1FEE
:101A8C001F1F1F0F0100000000000000808080FF5E
:101A9C00FF8080800000000000000000031F1F1F5B
:101AAC001F1F1F030000000000000000000000FFCB
:101ABC00FF000000000000000000000000071F1FD6
:101ACC001F1F07000000000000000000000000FFC6
:101ADC00FF00000000000000000000000000001FDC
:101AEC001F000000000000000000FEC2C2C2C2C203
:101AFC00C242427E00000000000000000000020410
:101B0C00C8102000000000000000FEC2C2C2C2C209
:101B1C00C242427E000000000000000000002010C5
:101B2C00C8040200000000000000FEC2C2C2C2C213
:101B3C00C242427E000000000000000000000204CF
:101B4C00C8102000000000000000FEC2C2C2C2C2C9
:101B5C00C242427E00000000000000000000201085
:101B6C00C80402000000000000C0F0180C04C6C637
:101B7C00C6C6040C18F0C00000030F1830206363B5
:101B8C0063632030180F030100C0F0180C04C6C6A4
:101B9C00C6C6040C18F0C00000030F183020636395
:101BAC00E3632030180F030000C0F0180C04C6C605
:101BBC00C6C6040C18F0C00001030F183020636374
:101BCC0063632030180F030000C0F0180C04C6C764
:101BDC00C6C6040C18F0C00000030F183020636355
:101BEC0063632030180F030000C0C0C0C080BFA1C9
:101BFC00A1BF80C0C0C0C00000FFFFFFFF000000FD
:101C0C00000000FFFFFFFF00000000C0C0C0FFA1EC
:101C1C00A1BF80C0C0C0C000000000FFFFFFFF7864
:101C2C00000000FFFFFFFF00000000C0C0C0FFA1CC
:101C3C00A1FFC0C0C0000000000000FFFFFFFF7844
:101C4C0078FFFFFFFF00000000C0C0C0C080BFA134
:101C5C00A1FFC0C0C000000000FFFFFFFF0000009C
:101C6C0078FFFFFFFF00000000804024289050B058
:101C7C00B0509028244080000001020404090A0D91
:101C8C000D0A0904040201008080C2242890D0F0BF
:101C9C00B0509028244080000001020404090B0F6E
:101CAC000D0A0904040201008080C2242890D0F09F
:101CBC00F0D0902824C280800001020404090B0F8C
:101CCC000F0B09040402010000804024289050B03E
:101CDC00F0D0902824C280800001020404090A0D6F
:101CEC000F0B090404020100000000008060100CBE
:101CFC00820C10608000000000000000000384587B
:101D0C00E058840300000000000000008060D0EC6C
:101D1C00E20C106080000000000000008083455B36
:101D2C00E058840300000000000000008060D0EC4C
:101D3C00E2ECD06080000000000000008083455B76
:101D4C00E35B458380000000000000008060100C05
:101D5C0082ECD0608000000000000000000384587A
:101D6C00E35B4583800000000000000000001F7F43
:101D7C007F1F0000000000000000028AAAAAAAAA85
:101D8C00AAAAAAAA8A020000000080808080808013
:101D9C00001F0000000000000000028AAAAAAAAAE4
:101DAC00AAAAAAAA8A0200000000808080808080F3
:101DBC00809FFFFF9F8000000000028AAAAAAAAAA7
:101DCC00AAAAAAAA8A0200000000000000001F7F35
:101DDC00FF9FFFFF9F8000000000028AAAAAAAAA08
:101DEC00AAAAAAAA8A020000808080C0201088CFEC
:101DFC00CF881020C080808001010103040811F3FA
:101E0C00F3110804030101018080C0B0080884CFDD
:101E1C00CF881020C08080800101030D101021F3A9
:101E2C00F3110804030101018080C0B0080884CFBD
:101E3C00CF840808B0C080800101030D101021F37D
:101E4C00F32110100D030101808080C0201088CF79
:101E5C00CF840808B0C0808001010103040811F38D
:101E6C00F32110100D0301010102030405060708FC
:101E7C00090A0B0C0D0E0F100203040506070809C6
:081E8C000A0B0C0D0E0F1010E3
:081E9400AC63FF7F01000000B8
:041E9C00F1810008C8
:041EA000C9810008EC
:101EA40000127A000100000001000000FFFF0101A0
:041EB400100000001A
:0400000508008785E3
:00000001FF
