:020000040800F2
:1080000000A0002085870008D587000809AD00087A
:10801000D5870008D5870008D58700080000000034
:10802000000000000000000000000000D5870008EC
:10803000D587000800000000D587000839AD00088A
:10804000D5870008D5870008D5870008D5870008A0
:10805000D5870008D5870008D5870008D587000890
:10806000D587000829AE0008D5870008D587000805
:10807000D587000821AD0008D5870008D5870008FE
:10808000D5870008D5870008D5870008D587000860
:108090003DAD0008D5870008D587000831AE00083F
:1080A000D5870008D5870008D5870008D587000840
:1080B000D587000849AD0008D5870008D587000896
:1080C000D5870008D5870008D5870008D587000820
:1080D000D5870008D5870008D5870008D587000810
:1080E000D5870008D5870008D5870008D587000800
:1080F000D5870008D5870008D5870008D5870008F0
:10810000000000000000000000000000D58700080B
:10811000D5870008D5870008D5870008D5870008CF
:10812000D5870008D5870008D5870008D5870008BF
:10813000D5870008D5870008000000000000000077
:10814000D5870008D5870008D58700080000000003
:10815000000000000000000000000000000000001F
:108160000000000000000000D5870008D587000847
:10817000D58700080000000000000000000000009B
:0881800000000000D587000893
:108188000348044B834202D0034B03B1184770479E
:108198001400002014000020000000000548064BD1
:1081A8001B1AD90F01EBA301491002D0034B03B1ED
:1081B8001847704714000020140000200000000039
:1081C80010B5064C237843B9FFF7DAFF044B13B117
:1081D8000448AFF300800123237010BD180000206D
:1081E80000000000A002010808B5044B1BB10449B7
:1081F8000448AFF30080BDE80840CFE70000000066
:108208001C000020A002010853B94AB9002908BF80
:1082180000281CBF4FF0FF314FF0FF3000F06AB963
:10822800ADF1080C6DE904CE00F006F8DDF804E0C5
:10823800DDE9022304B070472DE9F047089D0E469A
:1082480004460F46002B4AD194468C45B2FA82F276
:1082580060D942B1C2F12003974020FA03F30CFA27
:1082680002FC1F4394404FEA1C4E1FFA8CF6B7FBE2
:10827800FEF1230C0EFB117743EA074301FB06F0DE
:1082880098420AD91CEB030301F1FF3780F01581EE
:10829800984240F21281023963441B1AA4B2B3FB1C
:1082A800FEF00EFB103344EA034400FB06F6A64238
:1082B8000AD91CEB040400F1FF3380F00081A642C8
:1082C80040F2FD806444023840EA0140A41B0021CA
:1082D8001DB1D4400023C5E90043BDE8F0878B42B7
:1082E80005D90DB1C5E9000100210846F5E7B3FA43
:1082F80083F1002946D1B34202D3824200F2F580CD
:10830800841A66EB030201201746002DE5D0C5E963
:108318000047E2E7002A40F09380A1EB0C034FEA04
:108328001C471FFA8CFE0121B3FBF7F607FB16303A
:10833800230C43EA00430EFB06F0984208D91CEBD5
:10834800030306F1FF3802D2984200F2D080464675
:108358001B1AA4B2B3FBF7F007FB103344EA03443B
:108368000EFB00FEA64508D91CEB040400F1FF3300
:1083780002D2A64500F2B6801846A4EB0E0440EAE5
:108388000640A5E7C1F120078B4022FA07FC4CEA1A
:10839800030C06FA01FE20FA07F426FA07F344EA6A
:1083A8000E0400FA01F84FEA1C404FEA1449B3FBE7
:1083B800F0FE1FFA8CF600FB1E3349EA03430EFB5E
:1083C80006F9994502FA01F20BD91CEB03030EF1E9
:1083D800FF3A80F08580994540F28280AEF1020E26
:1083E8006344A3EB0909A4B2B9FBF0F300FB1399AA
:1083F80044EA094403FB06F6A64208D91CEB040428
:1084080003F1FF3068D2A64266D9023B644443EACE
:108418000E40A41BA0FB02E6B4427346B14652D3F9
:108428004FD05DB1B8EB030264EB090404FA07F717
:1084380022FA01F31F43CC40C5E9007400214CE740
:10844800C2F1200120FA01F30CFA02FC26FA01F12C
:10845800964033434FEA1C471FFA8CFEB1FBF7F0F6
:1084680007FB1016190C41EA064100FB0EF68E4276
:1084780004FA02F408D91CEB010100F1FF382DD2EF
:108488008E422BD902386144891B9BB2B1FBF7F6A7
:1084980007FB161143EA014306FB0EF1994208D97E
:1084A8001CEB030306F1FF3814D2994212D9023E9D
:1084B80063445B1A46EA004136E73946EDE618465A
:1084C80002E7F045ADD2BEEB020366EB0C060138BD
:1084D800B146A6E74646ECE7034698E74046D3E7A9
:1084E800D6467EE76444023847E708460DE7023E71
:1084F80063442DE7704700BF70B50F4B0F4DAB427B
:10850800A3EB050607D0B610002455F8043B013448
:108518009847A642F9D807F0BFFE094D094B5E1BE4
:10852800AB424FEAA60606D0002455F8043B0134B6
:108538009847A642F9D870BDE81F0108E81F01084E
:10854800E81F0108EC1F0108830730B547D0541E07
:10855800002A3ED0CAB2034601E0013C39D303F8F1
:10856800012B9D07F9D1032C2CD9CDB205EB05259C
:108578000F2C05EB054535D9A4F1100222F00F0C9C
:1085880003F1100EE6444FEA121C1A46C2E90055E0
:10859800C2E9025510327245F8D10CF1010214F00B
:1085A8000C0F03EB021204F00F0C13D0ACF1040310
:1085B80023F003030433134442F8045B9342FBD1D2
:1085C8000CF003042CB1C9B21C4403F8011BA342EC
:1085D800FBD130BD64461346002CF4D1F9E70346BD
:1085E8001446C0E71A46A446E0E700BF844641EABD
:1085F800000313F003036DD1403A41D351F8043B13
:1086080040F8043B51F8043B40F8043B51F8043B64
:1086180040F8043B51F8043B40F8043B51F8043B54
:1086280040F8043B51F8043B40F8043B51F8043B44
:1086380040F8043B51F8043B40F8043B51F8043B34
:1086480040F8043B51F8043B40F8043B51F8043B24
:1086580040F8043B51F8043B40F8043B51F8043B14
:1086680040F8043B51F8043B40F8043B51F8043B04
:1086780040F8043B51F8043B40F8043B403ABDD273
:10868800303211D351F8043B40F8043B51F8043B15
:1086980040F8043B51F8043B40F8043B51F8043BD4
:1086A80040F8043B103AEDD20C3205D351F8043BA4
:1086B80040F8043B043AF9D2043208D0D2071CBF70
:1086C80011F8013B00F8013B01D30B880380604699
:1086D800704700BF082A13D38B078DD010F003030F
:1086E8008AD0C3F10403D21ADB071CBF11F8013B7F
:1086F80000F8013B80D331F8023B20F8023B7BE7CE
:10870800043AD9D3013A11F8013B00F8013BF9D2F8
:108718000B7803704B7843708B7883706046704792
:10872800032A30B415D941EA0004A40784460B464D
:1087380004D0541E0FE0043A032A08D919466046AB
:1087480053F8044B5CF8045BA542F4D0F1E76046AB
:108758001946541E7AB1431E0139021901E09A42A2
:1087680009D013F8010F11F801CF6045F7D0A0EB3D
:108778000C0030BC7047002030BC7047DFF834D0A4
:1087880000F026F80C480D490D4A002302E0D458A1
:10879800C4500433C4188C42F9D30A4A0A4C002343
:1087A80001E013600432A242FBD3FFF7A5FE03F0F9
:1087B800DBFCFEE700A000200000002014000020E1
:1087C800F01F010818000020A4040020FEE70000A4
:1087D800034AD2F8883043F47003C2F888307047EF
:1087E80000ED00E02DE9F043002283B002214FF0B4
:1087F800904005F065FC00230193019BB3F5207FB1
:1088080006D2019B01330193019BB3F5207FF8D376
:10881800454804F015FB4448022104F0C5FB002834
:1088280057D0424E01233370414D3F4804F098FB26
:108838002B889BB2B3F5DF7F03D3002201232A8064
:108848003370337803F0FF04002B5DD1394F97F86C
:108858000080B8F1000F14D0374B38491C600A88E3
:108868002B889BB292B2023B9A4228DA01243C70D0
:10887800224602214FF0904003B0BDE8F04305F0D6
:108888001FBCDFF8B490D9F80030002B3ED004F0BC
:108898009BF8D9F800302949C01A40F6B8339842F5
:1088A800DDD9274B0A881B8892B205339A42D6DD58
:1088B8000123424602214FF090403370DCE70A88DA
:1088C8002B889BB292B202339A4228DD00233B7078
:1088D800CEE7154804F000FC40F6E973A0F1100259
:1088E8009A429ED84FF4E17202FB00F0154B1349EF
:1088F8000E4E00F2FF70A3FB0023C01A03EB5003D7
:10890800C3F3CF230B808FE70022B2E704F05CF8B3
:108918000A490B4B0A88C9F800001A809FE73C787F
:10892800003C18BF0124A3E7D00100207A010020F1
:10893800940100205C0000205800002096010020CF
:1089480056000020010110002DE9F8435C4804F0AE
:1089580077FA5B48022104F027FB002859D0594ECA
:1089680001233370584D564804F0FAFA2B889BB20D
:10897800B3F5967F03D9002201232A803370337818
:1089880003F0FF04002B6BD1504F97F80090B9F11A
:10899800000F13D04E4B4F491C600A882B889BB29E
:1089A80092B2023B9A422ADA01243C702246022102
:1089B800BDE8F8434FF0904005F082BBDFF8108126
:1089C800D8F80030002B53D003F0FEFFD8F8003061
:1089D8004049C01A40F6B8339842DED93E4B0A885F
:1089E8001B8892B205339A42D7DD012333704A4679
:1089F8000221BDE8F8434FF0904005F061BB0A88BA
:108A08002B889BB292B202339A423ADD00233B7024
:108A1800CCE704462A4804F05FFB40F6E973A0F16E
:108A280010029A429BD883B2742B46D940F6C6727C
:108A380093422BD8294A05B22346171D32F9231031
:108A4800A94202EB830603DC37F92340AC421FDA64
:108A58000133202BF2D100231E491A4E0B8081E7E7
:108A6800BDE8F843002202214FF0904005F028BBF2
:108A780003F0AAFF1749184B0A88C8F800001A80A3
:108A88008BE73C78003C18BF01248FE72346E3E7D7
:108A9800B6F90250B6F90630641A5B1B401A03FB9C
:108AA80000F004EBD4735B100028B8BF5B420344AA
:108AB80093FBF4F32B449BB2CEE74FF4A073CBE7C0
:108AC800D00100207A0100209401002054000020E9
:108AD80050000020960100204C0000207C06010870
:108AE80008B50C4804F0ACF90A48022104F05CFA15
:108AF80048B1084804F034FA0748082105F0DAFAC2
:108B0800064B187008BD034804F0E6FA044B80B21F
:108B18001880EEE7D00100200004004891010020F1
:108B2800920100200E4A0F48D16930B441F4800107
:108B3800D161D2690C4C0D4982B002F480020192D5
:108B4800019D00230122C0E90041C0E90232C0E9C9
:108B58000433C0E90633036202B030BC05F0F6BB4B
:108B68000010024020020020005800402A23100074
:108B780070B582B0322604460D460B460246009672
:108B88000948782105F058FC58B1074805F03AFC27
:108B9800FFF7C8FF0448009678212B46224605F0C7
:108BA8004BFC02B070BD00BF200200201C4B30B54A
:108BB8005A691C4D42F480225A615B6989B003F4FA
:108BC80080234FF440601121CDE902010024019374
:108BD8001448019A0494032302A9CDE9053405F049
:108BE80071F9104801224FF4806105F069FA4FF4D9
:108BF800FA6400E084B14FF48061284605F05AFA1F
:108C0800013C0128A4B2F5D1064801224FF40061C5
:108C180005F056FA09B030BD034B01221A70F3E78C
:108C2800001002400004004828010020144B154998
:108C38005A6930B542F001025A615B69124C83B03F
:108C480003F0010301930025802301981022204698
:108C5800C4E90253C4E90012C4E90455C4E906553D
:108C680005F064F82A4603210D2004F0FBFF0D20CF
:108C780005F034F8054B63625C6503B030BD00BF96
:108C8800001002403000024078020020C00200209C
:108C9800134A1448916930B441F480519161926942
:108CA800114982B002F4805201924FF48272C0E9F5
:108CB8000012019D4FF4007200234FF4E06420215C
:108CC80082610722C0E90234C0E90433C0E907130E
:108CD800C0E90933C26202B030BC06F019BD00BF5A
:108CE80000100240C0020020003001400F4B10B5B8
:108CF8005A6942F400325A615B6988B04FF4C06027
:108D0800122103F40033CDE902010193012202A9E3
:108D18004FF0904004240323CDE904230694019BDB
:108D280005F0D0F8FFF7FEFE08B010BD00100240B5
:108D380030B583B0FFF7DAFF322003F04BFE05238E
:108D48009548964C0222782105F052FE051E0CBF6C
:108D580001230023237001D003B030BD4FF42E430C
:108D6800022101A8ADF80430FFF702FF2378002B99
:108D7800F2D04FF45543022101A8ADF80430FFF7B3
:108D8800F7FE2378002BE7D04FF40043022101A817
:108D9800ADF80430FFF7ECFE2378002BDCD04FF45D
:108DA8002843022101A8ADF80430FFF7E1FE23783B
:108DB800002BD1D04FF47C53022101A8ADF8043028
:108DC800FFF7D6FE2378002BC6D04FF45343022179
:108DD80001A8ADF80430FFF7CBFE2378002BBBD0F9
:108DE800022101A8ADF80450FFF7C2FE2378002B3A
:108DF800B2D04FF48043022101A8ADF80430FFF748
:108E0800B7FE2378002BA7D04FF40D43022101A809
:108E1800ADF80430FFF7ACFE2378002B9CD04FF45C
:108E2800A053022101A8ADF80430FFF7A1FE237872
:108E3800002B91D04FF40053022101A8ADF8043063
:108E4800FFF796FE2378002B86D04FF4007302219B
:108E580001A8ADF80430FFF78BFE2378002B3FF410
:108E68007BAF4FF42143022101A8ADF80430FFF78E
:108E78007FFE2378002B3FF46FAF4FF44843022165
:108E880001A8ADF80430FFF773FE2378002B3FF4F8
:108E980063AF4FF45A43022101A8ADF80430FFF73D
:108EA80067FE2378002B3FF457AF4FF4905302210D
:108EB80001A8ADF80430FFF75BFE2378002B3FF4E0
:108EC8004BAF4FF40143022101A8ADF80430FFF77E
:108ED8004FFE2378002B3FF43FAF4FF44F4302215E
:108EE80001A8ADF80430FFF743FE2378002B3FF4C8
:108EF80033AF4FF45943022101A8ADF80430FFF70E
:108F080037FE2378002B3FF427AF4FF4714302213B
:108F180001A8ADF80430FFF72BFE2378002B3FF4AF
:108F28001BAF4FF45B43022101A8ADF80430FFF7F3
:108F38001FFE2378002B3FF40FAF4FF4804302212C
:108F480001A8ADF80430FFF713FE2378002B3FF497
:108F580003AF4FF42443022101A8ADF80430FFF712
:108F680007FE2378002B3FF4F7AE4FF42643022187
:108F780001A8ADF80430FFF7FBFD2378002B3FF480
:108F8800EBAE4FF42F43022101A8ADF80430FFF7F0
:108F9800EFFD03B030BD00BF200200200500002017
:108FA800F0B5152A1C4F85B0054628BF15220026A6
:108FB800A7FB0103DB0806F1100003EB830CA1EB10
:108FC8004C0C0DEB000E084634460CF1300C013603
:108FD80009280EF80CCCF6B21946E9D8B24211D8D5
:108FE80000206EB101AA01341444034614F801CDDF
:108FF80005F803C0591CA242CBB2F7D13044C0B225
:1090080005B0F0BD921B02F0FF073A462021284622
:10901800FFF79AFA3846E4E7CDCCCCCC70B52D4CA6
:109028002378C2B015468BB1002350388DF88430B0
:109038000B0901F00F0110338DF885008DF88610AB
:1090480021A804218DF88730FFF792FD2A78002A9D
:1090580039D00021AE46204E01A80D460CE03F2B2A
:1090680033D9056005711EF8012F457101310630AD
:10907800C9B2AAB115292AD0A2F1610CA2F1200324
:10908800BCF1190FDBB2EAD8203B03EB83039BB298
:1090980003EB060CF2589CF8043003710260E2E717
:1090A80001EB41014D0023786BB1402301A92A4609
:1090B8000DF185008DF88430FFF798FA691C89B2A4
:1090C80021A8FFF755FD42B070BD1346DCE77E25A9
:1090D800E9E700BF05000020801E010830B5134CE9
:1090E8002378A3B00BB923B030BD503804214FF416
:1090F80080538DF8050000250DEB0100ADF8063012
:109108008DF80450FFF734FD2378002BEBD0402373
:10911800802229460DF105008DF80430FFF714FA76
:10912800812101A8FFF724FD23B030BD05000020F0
:1091380070B5642B28BF6423802A154628BF802574
:109148000C06C2B002D44C19802C51DC394C15FBEA
:1091580003F3A4FB0346C6F34716002A53D00DF1C8
:10916800040E00236A1E0DE09A420FD00133DCB2D0
:1091780066452CBF4FF05E0C4FF0420CA5420EF82E
:1091880001CB0BD95FFA83FC002BEDD10133DCB2A4
:109198004FF07E0CA5420EF801CBF3D8264C23786D
:1091A8000BB942B070BD01F00F03090950381031F6
:1091B8008DF885008DF886308DF8871000230421FE
:1091C80021A88DF88430FFF7D3FC2378002BE8D052
:1091D80040232A4601A90DF185008DF88430FFF758
:1091E80005FA691CC9B221A8FFF7C2FC42B070BDDC
:1091F800C1F180050F4AEDB215FB03F3A2FB03266C
:10920800C6F34716ABE70C4B1B78002BC9D00C09EB
:10921800503801F00F0310348DF88500042121A87F
:109228008DF884208DF886308DF88740FFF7A0FCF4
:10923800B7E700BF1F85EB51050000202DE9F0437B
:109248002F4E304F3378DFF8C8800C2828BF002015
:1092580003EB800307EB431385000FCBA7B098F807
:1092680000C001AC84E80F00BCF1000F02D127B0A8
:10927800BDE8F083244B0593042105A8FFF778FC8B
:1092880098F80030002BF2D0A446BCE80F004FF04D
:109298004009CDF81500CDF8191060461121CDF818
:1092A8001D20CDF821308DF81490FFF761FC33783C
:1092B800E81807EB401310330FCB98F8005084E8F8
:1092C8000F00002DD3D0114B0593042105A8FFF7FB
:1092D8004FFC98F80030002BC9D00FCCCDF8150002
:1092E800CDF81910204611218DF81490CDF81D20C5
:1092F800CDF82130FFF73CFC27B0BDE8F08300BF74
:10930800290100208018010800B50C1600B60C16BB
:1093180005000020F0B5A5B003F056FBA74B1B686D
:10932800C01AC72832D8A64B93E8030001AC84E8DA
:109338000300A44E337803AD93B9A34C23780B2BC9
:1093480000F24782DFE813F017027B007B002F0250
:10935800EE01270227002700F60101020902370261
:109368009A4B039304212846FFF702FC3378002B1D
:10937800E3D003CC4023CDF80D00CDF811102846DA
:1093880009218DF80C30FFF7F3FBD6E701AC002379
:1093980001936360CDE78E4B8E4A19688E4B002986
:1093A80008BF1A460A210020FFF738FE2478E4B2E5
:1093B8000B2C0DD8DFE814F08B010C000C000C000E
:1093C8005F0134010C000C00D600A20076004B00AF
:1093D8000026824953243346721C90336B44D6B21C
:1093E80003F8844C8C5D3346002CF5D1784B7C49CE
:1093F8001A687C4F8A4298BF1968A8190522FFF796
:10940800CFFD3044C0B200F19001202200230DEBC3
:109418000106611C3344CCB203F8842C3A5D234620
:10942800002AF6D1204424AB53FA80F000F8842CAB
:109438002A4600210120FFF7F1FD25B0F0BD644B5D
:10944800694A1968644B002908BF1A46AAE700262A
:10945800664948243346721C90336B44D6B203F8ED
:10946800844C8C5D3346002CF5D1614B5C491A68FD
:10947800604F8A4298BF1968A8190522FFF790FD26
:109488003044C0B200F19001202200230DEB010608
:10949800611C3344CCB203F8842C3A5D2346002A7D
:1094A800F6D1BFE70026544948243346721C90334E
:1094B8006B44D6B203F8844C8C5D3346002CF5D14E
:1094C8004E4B4F4F19880322A81989B2FFF768FD40
:1094D8003044C0B200F1900220230DEB0206621C5A
:1094E8003119D4B201F8843C3B5D002BF7D12044FC
:1094F80024AA52FA80F000F8843C99E700264149F2
:109508004C243346721C90336B44D6B203F8844C17
:109518008C5D3346002CF5D13B4B3C4A1B783C4FC5
:1095280003EB830303EB83018900A2FB0121A81944
:109538000322C909FFF734FD3044C0B200F190029C
:1095480020230DEB0206621C3119D4B201F8843CC9
:109558003B5D002BF7D1204424AA52FA80F000F892
:10956800843C65E700262B4953243346721C90330C
:109578006B44D6B203F8844C8C5D3346002CF5D18D
:10958800254B264F19880422A81989B2FFF708FD30
:109598003044C0B200F1900220230DEB0206621C99
:1095A8003119D4B201F8843C3B5D002BF7D120443B
:1095B80024AA52FA80F000F8843C39E734010020EC
:1095C800B8020108050000209D04002000B000102A
:1095D8009C010020B0030108D002010848040108DA
:1095E8009F86010050040108F002010834040108B4
:1095F8003C0100203C040108FC03010896010020FE
:1096080008040108E80301087801002081808080AF
:10961800F4030108280401084E0100202004010871
:1096280000266D4952243346721C90336B44D6B2DF
:1096380003F8844C8C5D3346002CF5D1674B684F9A
:1096480019680522A819FFF7ABFC3044C0B200F135
:10965800900220230DEB0206621C3119D4B201F8E6
:10966800843C3B5D002BF7D1204424AA52FA80F0B9
:1096780000F8843CDCE600265A4956243346721C1E
:1096880090336B44D6B203F8844C8C5D3346002C7F
:10969800F5D1554B554F19880422A81989B2FFF7FF
:1096A8007FFC3044C0B200F1900220230DEB02068B
:1096B800621C3119D4B201F8843C3B5D002BF7D110
:1096C800204424AA52FA80F000F8843CB0E6484AC4
:1096D80054260023013490336B44E4B203F8846CBD
:1096E800165D2346002EF5D1424B434F19880322BD
:1096F800281989B2FFF754FC2044C0B200F1900247
:1097080020230DEB0204721CA119D6B201F8843C87
:10971800BB5D002BF7D1304424AA52FA80F000F840
:10972800843C85E6354B364A1978364B002918BFF4
:109738001A4637E6344B1A78022A48D01978334A41
:10974800334B012918BF1A462CE6324B324A197896
:109758002F4B002908BF1A4624E6304A13889BB2CB
:10976800002B2AD0234B198813888AB29BB29A42BD
:1097780023D22B4A16E629490B889BB2002B24D00A
:109788001C4B274A18880B8881B226489BB29942FD
:1097980028BF024606E6244B244A1978244B0029A0
:1097A80018BF1A46FEE5234B234A19681D4B0029AA
:1097B80008BF1A46F6E5214AF4E51E4B204A196807
:1097C800184B002908BF1A46ECE5164AEAE51D4A77
:1097D800E8E50F4AE6E500BFD40301088801002048
:1097E800DC03010814040108920100202004010888
:1097F800C003010896010020C80301089101002058
:10980800000301088003010850010020E00201085C
:109818004003010878010020A003010894010020FA
:1098280050030108D002010890010020100301082C
:10983800700301089C01002020030108600301084F
:1098480090030108300301082DE9F0474E4E3578A2
:10985800C2B08046B0244FF000094FF4805704216D
:1098680021A8C5B18DF884908DF88540ADF8867033
:10987800FFF77EF935784023802200210DF185001D
:10988800002D78D08DF88430FEF75EFE812121A866
:10989800FFF76EF935780134E4B2B82CDFD13B4CD0
:1098A800B0274FF0000A4FF480592146802201A8C2
:1098B800FEF79CFE042121A83DB9B02F4FF000050A
:1098C80004F180041ED1B127EFE78DF884A08DF84C
:1098D8008570ADF88690FFF74BF9317840238022E8
:1098E8000029EAD001A90DF185008DF88430FEF732
:1098F8007DFE812121A8FFF73BF9B02F357804F1CF
:109908008004E0D0B8F1040F214F28BF4FF00008C1
:1099180008EB880807EBC817B2244FF000094FF48A
:10992800805800E035783946802201A8FEF75EFEAF
:10993800042121A8B5B18DF884908DF88540ADF843
:109948008680FFF715F935784023802201A90DF1AB
:1099580085003DB18DF88430FEF748FE812121A8AD
:10996800FFF706F90134E4B2B72C07F18007D9D123
:1099780042B0BDE8F087631CDBB2B82B8FD002344D
:10998800E4B2B82C87D18AE70500002080160108C8
:109998000007010810B5344A344B354C00211170CA
:1099A8001B78344A2178DBB213701378012B82B00C
:1099B80037D013780F2B28D029B34FF42E43022128
:1099C80001A8ADF80430FFF7D3F82378DBB14FF4E2
:1099D8000143022101A8ADF80430FFF7C9F8237844
:1099E8008BB14FF44F43022101A8ADF80430FFF7C3
:1099F800BFF823783BB14FF42F43022101A8ADF8FB
:109A08000430FFF7B5F802B010BD0029FBD04FF4C1
:109A18002E43022101A8ADF80430FFF7A9F802B0DF
:109A280010BD0029EFD04FF42F43022101A8ADF853
:109A38000430FFF79DF82378002BE4D04FF401435E
:109A4800022101A8ADF80430FFF792F82378002B23
:109A5800D9D04FF47063022101A8ADF80430FFF7A4
:109A680087F802B010BD00BF460100204501002064
:109A780005000020470100202DE9F043994E337876
:109A88000C2BC3B036D0FFF745FC974B1B7803F07F
:109A9800FF04002B40F0BF8233780B2B12D8DFE88D
:109AA80013F00C00F803F203EC03E6031E0417049A
:109AB80010040A040404FE03E0038C4A1021022067
:109AC800FFF7ACFA8A4A00210320FFF7A7FA357896
:109AD800EDB20B2D00F21884DFE815F03202850094
:109AE80085008500D8026E0385008500C60028031E
:109AF8002E0106027F4C804EB0254FF000094FF42E
:109B080080588022214601A8FEF770FD3378C3B142
:109B1800042121A88DF884908DF88550ADF88680B1
:109B2800FFF726F837784023802201A90DF1850038
:109B38003FB18DF88430FEF759FD21A88121FFF748
:109B480017F8B02D04F1800401D1B125D9E702241A
:109B580020460134E4B2FFF7C1FA082CF8D1674D6A
:109B6800674FB2244FF000094FF4805825E0FEF704
:109B78003DFD3378042121A8CBB18DF884908DF870
:109B88008540ADF88680FEF7F3FF96F800C04023C5
:109B9800802201A90DF18500BCF1000F07D08DF8D6
:109BA8008430FEF723FD21A88121FEF7E1FF01346F
:109BB800E4B2B72C05F180050DD03B7813F0010F06
:109BC8004FF08002294601A8D1D08022002101A8A7
:109BD800FEF7BAFCCDE74B4A0421072043B0BDE8A5
:109BE800F043FFF71BBA72B6474A484B1768D3F8D9
:109BF800008062B6002F00F07B834549454BB9428F
:109C080028BF394653250022013402F584726A447C
:109C1800E4B202F8845C1D5D2246002DF4D121AB2C
:109C280005221819FFF7BCF942AA031952FA83F35F
:109C3800052103F8845C21AA0846FFF7EFF9B8F17B
:109C4800000F09D064202B46A7FB00014246FEF70F
:109C5800DBFAC0F16405EDB22B4655220521072039
:109C6800FFF766FA30783AE12B4B1A78012A00F0B0
:109C78003D831978294A2A4B022908BF1A4605212B
:109C88000846FFF7CBF9274B274A1878274B0521B9
:109C9800002818BF1A460620FFF7C0F9244A5025A5
:109CA8000023013403F584736B44E4B203F8845C45
:109CB800155D2346002DF4D11E4B198821AB0422D3
:109CC80089B21819FFF76CF942AA031952FA83F3FB
:109CD8000720052121AA03F8845CFFF79FF90820D3
:109CE800FDE000BF9D0400207A010020F404010873
:109CF800B4050108801701080500002000140108B8
:109D080029010020B80401089C0100200800002057
:109D18009F860100D0050108500100208804010831
:109D2800A8040108380100206C0401085C0401083B
:109D3800440601084E010020BD4A13889BB2B3F5C2
:109D48007A7F38BF1788BB4A34BFBFB240F2E737C3
:109D58004E250023013403F584736B44E4B203F801
:109D6800845C155D2346002DF4D1B34B198821AED0
:109D780089B203223019FFF713F90444E4B204F559
:109D880084736B440134E4B22F22394603F8842CDF
:109D980030190322FFF704F90444E4B204F584738C
:109DA80042A901346B4451FA84F44322052103F893
:109DB800842C0846324604F8845CFFF72FF99F4A42
:109DC8004C2705F5847301356B44EDB203F8847CA8
:109DD800575D002FF5D19A4B9A4A1B78DFF8A48279
:109DE80003EB830303EB83018900A2FB0121C9096B
:109DF80003227019FFF7D4F80544EDB205F5847312
:109E08006B44252203F8842C01358F4BEDB2196879
:109E180004227019FFF7C4F80544EDB205F5847300
:109E280052240DEB03027B1C174407F8844CDFB265
:109E380018F80740002CF6D142AB3D4453FA85F59B
:109E4800324605F8844C05210620FFF7E7F87F4ADB
:109E5800482504F58471631C0DEB010404F8845C47
:109E6800DCB2155D002DF4D1794B1B7803EB83032D
:109E780003EB8301734B8900A3FB0131C90903225A
:109E88003019FFF78DF80444E4B2724A04F584737C
:109E98006B4401341168E4B2252203F8842C30198C
:109EA8000422FFF77DF80444E4B204F584725223D7
:109EB8000DEB02016A1C0D4405F8843CD5B218F874
:109EC8000530002BF6D142AA2C4452FA84F407201C
:109ED8003246052104F8843CFFF7A0F80A2043B075
:109EE800BDE8F043FFF7AAB905215B4A0846FFF72A
:109EF80095F85A4949220023013403F584736B44C9
:109F0800E4B203F8842C0A5D2346002AF4D1544BAA
:109F180054491A6821AE8A4298BF19680522301937
:109F2800FFF73EF842AA031952FA83F300250720E7
:109F38003246052103F8845CFFF770F80B20CEE762
:109F48003B4A13889BB2B3F57A7F38BFB2F80080DA
:109F5800454A34BF1FFA88F840F2E73854240023F2
:109F6800013503F584736B44EDB203F8844C545DFA
:109F78002B46002CF4D1304F398821AE89B2032208
:109F88007019FFF70DF84319DBB25D1C03F58473F4
:109F98006B44EDB22F2203F8842C4146701903223A
:109FA800FEF7FEFF0544E9B201F58473DFF8D8C077
:109FB80020250DEB0300631C0219DCB202F8845C57
:109FC8001CF80450002DF6D1214442AB53FA81F31A
:109FD80005210846324603F8845CFFF71FF8234B37
:109FE800234A1978234B0620002918BF1A46052151
:109FF800FFF714F83B88204964209BB200FB03F369
:10A00800A1FB031307205522C3F307230521FFF7FC
:10A018008FF8284663E7194A0A210220FEF7FEFF57
:10A02800174A0A21032043B0BDE8F043FEF7F6BF04
:10A038009401002028060108960100203006010836
:10A0480084010020818080807C0100203C0601087A
:10A058006801002060010020500601086006010820
:10A068003C0100209F860100C00301083801002040
:10A078006C0401085C040108C5B3A291CC04010872
:10A08800E004010838060108CC050108A04B562554
:10A098000022013402F584726A44E4B202F8845C56
:10A0A8001D5D2246002DF4D19A4B198821AE03225A
:10A0B80089B23019FEF774FF42AA031952FA83F3E2
:10A0C800052103F8845C08463246FEF7A7FF92494B
:10A0D8004F2305F5847201356A44EDB202F8843CD9
:10A0E8004B5D002BF5D18D4A8D491278002A8D4A97
:10A0F80005F584700ABF11464F2446241A46684461
:10A1080001330244DBB202F8844CCC5C1A46002CC2
:10A11800F6D142AA2B4452FA83F30720324605218E
:10A1280003F8844CFEF77AFF0420D8E67E4A5025CF
:10A138000023013403F584736B44E4B203F8845CB0
:10A14800155D2346002DF4D1784E21AB18193178CE
:10A158000322FEF725FF0319DBB203F584720DEB2A
:10A168000200013342AA52FA83F30521252400F89C
:10A17800844C21AA084603F8845CFEF74FFF6C4B19
:10A188006C4A18786C4B0521002818BF1A4606201F
:10A19800FEF744FF3378694803EB830303EB83033B
:10A1A8009B00A0FB0303552207200521C3F3C71317
:10A1B800FEF7BEFF092092E6614A522500230134CA
:10A1C80003F584736B44E4B203F8845C155D23469D
:10A1D800002DF4D15B4B21AE196805223019FEF72A
:10A1E800DFFE42AA031952FA83F3052108463246D4
:10A1F80003F8845CFEF712FF4D4B4E4A19784E4B1C
:10A208000620002918BF1A460521FEF707FF4E4908
:10A2180053242B466A1C03F584736B44D5B203F8A8
:10A22800844C4C5D2B46002CF4D1484B0322197802
:10A238007019FEF7B5FE4319DBB203F584720DEB16
:10A248000201013342AA52FA83F3252701F8847CDC
:10A2580007203246052103F8844CFEF7DFFE05206F
:10A268003DE63B4A10210220FEF7D8FE2AE4394A8F
:10A2780010210220FEF7D2FE24E4374A10210220E2
:10A28800FEF7CCFE1EE4354A10210220FEF7C6FE7A
:10A2980018E4334A10210220FEF7C0FE12E4314AC6
:10A2A80010210220FEF7BAFE0CE42F4A10210220EA
:10A2B800FEF7B4FE06E42D4A10210220FEF7AEFE9A
:10A2C80000E42B4A10210220FEF7A8FEFFF7FABB94
:10A2D800284A10210220FEF7A1FEFFF7F3BB264A09
:10A2E80010210220FEF79AFEFFF7ECBB234AC6E4D2
:10A2F80005210846224AFEF791FE642355220521CE
:10A308000720FEF715FFADE41E4A0A21052065E483
:10A31800EC05010892010020FC05010891010020CC
:10A32800840401087C0401081C0601087801002047
:10A33800380100206C0401085C04010881808080D9
:10A348000406010888010020100601089001002079
:10A35800A4050108340501082405010814050108AD
:10A36800040501089405010884050108740501081D
:10A37800640501085405010844050108980401080A
:10A38800DC0501086C0601082DE9F843244C254B2F
:10A3980025786178A2781B78EDB2CEB2D7B273B1C6
:10A3A800FF23214A237000236370A370137023785E
:10A3B800AB4226D01D4B01221A70BDE8F883DFF8A6
:10A3C800689099F8003033B102F0FEFA184B1B6818
:10A3D800C01A0028EBDB4FF0000889F8008002F073
:10A3E800F3FA144B1B68C01A40F2DB5398420FD89B
:10A3F800FF2384F8008084F80180A3702378AB429F
:10A40800D8D16378B342D5D1A378BB42D2D1D4E7AF
:10A41800FF2384F80080637084F80280C7E700BFD8
:10A42800B80100207A0100203001002044010020FA
:10A438002C0100203401002038B51A4805F0F2FA42
:10A44800012802D00024204638BD174A174B184D62
:10A45800044650781178927800EB400000EB030C2A
:10A46800185A288001EB41019CF80200A870C8180E
:10A4780002EB4202595AA5F8031081786971D01885
:10A48800995AE98083782B726422002105F109002A
:10A49800FEF75AF86D222946024805F0D9F92046F8
:10A4A80038BD00BFC0020020B8010020001101081B
:10A4B8006000002070B582B072B6824D824A0024D6
:10A4C800022304EB440C05EB0C000721467815F831
:10A4D8000CE090F802C0F6B25FFA8EFE5FFA8CFCD0
:10A4E80046FA01F0C007936119D500BF00BF00BF4D
:10A4F80000BF00BF00BF00BF00BF00BF00BF00BF5C
:10A5080000BF00BF00BF00BF00BF00BF00BF00BF4B
:10A5180000BF00BF00BF00BF00BF00BF00BF00BF3B
:10A5280000BF00BF00BF00BF00BF00BF00BF00BF2B
:10A5380000BF00BF00BF00BF00BF00BF00BF00BF1B
:10A5480000BF00BF00BF936200BF00BF00BF00BFD5
:10A5580000BF00BF00BF00BF00BF00BF00BF00BFFB
:10A5680000BF00BF00BF00BF00BF00BF00BF00BFEB
:10A5780000BF00BF00BF00BF00BF00BF00BF00BFDB
:10A5880000BF00BF00BF00BF00BF00BF00BF00BFCB
:10A5980000BF00BF00BF00BF00BF00BF00BF00BFBB
:10A5A80000BF00BF00BF00BF00BF00BF013997D286
:10A5B80007214EFA01F0C607936119D500BF00BF05
:10A5C80000BF00BF00BF00BF00BF00BF00BF00BF8B
:10A5D80000BF00BF00BF00BF00BF00BF00BF00BF7B
:10A5E80000BF00BF00BF00BF00BF00BF00BF00BF6B
:10A5F80000BF00BF00BF00BF00BF00BF00BF00BF5B
:10A6080000BF00BF00BF00BF00BF00BF00BF00BF4A
:10A6180000BF00BF00BF00BF936200BF00BF00BF04
:10A6280000BF00BF00BF00BF00BF00BF00BF00BF2A
:10A6380000BF00BF00BF00BF00BF00BF00BF00BF1A
:10A6480000BF00BF00BF00BF00BF00BF00BF00BF0A
:10A6580000BF00BF00BF00BF00BF00BF00BF00BFFA
:10A6680000BF00BF00BF00BF00BF00BF00BF00BFEA
:10A6780000BF00BF00BF00BF00BF00BF00BF01395F
:10A6880097D207214CFA01F0C00793611ED500BF8D
:10A6980000BF00BF00BF00BF00BF00BF00BF00BFBA
:10A6A80000BF00BF00BF00BF00BF00BF00BF00BFAA
:10A6B80000BF00BF00BF00BF00BF00BF00BF00BF9A
:10A6C80000BF03E0A00100200004004800BF00BF55
:10A6D80000BF00BF00BF00BF00BF00BF00BF00BF7A
:10A6E80000BF00BF00BF00BF00BF00BF00BF00BF6A
:10A6F80000BF00BF936200BF00BF00BF00BF00BF24
:10A7080000BF00BF00BF00BF00BF00BF00BF00BF49
:10A7180000BF00BF00BF00BF00BF00BF00BF00BF39
:10A7280000BF00BF00BF00BF00BF00BF00BF00BF29
:10A7380000BF00BF00BF00BF00BF00BF00BF00BF19
:10A7480000BF00BF00BF00BF00BF00BF00BF00BF09
:10A7580000BF00BF00BF00BF00BF013992D2013463
:10A76800082C7FF4AEAE62B600230193019BB3F5CB
:10A778007A6F06D2019B01330193019BB3F57A6F7F
:10A78800F8D302B070BD00BF2DE9F04100241F4E80
:10A7980082B080460725274648FA05F212F00102E2
:10A7A80018BF01224FF40041304603F089FC002213
:10A7B8000421304603F084FC0097009B132B05D836
:10A7C800009B01330093009B132BF9D9012204212C
:10A7D800304603F075FC4FF48071304603F06AFC94
:10A7E80064000128E4B201D144F001040197019BFF
:10A7F800132B05D8019B01330193019B132BF9D926
:10A80800013DC9D2204602B0BDE8F08100040048ED
:10A81800F0B51E4D87B00024012204214FF090406E
:10A82800CDE90044CDE90244049403F049FC012237
:10A838002846042103F044FC012703230426694623
:10A848004FF0904003930096CDE9017403F03AFB72
:10A8580069462846009603F035FB4FF400466946E2
:10A868002846009603F02EFB4FF4807200236946B9
:10A878002846CDE90023029703F024FB04480096FC
:10A888006946029403F01EFB07B0F0BD00040048BF
:10A898000008004808B50E4B1A784AB11A78052AFC
:10A8A80006D01A78092A03D01B78082B00D008BDD7
:10A8B8000848082103F0FEFB074BB0FA80F01A782D
:10A8C8004009824208BF054A187008BF107008BDC9
:10A8D8009D040020000400480400002038010020E6
:10A8E8000E4B1B78092B04D110B50D4C23780BB9EE
:10A8F80010BD704702F068F80A4B1B68C01AFA28A6
:10A90800F6D9094B09481B680022227040215A6376
:10A9180003F0D6FB064B01221A7010BD9D040020DF
:10A928007801002074010020700300200004004812
:10A938007A0100200F4B1B78052B04D110B50E4C63
:10A9480023780BB910BD704702F03EF80B4B1B681B
:10A95800C01AFA28F6D90A4B0A481B680022227046
:10A968004FF400715A6303F0ABFB074B01221A70D6
:10A9780010BD00BF9D040020900100207001002040
:10A9880070030020000400487A0100200D4B1B785A
:10A998000A2B04D110B50C4C23780BB910BD7047A5
:10A9A80002F012F8094B1B68C01AB0F57A7FF5D986
:10A9B800074B084A1868012100232370436311706C
:10A9C80010BD00BF9D040020840100206C01002000
:10A9D800700300207A01002008B50E4B1B780A2B63
:10A9E80012D10D4B1B780A2B0FD90C4B1B6863B97E
:10A9F80001F0EAFF0A4A126840F6B833801A984212
:10AA080002D9084B01221A7008BD01F0DDFF044B82
:10AA1800186008BD9D040020680100206001002026
:10AA2800480000207A0100202DE9F047DFF89C81DA
:10AA3800604FDFF89C918CB00A254FF0FF0A002682
:10AA48000121404603F036FB0221B0FA80F440466B
:10AA5800640903F02FFB08B944F0020410213846BA
:10AA680003F028FB08B944F004048021384603F0B9
:10AA780021FB08B944F008044FF40051484603F09C
:10AA880019FB08B944F0100454450CD10136F6B24C
:10AA9800032E0AD0022001F09DFF6B1E13F0FF0564
:10AAA80003D0A246CCE70126F4E7434B0B2C1C70DD
:10AAB80004D8424B1C700CB0BDE8F0871F2C1DD089
:10AAC8003E493F4B3B480C240C70012240211A7030
:10AAD80003F0F6FA374800224FF4007103F0F0FA59
:10AAE80034480022402103F0EBFA002202214FF003
:10AAF80090400CB0BDE8F04703F0E2BA32211D22C5
:10AB080004ABCDE9012100932E4802230022A021A5
:10AB180003F06AFED8B12949294B26480C240C7049
:10AB2800012240211A7003F0CBFA224800224FF488
:10AB3800007103F0C5FA1F480022402103F0C0FA53
:10AB4800002202214FF0904003F0BAFAB3E71E4BFF
:10AB5800049A9A42DFD19DF81430052BDBD10DF110
:10AB68000F010DF12B0411F8012F50400823C0B23A
:10AB780042B2002AB8BF52004FEA4000B8BF82F084
:10AB8800070203F1FF33ACBFC0B2D0B213F0FF032A
:10AB9800EED1A142E7D19DF82C308342BBD19DF87C
:10ABA8002A20013AD2B20B2AB5D8044B1A700CB03D
:10ABB800BDE8F087000400480C0000209D04002038
:10ABC8007A01002020020020435452550014004806
:10ABD800000800480000000030B5082889B014D0EB
:10ABE800402801D009B030BD3B4B1B780A2BF9D166
:10ABF80001F0EAFE394A1368C31A012BF2D9384921
:10AC080010600B6801330B60ECE7334B1A780B2AA2
:10AC180012D01A78052A33D01B780A2BE2D101F01A
:10AC2800D3FE304A1368C31A012BDBD92E491060B2
:10AC38000B6801330B60D5E701F0C6FE2B4A136899
:10AC4800C31A012BCED99FED227B952301241060D6
:10AC5800029327488DF8004000238DED047B06946D
:10AC68008DF81C3002F0E4FDB8B101AB6A4620480B
:10AC780002A902F067FD1F4A136801331360B1E7A8
:10AC880001F0A2FE1C4A1368C31A012BAAD91B495A
:10AC980010600B6801330B60A4E721461448144D7B
:10ACA80002F0A2FD0221124802F09EFD1048042184
:10ACB80002F09AFD4FF47A7403E0013CA4B2002C30
:10ACC800D3D0284602F0B4FD0028F6D0CDE700BF67
:10ACD80000000000000000009D0400203800002053
:10ACE800640100203C000020800100204400002076
:10ACF800300400203C010020400000208C0100208E
:10AD0800044B4FF090416FF0A0504FF0FF320860B5
:10AD18001A60FEE700040048014803F089B800BF44
:10AD280078020020014B01221A7070477901002037
:10AD380001F03EBE014802F03BBE00BF30040020D7
:10AD4800014805F069B800BFC00300202D4B026818
:10AD58009A4200D0704770B52B4B1B7803F0FF0563
:10AD68006BB92A4C23684BB1294E337813BB294859
:10AD78000122082103F0A4F90123337070BD234B8D
:10AD880024480024012240211C6003F099F9224B39
:10AD98001B6803B15C63214C2378092B2CD02378E2
:10ADA800052BEBD1BDE870401A4800224FF4007122
:10ADB80003F086B917482A46082103F081F935704F
:10ADC80072B62368013B236062B62368002BD5D195
:10ADD8002368002BD2D1114B1A78072ACED01A78C3
:10ADE800062ACBD01B780A2BC8D0BDE8704009488A
:10ADF8000122402103F064B906480022402103F0F3
:10AE08005FF9CCE7000400407A0100209C01002093
:10AE18009801002000040048700300209D040020D1
:10AE2800082003F05DB900BF402003F059B900BF06
:10AE380030B5A1B000242022002107A8FDF784FB2B
:10AE480021463C2210A8CDE90144CDE903440594EC
:10AE5800FDF77AFB01221023CDE90A2302254FF4DE
:10AE6800601306A80F9306950D9503F099FE0F231E
:10AE7800019329464FF4806301A8CDE90343029565
:10AE8800059404F077F9602310A8CDE917441093CE
:10AE980004F01EFA21B030BD70B500258CB0CDE9A4
:10AEA8000655CDE90855324C0A95A36943F00103CC
:10AEB800A361A36903F001030093009B636943F452
:10AEC80000336361636903F400330193019B636991
:10AED80043F480236361636903F480230293029B34
:10AEE800636943F480036361636903F480032A465A
:10AEF80003934FF400414FF09040039B012603F069
:10AF0800DFF84FF4004306A94FF09040CDE906362C
:10AF1800CDE9085502F0D6FF0322002306A91548FB
:10AF28000896CDE9062302F0CDFF06A91248902322
:10AF3800069302F0C7FFE36943F08053E361E369D6
:10AF480003F080530493049B03F022FE63690B48CB
:10AF580043F400236361636903F400234FF4005250
:10AF6800059306A9059B069202F0ACFF0CB070BDD4
:10AF7800001002400014004800040048000800487F
:10AF880070B5002486B0634D63480494224620219E
:10AF9800CDE90044CDE9024403F092F82B78092B5F
:10AFA80000F0AA802B78052B00F0AC802B780C2BB6
:10AFB80000F0968058480122402103F081F84FF4B0
:10AFC80018710123CDE90013002203235248694672
:10AFD800CDE9022302F076FF2B78012B0ED02B78D7
:10AFE800022B0BD02B78032B08D02B78062B05D0FF
:10AFF8002B78072B02D02B780A2B10D14648002239
:10B00800082103F05DF808200121CDE900010022A4
:10B01800032341486946CDE9022302F053FF002289
:10B028003D48022103F04CF8022569463A4800954C
:10B0380002F048FF002229464FF0904003F040F804
:10B0480069464FF09040009502F03CFF80230024B1
:10B05800CDE900350326052369464FF09040049357
:10B06800CDE9024602F02EFF4FF480730093694643
:10B0780006234FF09040CDE90363CDE9015402F077
:10B0880021FF0125224610214FF09040CDE90154BF
:10B09800CDE9034403F014F8102369464FF09040BB
:10B0A800009302F00FFF4FF40413694608224FF093
:10B0B8009040CDE90023029502F004FF2246214684
:10B0C800092002F0CFFD092002F008FE2246314691
:10B0D800172002F0C7FD172002F000FE06B070BD71
:10B0E80022460D48402102F0EBFF0B4822464FF460
:10B0F800007102F0E5FF62E707482246402102F0AE
:10B10800DFFF5CE7044822464FF4007102F0D8FFE5
:10B1180055E700BF9D040020000400482F4BF0B500
:10B12800DA692F4C42F00072DA61DB6991B003F002
:10B138000073009302274FF4C0510126CDE901178F
:10B14800009801A9032209234FF09040CDE903623A
:10B15800059302F0B7FE234A04230025C4E900231F
:10B168004FF080734FF44022C4E902534FF4801328
:10B17800C4E904234FF00123A36120464FF48073F0
:10B18800A38302F0B9F906A92046CDE90B55CDE90C
:10B198000655CDE908550D960A950E9602F02CFA3B
:10B1A800204602F0A1FA3946204602F0D9FB4FF4B6
:10B1B8000441204602F0D4FB2A463146142002F00E
:10B1C80051FD142002F08AFD2A463146162002F06D
:10B1D80049FD162002F082FD11B0F0BD00100240BA
:10B1E8003004002000640040134B1449DA6930B57C
:10B1F80042F00202DA61DB69114C83B003F002030A
:10B20800019300254FF47A73019825613F22204667
:10B21800C4E90012C4E9025304F00EFF2A460221D1
:10B228001D2002F01FFD1D2002F058FD204603B02E
:10B23800BDE8304004F018BD001002400004004092
:10B24800C003002030B500248BB0CDE90244CDE91D
:10B258000444CDE90644184B08949A69174D42F402
:10B2680000629A619B696C6103F400630146019373
:10B278002846134B019A2B60C5E90314C5E901441C
:10B2880004F00CFF6023029300220023CDE906237B
:10B2980002A922462846CDE903440594089404F0FF
:10B2A80071FF2146284604F0ADFD2A68536C43F42B
:10B2B800004353640BB030BD0010024070030020FF
:10B2C800002C014030B500248BB0CDE90244CDE913
:10B2D8000444CDE90644144B0894DA69134D42F04E
:10B2E8000102DA61DB696C6003F0010301934FF03E
:10B2F800804240F6FF132846C5E9024301992A60B7
:10B308002C6104F0CBFE00236022CDE9022302A9C0
:10B31800224628460494069404F034FF2146284621
:10B3280004F070FD0BB030BD001002402403002073
:10B33800F0B5002489B0CDE90244CDE90444CDE953
:10B3480006441A4B1A4D5A6942F080525A615B6999
:10B358002C8303F0805301934FF0A0432B604FF4EC
:10B368000033012607466B6028460423019AEE61E4
:10B37800C5E90443C5E9024485F82040AE6285F872
:10B3880030406C6301F016FC052302A92846CDE97C
:10B398000363CDE905440297079401F0EBFE2146CB
:10B3A800284601F09DFE09B0F0BD00BF0010024024
:10B3B800D00100205AB32DE9F043DFF8588085B05A
:10B3C80081460E461546322706E02D1BA144ADB234
:10B3D8001FFA89F92644B5B109F01F04C4F1200405
:10B3E800A4B2AC4228BF2C46CDE9014700960223FF
:10B3F8004A46A021404603F0F7F80028E5D000208F
:10B4080005B0BDE8F083012005B0BDE8F083012058
:10B41800704700BF200200202DE9F047AE4EAF4D27
:10B4280092B033462A46002102F016FA10B112B043
:10B43800BDE8F087044601F0C7FAA94B18602B68ED
:10B44800B3F5FE6F00F0A980B3F5FF6F52D0B3F5E6
:10B45800887F57D0A34FB3F5C87F00F00281B3F5BA
:10B46800D07F00F0AE8040F2A112934200F0AF808E
:10B47800B3F5D17F00F0978040F2A312934200F019
:10B488009880B3F5D27F00F0AA8040F2A5129342CB
:10B4980000F0AA803A7802F0FF04002A3AD0B3F507
:10B4A800807FC4D12B69082B18BF4FF4807300F03C
:10B4B80029833A78002ABAD18B4A12780A2AB6D850
:10B4C80001A151F822F000BF33B8000817B70008EF
:10B4D80017B7000817B7000837B4000851B90008B3
:10B4E80017B7000817B70008FFB800089FB800088A
:10B4F80055B800087D4802F09BF9002840F06381A8
:10B508002B68A4E7794802F093F9002840F03081CD
:10B518002B689FE7B3F5C07F34D12A69012AC8D9BF
:10B5280096F80080B8F1070FC24602F1FF3228BF33
:10B538004FF0070A924540F2BD825FFA82FA042171
:10B5480022464FF090408DF810A002F0B9FDDFF8C8
:10B5580088910DF1100819F8010FFFF715F901345A
:10B56800E4B2544508F8010FF5D34FF0904001229A
:10B57800042102F0A5FD5D4802F05AF9002840F0C8
:10B58800A7822B68B3F5C17F00F0BA80B3F5C97FF5
:10B5980032D0B3F5807F8CD184E72A69042A00F081
:10B5A8000982504F76E72B691BB133780C2B40F298
:10B5B800DC804E4802F03CF9002840F062822B689B
:10B5C8005FE72B691BB13378042B40F2CB804748E7
:10B5D80002F02EF9002840F03F822B6848E72B69DB
:10B5E80013B1434B32781A70404802F021F9002811
:10B5F80040F01A822B684DE72A69042A7FF459AF74
:10B608003278E32A7FF455AF7278A52A7FF451AFD8
:10B61800B278E02A7FF44DAF96F80380B8F1FF0FB7
:10B628007FF447AF1D2241460AA8FCF78DFF0AA9FF
:10B638001D220020FFF7BEFE00242E4B2E481C7052
:10B648001D222146FCF780FF2C4841461D22FCF7AD
:10B658007BFF264802F0ECF8002840F0A9832B680D
:10B6680097E7224802F0E4F8002832D0214A224B1A
:10B6780012788DF810205A798DF811201A7E8DF8DD
:10B688001220DA8802B91A898DF81420120A8DF866
:10B6980013209A7A02B91A7B597B8DF81520DA7A29
:10B6A80012480A439A7B8DF8172014BF0123002300
:10B6B80040F291118DF816300A9100230821CDE946
:10B6C8000C338DF83C300E9102AB04AA0AA902F0A3
:10B6D80039F82B68C3E600BF0C04002014040020CE
:10B6E800340100207A0100209D040020300400204D
:10B6F800790400207C040020800400205C040020E1
:10B70800AF4802F095F8002872D12B683EE7B3F5F0
:10B71800907F7FF48CAE2B69042B7FF688AEA94B03
:10B728001B7803F0FF07002B7FF481AE72B63578E3
:10B73800A548A64C202102F0BDFCA5F10105B5FAEB
:10B7480085F56D09A8422A469F4818BF2760202121
:10B7580002F0B6FCD6F80130002B40F024832360B9
:10B7680062B664E69A4A137031E79A4A137020E782
:10B77800994B9A4F1A783B788DF80820003B18BFF0
:10B788000123974A8DF809308E4B12781B788C4824
:10B79800003A18BF0122003B18BF01238DF80B3077
:10B7A80040F211138DF80A200A9300220423CDE9F0
:10B7B8000C220E938DF83C2004AB02AA0AA901F0D2
:10B7C800C1FF2B6847E6874A7D488DF83C404FF01B
:10B7D8000113CDE9042340F2F97208230A920E936B
:10B7E80004AA6B440AA9CDE90C4401F0ABFF87E633
:10B7F8004FF400417C4802F05DFCA0F10100B0FA72
:10B8080080F00023400940F283120121CDE90C3376
:10B818000A928DF808008DF83C300E9104AB02AA0C
:10B828000AA9674801F08EFF6FE7B3F5987F7FF4A8
:10B83800FEAD2B69012B7FF6FAAD33886B4A5BBAF4
:10B84800138001F0C1F86A4B1860F0E5B3F5B87FD2
:10B8580000F08C8140F27312934200F0C881B3F576
:10B86800BC7F7FF4E4AD2B69002B3FF4E0AD614B66
:10B8780032781A701B78604A604903EB8300C3EB87
:10B8880040230968A2FB0323DB094B6301F09CF802
:10B898005B4B1860CBE5B3F5B07F7FF4C8AD2B697F
:10B8A800012B7FF6C4AD474B1B7803F0FF04002B38
:10B8B8007FF4BDAD534D33782B7001F085F8727865
:10B8C8005149012A086007D12C7840F67F4303FBD1
:10B8D80004F4FF23B4FBF3F44C4B3B481B68A2F180
:10B8E8000102B2FA82F252095C63402112B0BDE84B
:10B8F800F04702F0E5BBB3F5A87F7FF498AD2B695C
:10B90800022B7FF694ADB6F80130414A41493078B0
:10B9180010705BBA0B801378012BD9B200F0258226
:10B928001378022B00F0258200223B4B114602EBD4
:10B93800420418190132082A195541708170F6D14C
:10B94800364B01221A7072E5B3F5A07F7FF46FAD14
:10B958002B69012B7FF66BAD1A4B1B78002B7FF4FC
:10B9680066AD2F4C3378237001F02EF872782D4D88
:10B97800A2F10102B2FA82F25209102128604FF0B6
:10B98800904002F09DFB23781B4A204940F67F40F7
:10B9980000FB03F3A2FB032309680B48DB094B6395
:10B9A800237803F0FF02002B00F0FA8101224FF404
:10B9B80000719BE73278B02A00F09E80074F64E55B
:10B9C8003004002006000020000400489C010020EC
:10B9D8007B0400207A0400209D0400207A010020C6
:10B9E80079010020000303CC0008004894010020DE
:10B9F80058010020680100208180808024030020F5
:10BA08005C010020780100207401002070030020F0
:10BA1800500100204E010020A00100204401002018
:10BA28009001002070010020A74BA8481B788DF8D2
:10BA3800093040F2A513002203210A930223CDE91D
:10BA48000C228DF808100E938DF83C2004AB02AA46
:10BA58000AA901F077FECDE59D4A9C4812788DF839
:10BA6800082040F2A11100230A910121CDE90C33ED
:10BA78008DF83C300E9104AB02AA0AA901F062FECF
:10BA8800ABE5944B944A1B7812788DF8093040F254
:10BA9800A3138DF808200A9300220223CDE90C2273
:10BAA8000E938DF83C2004AB02AA0AA9874801F03E
:10BAB80049FE84E5224604214FF090408DF810A0FD
:10BAC80002F0FEFAB8F1000F7FF441ADC2464CE532
:10BAD8000AF1010A40F281125FFA8AF30A920022FF
:10BAE800CDE90C220E938DF83C2002AB04AA0AA9DA
:10BAF800764801F027FE44E57278072A00F08F8027
:10BB0800764FB0E4764B774A717830781870012414
:10BB18005970B1789970147000F056FF724D734ADD
:10BB2800F178734F337900F51C501030286011708C
:10BB3800704A714D14703B70704C73792B70B379E7
:10BB480023706F4BF2791B78082B00F0A3806D4BA4
:10BB5800002A40F0F980114602EB4204181901321C
:10BB6800082A195541708170F6D1E9E62B69052B31
:10BB78007FF65DAC3388644A5BBA138000F024FF1B
:10BB8800624A634B10601B7803F0FF07002B7FF4B9
:10BB98004EAC72B6B5785F485F4C6B1E5D424FF095
:10BBA80020015D4102F086FA2A46A8424FF02001A2
:10BBB800584818BF276002F083FA3379F178727910
:10BBC8001B0243EA014313433FF4C9AD534A544EA1
:10BBD800002513604F4823602A460821357002F07B
:10BBE8006FFA4C482A46402102F06AFAB8E52B69F8
:10BBF800002B3FF41CAC4B4B32781A701B784A4A26
:10BC08004A4903EB8300C3EB40230968A2FB0323E3
:10BC1800DB094B6300F0D8FE454B186007E4B278A7
:10BC28001D2A7FF46DAFF2785A2A7FF469AF3F4A34
:10BC3800404B12681B68546336485C6301224021FC
:10BC480002F03EFA334822464FF4007102F038FA07
:10BC5800224602214FF0904002F032FA284B1B781E
:10BC6800092B00F0B7800023334A0A9302E00A9BAD
:10BC780001330A930A9B9342F9D9BFF34F8F2F4997
:10BC88002F4BCA6802F4E0621343CB60BFF34F8FB7
:10BC980000BFFDE72B4B1B78022B7FF451AE72B629
:10BCA8003A782B782078D5B2DCB2C0B262B6154BA0
:10BCB800002101EB410201319D541A4408295470B6
:10BCC8009070F6D13CE600BF7904002030040020D3
:10BCD8007B0400207A0400200C0000207A01002058
:10BCE800B8010020300100202C010020450100206F
:10BCF80043010020460100204201002041010020AC
:10BD08009D040020A001002094010020540100207F
:10BD180006000020000400489C01002008000020C4
:10BD28009801002084010020818080807003002019
:10BD38006C01002024030020FFE1040000ED00E076
:10BD48000400FA05500100200021387801EB410277
:10BD5800C0B2985428781A44C0B250702078013183
:10BD6800C0B208299070F0D1EAE51D4B1970FFF7B1
:10BD78005EBB72B61B491C4A1C4B0D7814781878A8
:10BD8800EDB2E4B2C0B262B6194B002101EB410238
:10BD980001319D541A44082954709070F6D1CFE5AA
:10BDA8004FF40071A2E5134A134E00251BBA10E7A1
:10BDB80040F2911304930823089302AA01AB04A943
:10BDC8000E480294CDE906448DF82440039401F00E
:10BDD800B9FC44E40A482246402102F071F942E7DE
:10BDE80040010020430100204201002041010020C1
:10BDF800A001002008000020980100203004002045
:10BE0800000400482DE9F041404D41488CB03221F2
:10BE18001D23002204ACCDE90131009402232A70CD
:10BE2800A02102F0E1FC18B93A4B049A9A4202D0D8
:10BE38000CB0BDE8F0819DF81430052BF8D10DF158
:10BE48000F010DF12B0C11F8013F58400822C0B228
:10BE580043B2002BBCBF5B0083F007034FEA4000EE
:10BE6800B8BFD8B202F1FF33A8BFC0B213F0FF02C7
:10BE7800EED18C45E7D19DF82C308342D8D10123EF
:10BE88002B70274694460FCC234EDFF8A4E0DFF84A
:10BE9800A480224D0FC694E80F0007C633700FCF59
:10BEA800AEE80F0094E80F00AEE807008EF8003007
:10BEB8009DF820209DF8213088F800209DF8230067
:10BEC80088F801309DF824109DF822309DF825202F
:10BED80088F802300CEB4C030CF1010CE8542B44AD
:10BEE800BCF1080F59709A70F4D10D480D4A9DF8AD
:10BEF800274004700C490D4B9DF8294014709DF89B
:10BF08002A009DF82B2008701A7091E77C04002005
:10BF1800200200204354525580040020A001002034
:10BF2800470100207B0400207A04002079040020C7
:10BF38005C040020B801002070B58CB01D220021DF
:10BF480004A8FCF701FB72B6744C75492278237873
:10BF5800049105208DF814008DF81520002B40F071
:10BF68009D80704B1B889BB22278ADF816300A2A48
:10BF780004BF6C4B1B8822780CBF9BB20023052A98
:10BF8800ADF8183004BF684B1B7822780CBFDBB2C1
:10BF98000023052A8DF81A3000F0B4800023227897
:10BFA8008DF81B30092A04BF604B1B7822780CBF20
:10BFB800DBB20023092A8DF81C3000F09980002399
:10BFC80022788DF81D300A2A04BF594B1B78227835
:10BFD8000CBFDBB200230A2A8DF81E3008BF554B70
:10BFE800554A08BF1978554B147850788DF82100B8
:10BFF8000CBFC9B200218DF81F1091781A788DF8FE
:10C00800221058788DF8232099781A788DF82040D6
:10C018008DF824008DF8251012B95A78002A3FD0DF
:10C028000123474A8DF8263012788DF82720454895
:10C038004549464A464B0078097812781B788DF8AE
:10C0480028008DF829108DF82A208DF82B3062B63B
:10C0580000200DF10F020DF12B0112F8013F082409
:10C06800584043B2002BBCBF5B0083F007034FEA84
:10C078004000B8BFD8B204F1FF33A8BFC0B213F074
:10C08800FF04EED18A42E8D18DF82C0031491C22F8
:10C0980004A8FCF745FB40B90CB070BD002363E76A
:10C0A8009B78003B18BF0123BBE72B4E00F08CFCAC
:10C0B800336840F6B732C31A93420546ECD93222A8
:10C0C8001D23CDE9013204AB009324480223224604
:10C0D800A02102F089FA0028DED104AC0FCC35602B
:10C0E8001C4D0FC594E80F0007C52B700CB070BD30
:10C0F8001B48402101F0DEFFA0F10103B3FA83F3EE
:10C108005B095DE710214FF0904001F0D3FFA0F1EB
:10C118000103B3FA83F35B0941E700BF9D040020E4
:10C1280043545255940100209001002078010020CA
:10C138008401002068010020B8010020A00100202F
:10C14800470100207A0100207B0400207A040020A7
:10C15800790400205C0400205804002020020020FC
:10C1680000040048000000002DE9F04F2DED028B7F
:10C17800A14BA24AA24C9A60CDB000F007FCFEF792
:10C1880057FEFEF789FEFCF7B1FDFEF74DFCFEF702
:10C19800F7FEFEF7C3FFFFF727F8FCF747FDFCF7AC
:10C1A80077FD227800230321CDE90733059309930E
:10C1B80006917AB12378042B02D023780A2B09D16F
:10C1C80001239048059305A901F07CFE0B20FFF799
:10C1D800AFF809E001254FF0904005A9059501F059
:10C1E80071FE2846FFF7A4F823780A2B00F04D8348
:10C1F8002378052B00F044832378092B00F0408333
:10C208000AAB03932AAB2DAD019323780B2B00F0D7
:10C2180063832378012B0FD02378022B0CD023784B
:10C22800032B09D02378062B06D02378072B03D0BD
:10C2380023780A2B40F05F837349DFF8E081734F5E
:10C248000323C8E90013404640F2E733C8F8083032
:10C258004FF0000B02F068FCFCF76AFDFFF7D2FD17
:10C26800FEF7D6FAFCF7A2FC0020FDF7EDFADA4655
:10C278005D46DDF80CB005E06420013500F0AAFB4E
:10C28800322D2FD0404602F07DFC1DB16A07EBB27B
:10C2980000F0D680FEF724FBFEF74CFBFEF776FB9A
:10C2A800237803F0FF062BB9594B1B889BB2002B50
:10C2B80040F08E8023780A2B05D1554B1B889BB202
:10C2C800002B40F0F48023780BB9FCF78BFA237825
:10C2D8000A2BD1D1FCF738FB0135642000F07AFB3A
:10C2E800322DCFD14B4B00251D70E8B20135FCF73C
:10C2F800F5FE082DF9D19FED3E8B0026DFF838B109
:10C30800454DDFF838A1B146B0463746434802F0FC
:10C3180039FC9BF80030002B53D100F055FB404B03
:10C328001B78002BA0EB07000CBF4FF4FA736423B3
:10C33800984280F0CD8100F047FBA0EB090013285C
:10C3480000F2928100F040FB801BB0F5FA7F80F08C
:10C35800858100F039FBA0EB0800952800F2F480F5
:10C36800304B1B78002B40F0EC80FEF70DF82E4B7D
:10C378001B78002B40F0DC802378082B00F0A68087
:10C388009AF80030002BC1D000F01EFB274B1B6829
:10C39800C01A0028BADB00228AF80020114602EBF6
:10C3A80042030132E9542B44082A59709970F6D196
:10C3B800FEF780F8194802F0E5FB9BF80030002BE7
:10C3C800ABD000231A488BF8003001F08DF9A4E7B0
:10C3D80000F0FAFA174B1B68C01AFA287FF66AAF02
:10C3E8000B4B0F4A1E800123137063E7AFF30080E5
:10C3F800000000000000000000ED00E000800008E0
:10C408009D04002000040048003000400500002082
:10C418009401002006000020A0010020C001002097
:10C428007A01002046010020440100204801002034
:10C438003004002058010020790100204C01002020
:10C44800AA4A0295C3F3C10303EB8303019D02EBE0
:10C45800C319B226494680225846FCF7C7F83B78EC
:10C4680004212846DBB14FF48053ADF8AA308DF88B
:10C47800A8A08DF8A960FCF77BFB97F800C04023C3
:10C48800802259460DF1A900BCF1000F07D08DF8A4
:10C49800A830FCF7ABF881212846FCF769FB013688
:10C4A800F6B2B72E09F18009D4D1029DF2E600F068
:10C4B8008BFA8F4B1B68C01AFA287FF604AF8D4B96
:10C4C8008D4AA3F800A001231370FCE68B4B1B7860
:10C4D800002B3FF455AF894B00221A70884B1988FE
:10C4E80089B2012938BF0121B1F5FA7F28BF4FF47D
:10C4F800FA71844B187802EB4203C0B2E8548248C0
:10C5080000782B44C0B25870804800780132C0B21D
:10C51800082A9870EDD10291FDF7CCFF00F054FA8B
:10C5280002997B4B0144196001238AF8003027E700
:10C53800FDF782FF10B1774A00231370FDF7BAFFA9
:10C548001AE7FDF727FA10E700F03EFA2378042BE4
:10C55800804600F00E81FEF79DF92378052B11D156
:10C5680072B66D4900220B680A6062B66B494FF4D7
:10C57800C87202FB03F30B600A6842F20F739A4217
:10C5880088BF0B6023780A2B10D172B66449002249
:10C598000B680A6062B66349C82202FB03F30B60AA
:10C5A8000A6842F20F739A4288BF0B6023780A2BFD
:10C5B80010D172B65C4900220B680A6062B65B490A
:10C5C800C82202FB03F30B600A6842F20F739A4217
:10C5D80088BF0B60564A13780133DBB2022B07D9A8
:10C5E800544A1378013303F003031370504A0023AD
:10C5F8001370FDF741FA237800228DED2C8B8DF80E
:10C60800BC20002B00F09C8023780A2B00F0C3800C
:10C618002378042B00F0F8802378052B00F00481A0
:10C628002378092B00F017812378082B7FF498AE24
:10C63800414B1B788DF8103040F255132A933F4830
:10C6480001232E9301F0F4F800283FF489AE039BF0
:10C6580001993A4804AA01F075F881E600F0B4F9A6
:10C668000646FFF769FC74E600F0AEF923788146C8
:10C678000BB9FCF7B7F823780A2B33D0FEF730F95B
:10C68800FEF758F9FEF782F9FEF7A6F9237803F0CA
:10C69800FF0223B9174B1B889BB2002B6CD1237860
:10C6A8000A2B7FF44FAE134B1B889BB2002B3FF431
:10C6B80049AE00F089F90E4B1B68C01AFA287FF6BC
:10C6C80041AE0C4A002313800B4A0123137039E64C
:10C6D80000F07AF94FF4004107464FF0904001F01E
:10C6E800F5FC28E6FCF730F9C8E700BF00070108A9
:10C6F80054010020940100207A010020400100200C
:10C708004E01002043010020420100204101002089
:10C7180048010020440100208C01002088010020ED
:10C72800800100207C0100206401002060010020BD
:10C7380034000020290100203801002030040020A6
:10C74800734A1388C3F307238DF8103013888DF8C4
:10C758001130704B1B788DF8123040F235132A9344
:10C768006D4803232E9301F063F800283FF4F8ADD9
:10C778006DE7FCF7B5F9EEE6029200F025F9674B94
:10C788001B68C01AFA288AD9654B029A1A80654A2A
:10C798000123137083E75E4A5F481388C3F30723B6
:10C7A8008DF8103013888DF8113040F275132A93E4
:10C7B80002232E9301F03CF800285AD15A4A5648D1
:10C7C80013681B0A8DF8103013688DF8113040F289
:10C7D80077132A9302232E9301F02AF8002841D1D7
:10C7E800524A4D4813681B0A8DF8103013688DF8AB
:10C7F800113040F279132A9302232E9301F018F88E
:10C8080000283FF4ADAD22E7494A1388C3F3072354
:10C818008DF8103013888DF81130464B1B788DF841
:10C82800123040F245139AE740F247132A93032344
:10C838002E9372B6404B1B6862B65BBAADF81030E7
:10C84800344B35481B788DF8123000F0F1FF002882
:10C858003FF486ADFBE62F4B1B788DF8103040F285
:10C868006513EBE6039B01992B4804AA00F06AFFC5
:10C87800B6E7039B0199284804AA00F063FF9DE7E7
:10C8880040F67F40FEF7DEFCBAE440F6FF10FEF704
:10C89800D9FC0AA90026202202238E600127CDE9AF
:10C8A8000A234FF0904003232DADCDE90D370391B6
:10C8B80001F008FBFEF706FD2AAB2D9601936E608A
:10C8C800194640224FF404134FF09040CDE92A2333
:10C8D8002C9701F0F7FA98E400232D9308226B6057
:10C8E8004FF40413CDE92A231448019901232C930A
:10C8F80001F0E8FAA0E40023CDE92D332B930822B8
:10C9080001230E4801992A922C9301F0DBFA93E453
:10C918009601002038010020300400205801002032
:10C92800940100207A0100207C0100206001002091
:10C938009201002091010020880100200004004895
:10C94800704700BF38B50E4A0E4B12780546186876
:10C958004FF47A73B3FBF2F3B0FBF3F001F0CCF9C8
:10C9680008B90F2D01D9012038BD044602462946D1
:10C978004FF0FF3001F076F9034B20461D6038BDBB
:10C988000D0000200000002010000020074A08B514
:10C99800136843F010031360032001F051F90F20CE
:10C9A800FFF7D0FFFFF7CCFF002008BD00200240B2
:10C9B800034A044B11681B780B441360704700BF8F
:10C9C800A00400200D000020014B1868704700BF2C
:10C9D800A004002038B50446FFF7F6FF631C05469F
:10C9E80002D0044B1B781C44FFF7EEFF401BA0420B
:10C9F800FAD338BD0D000020704700BF026838B573
:10CA0800936803F00303012B01D0002038BD13689D
:10CA1800DC07FAD5936803F00D03012B044609D00F
:10CA2800236C43F010032364636C43F001036364D5
:10CA3800012038BD9368032143F00203936011601D
:10CA4800FFF7C2FF23689B68D9070546DDD5FFF7C6
:10CA5800BBFF401B0228236802D99A68D207DFD49B
:10CA68009B68DB07F3D4D0E703689A6812F00C0FD1
:10CA780001D100207047DA6870B59501044604D5E5
:10CA8800008B40F20112904234D060299A6844D059
:10CA9800500706D59A68920703D49A6842F01002A4
:10CAA8009A600C2935D09A68100706D59A689207BB
:10CAB80003D49A6842F020029A606C2929D10C2587
:10CAC800FFF782FF236806469B681D4223D0FFF7C5
:10CAD8007BFF831B0B2B2368F6D99A682A42F3D075
:10CAE800236C43F010032364636C43F00103636415
:10CAF800012070BD1A68500606D4124A01E0013AB6
:10CB0800EED019684906FAD540221A609A68560785
:10CB18000FD40425D4E7002070BD160701D40825DA
:10CB2800CEE79A689507FAD49A6842F020029A608C
:10CB3800F5E79A689507ECD49A6842F010029A6073
:10CB4800E7E700BF00940900026838B5936803F06E
:10CB58000303012B044626D09168154B194209D0CE
:10CB6800236C43F010032364636C43F00103636494
:10CB7800012038BD936843F001039360FFF724FF59
:10CB8800236805461B68D9070BD4FFF71DFF431B15
:10CB9800022B2368F6D91A68D207E1D51B68D90792
:10CBA800F3D5002038BD1368D807D5D50020F9E79C
:10CBB8003F00008030B597B000230193D0B1036CDB
:10CBC80013F01003044618D1056C002D00F099806D
:10CBD80002689168CD0040F18280916888007ED417
:10CBE800216CC90600D463B1236C23F0120343F00F
:10CBF80010032364012017B030BD036CDA06F3D4A8
:10CC0800026893685B07EFD4236C23F4817343F0C5
:10CC18000203B2F1A04F2364814B00F0DE809A42F8
:10CC280000F0E28003F540739A4277D07D498A424A
:10CC380000F0EC80936803F00303012B00F0E88018
:10CC480079488368616823F440330B438360D4E9EF
:10CC580002130B43616B607E013918BF012143EA5F
:10CC6800403343EA013394F82010012900F09980F9
:10CC7800A16A01290CD06D48824200F0A28000F51B
:10CC88008070824200F09D80E06A184340EA010308
:10CC9800916811F00C0F0CD1D16821F4804121F07A
:10CCA8000201D16094F83010207E490041EA8031B9
:10CCB8000B43D0685E490140206919430128D160BF
:10CCC80077D0136B23F00F03136300206064236C89
:10CCD80023F0030343F00103236417B030BD236C32
:10CCE80023F0120343F010032364636C43F0010341
:10CCF8006364236C236C23F0120343F01003236452
:10CD080078E7C0E91255456480F83C50FFF774FE97
:10CD180022689368DB0012D52B465AE7414B4248FC
:10CD28009168029301F00301012958D0996801F034
:10CD38000301012985D11B68DD0788D481E72046D6
:10CD4800FFF75CFE226C12F0100F034622687FF496
:10CD580040AF00287FF43DAF216C364D21F4885157
:10CD680021F0020141F0020121649068296820F055
:10CD780040509060906840F0805090602E48A0FB32
:10CD88000101890C01EB81014900019101990029F8
:10CD98003FF41FAF01990139019101990029F9D197
:10CDA80017E728BB616A013943EA414141F48033FE
:10CDB8005EE7116BE36921F00F01013B0B4313633D
:10CDC80083E7B1F5307F1ED0B1F5807F25D0B1F56E
:10CDD800E07F08BF4FF4807156E71848A0E7116854
:10CDE800C9073FF534AFA1E714484FF0A04397E7D0
:10CDF800216C21F0220141F020012164616C41F095
:10CE08000101616434E74FF4E0713DE7064887E7C4
:10CE18001368DB073FF51BAF12E74FF4307133E7B8
:10CE280000010050000500500007005000040050A9
:10CE380007C0F0FF0000002083DE1B430003005002
:10CE480038B503689D6815F004052BD190F83C307F
:10CE5800012B044626D0012380F83C30FFF774FEEE
:10CE6800E8B9226C236822F4706222F0010242F4CD
:10CE78008072B3F1A04F226416D0354A93425DD038
:10CE8800344A9268D10611D033498B420ED0226CB5
:10CE980042F480122264CA68920114D50DE084F825
:10CEA8003C5038BD022038BD2C4A9268226C22F4CE
:10CEB80080122264DA68950105D5226C22F440526A
:10CEC80042F480522264226C12F480521CBF626CBD
:10CED80022F00602626400211C22B3F1A04F84F8FC
:10CEE8003C101A6018D01A4A934215D0194A916812
:10CEF800C9060CD0916801F01F01052907D0926876
:10CF080002F01F02092A02D0134A9342C9D19A6833
:10CF180042F004029A6038BD104A9168CC06F6D0F7
:10CF2800916801F01F010529F1D0926802F01F02F3
:10CF3800092AECD0B3F1A04FE9D038BD02F5007250
:10CF48009268D506B2D0226C4FF0A041A0E700BF8E
:10CF5800000100500007005000040050000300507A
:10CF680090F83C30012B1DD0012310B56C2180F8BE
:10CF78003C300446FFF778FD18B1002384F83C30B4
:10CF880010BD2046FFF73AFD0028F6D1236C23F4A4
:10CF9800885323F0010343F001032364002384F83A
:10CFA8003C3010BD022070472DE9F0414469036808
:10CFB800082C05460E460FD0B3F1A04F5CD042486E
:10CFC800424A4349834218BF0A469168CC063AD17F
:10CFD800DA68D0073BD40C24B3F1A04F49D03A4AC1
:10CFE800934250D03A4A9268D20647D1DF68FFF799
:10CFF800EBFC2A6880461368234204D1731C16D1BF
:10D0080013682342FCD02B6C43F400732B64D36861
:10D0180007F4005103F440630B4302D11368180767
:10D0280039D47B0400D414600020BDE8F081C6B96F
:10D0380013682340DFD12A6C85F83C3042F00402A3
:10D048002A640320F1E7926812F4404FC3D02B6C96
:10D0580043F020032B64002385F83C300120BDE811
:10D06800F081FFF7B1FCA0EB0800B0422A68C2D9F2
:10D07800DEE7164A9268B9E7144AA6E7154A9342CA
:10D08800B4D0D768B3E702F500729268D106ADD084
:10D098004FF0A042F5E7936813F0040F2B6C0AD108
:10D0A80023F480732B642B6CD904BAD42B6C43F013
:10D0B80001032B64B5E743F020032B646B6C43F04A
:10D0C80001036B64ADE700BF00010050000300508E
:10D0D80000070050000400500368186C704700BF38
:10D0E800F8B590F83C30012B40D0012780F83C700F
:10D0F80004460D46FFF782FC0646002831D1236816
:10D1080027649A68BD4222F080429A6003D19A68E7
:10D1180042F080429A609A6842F000429A60FFF7B3
:10D1280053FC236805469B68002B14DAFFF74CFC78
:10D13800431B0A2B2368F6D99A68002AF3DA236C72
:10D14800002223F0120343F01003012684F83C2048
:10D1580023643046F8BD236C23F0030343F0010336
:10D168002364002384F83C303046F8BD022630465C
:10D17800F8BD00BF70B490F83C2097B00346012A70
:10D188004FF00000019000F0EA8001201A6883F84F
:10D198003C00906840073ED44D680C6805EB45009C
:10D1A800042D4FEA400000F28D80156B4FF01F0CE4
:10D1B8000CFA00FC25EA0C0504FA00F02843106379
:10D1C800906810F00C0F3AD1092C886804EB4405DC
:10D1D80000F2888056694FF0070CA8400CFA05F554
:10D1E80026EA050528435061D0680D694E69C0F3E9
:10D1F800C1004000013D86404FEA846C032D00F2D7
:10D208003F81DFE815F013000F010501FB001568E9
:10D21800ED0740F18D801A6C42F020021A6401205B
:10D22800002283F83C2017B070BC7047156EA648E2
:10D23800284040EA0C00304340F0004010669068F7
:10D2480000F00300012800F08580CD680120012D41
:10D2580000FA04F000F08780D2F8B01021EA00014B
:10D26800C2F8B010B2F1A04F00F0998097498A42F5
:10D278004FD0102C00F09C809549112C40F08980EB
:10D288008868C5011CD4B2F1A04F904849D08242A9
:10D2980045D09048824200F0F1808F4DAA4240D09C
:10D2A800906800F00300012848D11268D207B2D470
:10D2B800102C05D0112C03D08A6842F480028A60B1
:10D2C8000020ADE7092D19D90E2D00F28C80956B41
:10D2D8003C381F26864025EA060504FA00F0284354
:10D2E80090636DE796691E3D4FF0070CA8400CFA55
:10D2F80005F526EA05052843906175E7556B1E3844
:10D308001F26864025EA060504FA00F028435063E4
:10D3180056E7102C7149B0D188680002D0D44FF07C
:10D32800A0409568029005F00305012D3FF46FAF0A
:10D33800856805F00305012D00F09B80102C7BD03B
:10D34800112CB9D1B2F1A04FBAD18A6842F08072DB
:10D358008A60B5E71068C6077FF577AFB0E70220A7
:10D3680017B070BC70478D68D2F8B010092C41EA2C
:10D378000001C2F8B01021D904EB440091691B38B0
:10D388000726854006FA00F021EA00012943916149
:10D3980068E7122C94D18868400291D473E7102C66
:10D3A8004E497FF46AAF8868050289D44748B8E7D0
:10D3B8004749886806027FF56CAF81E7601C5169B0
:10D3C80000EB40000726854006FA00F021EA00013C
:10D3D8002943B2F1A04F51613FF472AF3B498A42F1
:10D3E8007FF44AAF6CE7D56B5A381F26864025EA8A
:10D3F800060504FA00F02843D063E1E6D56E32480A
:10D40800284040EA0C00304340F00040D06616E760
:10D41800956E2D48284040EA0C00304340F000400B
:10D4280090660CE7556E2848284040EA0C003043C7
:10D4380040F00040506602E7B2F1A04F7FF440AFE1
:10D44800274A284C12688868A4FB0242920C02EB17
:10D458008202520040F4000088600192019A002A7A
:10D468003FF42EAF019A013A0192019A002AF9D1AC
:10D4780026E70068C6073FF5CEAE5FE7164850E7D7
:10D48800106E00F0F840604514D0506E00F0F8407F
:10D49800604514D0906E00F0F840604524D0D06EFE
:10D4A80000F0F84060457FF4CAAED06E20F000402E
:10D4B800D066C4E6106E20F000401066E5E7506EB6
:10D4C80020F000405066E5E700F0FF8300010050BF
:10D4D80000070050000400500005005000030050F1
:10D4E8000000002083DE1B43906E20F00040906611
:10D4F800D5E700BF704700BF00287BD038B590F84B
:10D5080020300446002B72D02268136843F00103D0
:10D518001360FFF759FA054604E0FFF755FA401B78
:10D528000A285BD823685A68D107F6D51A6822F00A
:10D5380002021A60FFF748FA054604E0FFF744FACA
:10D54800401B0A284AD823685A689207F6D4227ED4
:10D55800012A1A680CBF42F0800222F080021A6089
:10D56800627E012A1A680CBF42F0400222F0400293
:10D578001A60A27E012A1A680CBF42F0200222F02B
:10D5880020021A60E27E012A1A680CBF22F01002FB
:10D5980042F010021A60227F012A1A680CBF42F07A
:10D5A800080222F008021A60627F012A1A680CBF7A
:10D5B80042F0040222F004021A60D4E90220216930
:10D5C80002430A4360696168024301390A43002043
:10D5D8000121DA61606284F8201038BD636A05228F
:10D5E80043F40033636284F82020012038BDFFF73C
:10D5F80081FF89E70120704770B490F82020046803
:10D60800013A012A07D9426A034642F480220120DE
:10D6180070BC5A627047D4F800324A69CD6943F049
:10D628000103C4F8003202F01F0001238340D4F83C
:10D638001C0220EA0300C4F81C02D843002D3DD187
:10D64800D4F80C52CE680540C4F80C528D8804EB0F
:10D65800C20245EA0645C2F840528E680D8845EA7E
:10D668000645C2F844528A6912BBD4F80422024023
:10D67800C4F804220A69AAB9D4F814221040C4F8DC
:10D6880014020A6A012A04D1D4F81C221343C4F8EC
:10D698001C32D4F8003223F001030020C4F8003211
:10D6A80070BC7047D4F814221A43C4F81422E8E76F
:10D6B800D4F804221A43C4F80422DBE7012DD2D19E
:10D6C800D4F80C520E681D43C4F80C528D8804EB34
:10D6D800C20245EA0645C2F840528E688D8945EA7D
:10D6E8000645C2F84452BEE738B590F82030012B01
:10D6F800044605D0436A43F400234362012038BD41
:10D708000268022380F82030136823F001031360B5
:10D71800FFF75AF9054604E0FFF756F9431B0A2BB1
:10D7280007D823685B6813F00103F5D163621846D4
:10D7380038BD636A052243F40033636284F820200D
:10D74800DCE700BF30B490F820C005680CF1FF3C5E
:10D75800BCF1010FAC6839D814F0E05F06D1436A18
:10D7680043F400134362012030BC7047C4F30164E2
:10D778000120A04018608B686BB3C86803434868F1
:10D7880043EAC00304F1180000012B5005EB041C08
:10D798000B69CCF884310B7D012B4FEA041105D1BC
:10D7A800DCF8843143F48073CCF884316B18516809
:10D7B800C3F88C111268C3F88821DCF8803143F073
:10D7C8000103002030BCCCF880317047436A43F431
:10D7D80080234362C7E7CB68086843EA405004F1F6
:10D7E80018031B01E850D1E790F82020013A012ADC
:10D7F800034605D9426A42F4802201205A627047E2
:10D80800CA0704D50068826842F0800282608807EF
:10D8180004D51868826842F4004282604A0704D539
:10D828001A68936843F4000393600020704700BFB0
:10D8380090F82030013B012B01D900207047036884
:10D8480098689A689B681201C0F3806048BF0130ED
:10D85800DB00F3D50130704790F820C00CF1FF3C95
:10D86800BCF1010F6BD870B5046841B9E568AD0724
:10D8780008D1436A43F400134362012070BD25694F
:10D88800AE07F6D004EB011C4FEA011EDCF8B051DC
:10D8980005F004059560002D57D0DCF8B051ED086F
:10D8A8005560DCF8B05105F00205D560DCF8B451DC
:10D8B8002D0758BFDCF8B451DCF8B46154BF05F04B
:10D8C8000F05082515617444DCF8B451C6F3072622
:10D8D80096612D0CD4F8B86155611E7002687244C7
:10D8E800D2F8B821120A5A7002687244D2F8B821E4
:10D8F800120C9A7002687244D2F8B821120EDA70CB
:10D9080002687244D2F8BC211A7102687244D2F8D3
:10D91800BC21120A5A7102687244D2F8BC21120C56
:10D928009A7102687244D2F8BC21120EDA71026848
:10D9380081B9D36843F02003D360002070BD436AE7
:10D9480043F48023436201207047DCF8B0516D0D29
:10D958001560A6E7136943F020031361EDE700BFE4
:10D9680090F82020013A012A034605D9426A42F478
:10D97800802201205A627047026853690B430020D5
:10D9880053617047704700BF704700BF704700BFC2
:10D99800704700BF704700BF704700BF704700BFA7
:10D9A800704700BF704700BF704700BF704700BF97
:10D9B8002DE9F84F03685C69D3F804809F68D3F8B1
:10D9C8000CB0D3F81090D3F818A014F0010605464F
:10D9D8001FD0F90700F19B800026F9050BD52B68AD
:10D9E8004FF480729A60BA0500F1DE807B0540F141
:10D9F800D18046F40056F9030BD52B684FF48032DA
:10DA08009A60BA0300F1D4807B0340F1C88046F4E1
:10DA18000046210702D51BF0100F72D1620702D50C
:10DA28001BF0080F7ED1A30704D52B68DB689F077E
:10DA380040F09880600602D519F0100F5BD1A1065E
:10DA480002D519F0080F74D1E20603D52B681B69BB
:10DA58009B077CD1A70302D518F0100F7BD1E003F8
:10DA680002D518F0080F6BD1210440D518F0040F27
:10DA78002B683AD0E20544BF0AF001021643A70515
:10DA880074D4610504F400622BD51AF0040F28D071
:10DA980046F00406002A77D01AF0700A74D0BAF15A
:10DAA800400F00F0A88000F28780BAF1200F00F044
:10DAB800BD80BAF1300F00F0B080BAF1100F40F01D
:10DAC80095809A69042122F070029A6146F008064E
:10DAD80059606B6A334328466B62FDF723F9BDE84A
:10DAE800F88F12B11AF0700AD9D104225A60002EA8
:10DAF800EFD1BDE8F88F2B68102246F480661A61D2
:10DB08009DE72B68102246F40076DA6086E701224A
:10DB18009A60BA0735D47B0739D43E075BD54FF4F2
:10DB280080565AE72B680822DA602846FFF736FF46
:10DB380079E72B6808221A612846FFF733FF83E745
:10DB48002B6808225A602846FFF730FF8CE72846E2
:10DB5800FFF726FF7EE72B6810225A602846FFF75A
:10DB680023FF7CE72846FDF757FC63E71AF0020F0E
:10DB780087D0600546F0020604F4006285D41AB125
:10DB88008AE7FFF7FFFE27E704225A60A1E74FF470
:10DB9800006622E7380525D546F480462BE738038A
:10DBA8001CD546F4803634E72846FFF7EDFE22E719
:10DBB8002846FFF7EBFE2CE7BAF1500F24D0BAF154
:10DBC800600F13D19A69042122F070029A6146F419
:10DBD800807659607DE7FFF7DBFEFDE62846FFF714
:10DBE800DBFE16E72846FFF7D5FE04E79A6922F020
:10DBF80070029A6179E79A69042122F070029A61A9
:10DC080046F04006596064E79A69042122F07002E0
:10DC18009A6146F0800659605BE79A69042122F010
:10DC280070029A6146F02006596052E79A69042109
:10DC380022F070029A6146F01006596049E700BF69
:10DC48000749CA6803024FF6FF0003F4E063024085
:10DC5800134343F0BF6343F40033CB60704700BF06
:10DC680000ED00E01B4BDB68C3F3022300B5C3F1F2
:10DC7800070EBEF1040F03F1040C28BF4FF0040E89
:10DC8800BCF1060F1CD9A3F1030C4FF0FF3303FAC4
:10DC98000CF322EA03024FF0FF3303FA0EF321EAF2
:10DCA800030303FA0CF313431B010028DBB20ADB5E
:10DCB80000F1604000F5614080F800335DF804FB36
:10DCC80000229446E7E7044A00F00F000244137666
:10DCD8005DF804FB00ED00E0FCEC00E0002807DB49
:10DCE8004109044A00F01F000123834042F8213013
:10DCF800704700BF00E100E00138B0F1807F01D338
:10DD08000120704710B44FF0E023074C58614FF0E2
:10DD1800F00C84F823C00022072110469A615DF8B0
:10DD2800044B1961704700BF00ED00E0002833D0B4
:10DD3800D0E90121034610B4D0E903040A430243A1
:10DD48005869196822430243D3E906402243024333
:10DD58000868124C6FF30D100243A1420A6011D9F2
:10DD68000F4A1048104C0A44A0FB02021209920004
:10DD78004FF4807100201984C3E90F425DF8044B09
:10DD880098637047094A07480A44A0FB020212092F
:10DD9800A4F207449200EBE7012070470704024011
:10DDA800F8FBFDBFCDCCCCCC00040240F8FFFDBF92
:10DDB80070B490F82040012C09D090F821C00124BB
:10DDC800A44580F8204005D0002380F820300220A8
:10DDD80070BC7047022580F821500468C66B002586
:10DDE8008563256825F001052560056C0CFA05F5A5
:10DDF800756063604368102BC36A0BBFA260A160A3
:10DE0800E160E26053B1236843F00E0323602368A6
:10DE180043F001030020236070BC7047236843F07F
:10DE28000A032360236823F004032360EFE700BF9D
:10DE380070B4C66B026C31680468042393400B42CB
:10DE480025680ED015F0040F0BD02268920603D473
:10DE5800226822F004022260C26A7360CAB170BCF0
:10DE68001047022393400B4215D015F0020F12D031
:10DE78002268920606D4226822F00A022260012251
:10DE880080F82120826A7360002180F82010002A1F
:10DE9800E5D170BC7047082393400B42F9D02B079B
:10DEA800F7D52368016B23F00E032360012303FADF
:10DEB80002F24FF480747260048483630029E8D00E
:10DEC80070BC08472DE9F04F0C6885B0002C00F0B5
:10DED800828000234FF0010B0BFA03FE1EEA040AAE
:10DEE80075D04D6805F0030C5A0003260CF1FF3875
:10DEF80006FA02F7B8F1010F6FEA07076ED9BCF10D
:10DF0800030F40F0BF800CFA02F2D0F800C00CEA10
:10DF180007073A4315F4403F026058D05F4FBA698B
:10DF280042F00102BA61BA6902F001020392039A4F
:10DF380023F0030202F1804202F5803203F0030C61
:10DF480097684FEA8C0C0F2606FA0CFEB0F1904F3A
:10DF580027EA0E0717D0524EB04200F08580514E86
:10DF6800B04200F08880DFF844E1704575D0DFF8F2
:10DF780040E170450CBF4FF0040E4FF0050E0EFA4D
:10DF88000CFC47EA0C079760474A9268EE026FEA72
:10DF98000A07454E54BF3A404AEA0202B260F268A4
:10DFA800AE02414E54BF3A404AEA0202F260726839
:10DFB800AE033D4E54BF3A404AEA020272603268EC
:10DFC800ED03394D54BF3A404AEA02022A60013350
:10DFD80034FA03F280D105B0BDE8F08FD0F808908C
:10DFE800CE6809EA070906FA02F848EA0908C0F8FB
:10DFF8000880D0F804808E6828EA0E08C5F3001E51
:10E008000EFA03FE4EEA080EC0F804E0D0F80C80C1
:10E0180006FA02FE08EA07084EEA080EBCF1020FEB
:10E02800C0F80CE07FF46FAF0E694FEAD30803F035
:10E03800070E00EB88084FEA8E0E06FA0EF6D8F89F
:10E04800209001960F2606FA0EFE019E29EA0E0977
:10E0580046EA090EC8F820E055E74FF0030E0EFA1D
:10E068000CFC47EA0C078EE74FF0010E0EFA0CFC89
:10E0780047EA0C0787E74FF0020E0EFA0CFC47EA56
:10E088000C0780E7D0F80C808E6808EA070806FAC3
:10E0980002FE4EEA080EC0F80CE034E70010024019
:10E0A800000400480008004800040140000C004833
:10E0B800001000480369194214BF0120002070476E
:10E0C8000AB1816170478162704700BF436901EA04
:10E0D800030221EA030141EA02418161704700BF5E
:10E0E800044A5169014200D1704708B55061FCF7F4
:10E0F80073FD08BD00040140F8B503689C6914F07D
:10E10800100C054641D0164610220F46DA619C696C
:10E1180014F0200479D1781C4DD19A699106FCD568
:10E128002022DA619A6944F0040CD4054FF001000A
:10E138002FD457053AD54FF48061D9614CF0080CBB
:10E14800960504D54FF400724CF0020CDA619A6916
:10E15800910744BF00229A629A69D20703D49A6948
:10E1680042F001029A615A6829490A405A606B6C68
:10E17800002243EA0C0320216B6485F8402085F8CF
:10E18800411085F842200120F8BD9A69D4056046FF
:10E19800CFD54FF48071D96151054CF0010CCFD522
:10E1A8004FF48061D9614CF0080CC9E79405C9D4D3
:10E1B8000028CCD1F8BDFEF707FC801BB8422B68BD
:10E1C80004D81FB19A699206A5D5A9E7586895F8A9
:10E1D800422099690C04D2B20BD5410409D4202AF3
:10E1E80007D05A6842F480425A60FEF7EDFB2B686C
:10E1F80006469A6992068AD4FEF7E6FB831B192B1A
:10E208002B68F6D99A6920248CE7002488E700BF98
:10E2180000E800FE70B5036804460D46164605E0A2
:10E22800FFF76AFF00BB6A1C08D123689B699B073C
:10E23800324629462046F3D5002070BDFEF7C4FBC0
:10E24800801BA842236801D8002DEFD19A6912F0EB
:10E258000202EBD1636C84F8402020210B436364F5
:10E2680084F8411084F84220012070BD2DE9F8435C
:10E27800DDF820901E46054603688846174605E0E7
:10E28800FFF73AFF68BB731C0ED12B689C6938EA0C
:10E2980004040CBF01230023BB424A4631462846EA
:10E2A800EED00020BDE8F883FEF78EFBA0EB090056
:10E2B800B0422B6801D8002EE8D19A6938EA0202E8
:10E2C8000CBF01220022BA42E0D16B6C002243F05D
:10E2D800200320216B6485F8402085F8411085F8DB
:10E2E80042200120DEE700BF03689B699B0629D412
:10E2F80070B505460C4616460DE0FEF765FB801B1B
:10E30800A042296800D81CB98B6913F020030DD0EE
:10E318008B699B0608D4324621462846FFF7ECFE57
:10E328000028EAD0012070BD002070BD6A6C85F815
:10E33800403020210A436A64012085F8411085F89D
:10E348004230F0E700207047704700BF002854D0E3
:10E3580010B590F84130044603F0FF02002B47D077
:10E368002368242284F841201968626821F0010199
:10E3780022F0706219601A619A68E16822F400421A
:10E3880001299A60A26809D042F4044202299A60DD
:10E3980007D15A6842F400625A6006E042F400422B
:10E3A8009A605A6822F400625A605968226941F0FA
:10E3B800007141F4004159606169D8680A43A16954
:10E3C80020F4004042EA0122E169D860206ADA605C
:10E3D80001431960196841F00101196000222023E6
:10E3E800626484F84130226384F84220104610BDEC
:10E3F80080F84020FFF7A8FFB2E70120704700BF70
:10E40800704700BFB0B10268242310B580F84130CE
:10E41800136823F0010304461360FFF7F1FF00239C
:10E42800636484F8403084F84130236384F84230D0
:10E43800184610BD012070472DE9F047994690F81D
:10E44800413082B0202B0A9E40F0908090F84030F6
:10E45800012B044600F08A804FF0010A80F840A0A2
:10E468000F469046FEF7B0FA52460546009019232B
:10E478004FF400412046FFF7F9FE002872D121230E
:10E4880084F84130102384F842306064A4F82A905C
:10E49800638D2268C4F824809BB2FF2B6063C7F3A6
:10E4A800090767D8638D9BB22385002B40F08D80C8
:10E4B80053684A490B403B4343F0007343F400530D
:10E4C8005360638D9BB22A4631462046002B38D0D4
:10E4D800FFF7A0FE002845D1616A236811F8012BD7
:10E4E8009A62638D228D6162013B9BB26385638D65
:10E4F800013A92B29BB22285002BE2D0002AE0D1E9
:10E508008021009533462046FFF7B0FEFF2148BB27
:10E51800638DDFF8D0C022689BB28B42604647D932
:10E528005368218503EA0C033B4343F0FF7343F42C
:10E5380080335360638D9BB22A4631462046002BB8
:10E54800C6D1FFF7D1FE68B92368254D2021D961CE
:10E558005A682A405A6084F8411084F8400084F8C8
:10E56800420000E0012002B0BDE8F087022002B0BE
:10E57800BDE8F087FF232385FE214FF47F034FF08A
:10E58800807018F801CBC2F828C02185618DDFF8AA
:10E598004CC0C4F82480013989B2618551683B4375
:10E5A80001EA0C010B43034343F40053536088E72B
:10E5B800638D51689BB22385DBB247EA0343014070
:10E5C8000B4343F0007353607BE7013B99B24B1C4C
:10E5D800DBB21B044FF00070D3E700BF009800FCCB
:10E5E80000E800FE009C00FC2DE9F04F994690F8E9
:10E5F800413083B0202BBDF834A00E9F40F0A78097
:10E608000C9B0446002B00F09B80BAF1000F00F031
:10E61800978090F84030012B00F099804FF0010B63
:10E6280080F840B00D469046FEF7CEF95A460646A9
:10E63800009019234FF400412046FFF717FE0028E9
:10E6480040F081800C9B6362212384F8413022686A
:10E6580062496063402384F842306064A4F82AA0C9
:10E6680053680B405FFA89F143EA0143C5F3090592
:10E678002B4343F0807343F40053536039463246CA
:10E688002046FFF7C7FD002865D1B9F1010F2368BF
:10E6980065D15FFA88F29A6200963B460022802193
:10E6A8002046FFF7E3FD002855D1638D22689BB211
:10E6B800FF2B70D953684A490B402B4343F0FF7333
:10E6C80043F48033FF212185536003E0638D9BB2BF
:10E6D800002B6ED0324639462046FFF79BFD0028B6
:10E6E80031D1616A236811F8012B9A62638D228DFA
:10E6F8006162013B9BB26385638D013A92B29BB222
:10E708002285002BE2D0002AE0D1802100963B46EA
:10E718002046FFF7ABFDFF21A8B9638DDFF8C0C025
:10E7280022689BB28B42604628D95368218503EA48
:10E738000C032B4343F0FF7343F480335360C5E766
:10E748004FF400736364012003B0BDE8F08F02202A
:10E7580003B0BDE8F08F002384F84030F3E74FEAB8
:10E7680018229A62394632462046FFF753FD0028A0
:10E77800F1D122685FFA88F393628DE7638D51685F
:10E788009BB22385DBB245EA034301400B4343F0C8
:10E79800007353609AE7638D114851689BB22385D3
:10E7A800DBB245EA034301400B4343F00073536077
:10E7B80090E7324639462046FFF796FD0028C2D139
:10E7C8002368084D2021D9615A682A405A6084F884
:10E7D800411084F8400084F84200B5E7009800FC36
:10E7E800009C00FC00E800FE2DE9F04F994690F8E7
:10E7F800413083B0202BBDF834A00E9F40F0A88094
:10E808000C9B0446002B00F09C80BAF1000F00F02E
:10E81800988090F84030012B00F09A804FF0010B5F
:10E8280080F840B00D469046FEF7CEF85A460646A8
:10E83800009019234FF400412046FFF717FD0028E8
:10E8480040F082800C9B6362222384F84130226866
:10E8580064496063402384F842306064A4F82AA0C5
:10E8680053680B405FFA89F143EA0143C5F3090590
:10E878002B4343F400535360394632462046FFF792
:10E88800C9FC002868D1B9F1010F236868D15FFA83
:10E8980088F29A6200963B46002240212046FFF704
:10E8A800E5FC002858D1638D22689BB2FF2B73D9F1
:10E8B80053684C490B402B4343F0807343F4923325
:10E8C80001212185536003E0638D9BB2002B73D037
:10E8D80000963B46002204212046FFF7C7FC00288B
:10E8E80032D12268636A526A1A70638D228D616A16
:10E8F800013B9BB26385638D013A92B201319BB2B1
:10E9080061622285002BDFD0002ADDD180210096AC
:10E918003B462046FFF7AAFC0121A8B9638DDFF822
:10E92800CCC022689BB2FF2B604628D9536821854A
:10E9380003EA0C032B4343F0807343F480335360A2
:10E94800C2E74FF400736364012003B0BDE8F08FA1
:10E95800022003B0BDE8F08F002384F84030F3E7CD
:10E968004FEA18229A62394632462046FFF752FC8F
:10E978000028F1D122685FFA88F393628AE7638DF1
:10E9880051689BB22385DBB245EA034301400B4340
:10E9980043F00073536097E7638D124851689BB248
:10E9A8002385DBB245EA034301400B4343F0007380
:10E9B80043F4105353608BE7324639462046FFF73D
:10E9C80093FC0028C0D12368074D2021D9615A68DB
:10E9D8002A405A6084F8411084F8400084F84200C4
:10E9E800B3E700BF009800FC00E800FE009C00FCB4
:10E9F8002DE9F04784B004460020039094F84100C4
:10EA0800202867D1174622689946936913F4004372
:10EA180060D194F8400001285CD0C1F309060121B7
:10EA280084F8401046F00078242184F8411048F416
:10EA380020586364E368012B06BF46F0007343F473
:10EA4800005343465360FDF7BFFF054620688369BE
:10EA5800826903F0200302F0100213431CD1B9F1BC
:10EA6800FF3F11D0FDF7B0FF401B484545D8B9F12D
:10EA7800000F08D141E0B9F1FF3F05D0FDF7A4FF31
:10EA8800401B484539D820688169836901F0200115
:10EA980003F010031943EED0836913F0100A1DD157
:10EAA80000954B46524620212046FFF7DFFB002801
:10EAB80031D0636C042B04D123682022DA61C4F8B6
:10EAC80044A0039B01330393039B039BBB4214D2D3
:10EAD8002268AFE7022004B0BDE8F0871023C361C5
:10EAE800002200954B4620212046FFF7BFFB002857
:10EAF800E7D123682022DA61E3E7202384F8413054
:10EB0800636C43F0200363640120002384F84030E1
:10EB180004B0BDE8F08722682023D36184F841302F
:10EB280084F84000D7E700BF28B338B5D0E90031F2
:10EB3800826804464CF6CC40186045F2555018607F
:10EB480059609A60FDF740FF23680546DA68510767
:10EB58000AD0FDF739FF401B27282368F6D9DA6861
:10EB68005207F3D0032038BD1969E268914204D0F6
:10EB78001A61002038BD012070474AF6AA221A609F
:10EB8800F7E700BF03684AF6AA2200201A60704718
:10EB9800024A136843F480731360704700700040A2
:10EBA800002800F0BB822DE9F0430368D90783B041
:10EBB80004464BD5AC494A6802F00C02042A00F01E
:10EBC8005D814A6802F00C02082A00F05381D4E9FA
:10EBD8000132B3F5803F15D0002B00F08981B3F5E1
:10EBE800A02F00F03682A04B196821F480311960FB
:10EBF800196821F480211960D96A21F00F010A43AC
:10EC0800DA6209E098490B6843F480330B60CB6AF9
:10EC180023F00F031343CB62FDF7D6FE924F054650
:10EC28004FF40038012605E0FDF7CEFE401B6428AE
:10EC380000F25A8198FAA8F33A6898FAA8F3B3FA56
:10EC480083F306FA03F31342EED023689F073FD5F8
:10EC5800854A516811F00C0F00F0CB80516801F023
:10EC68000C01082900F0C1802269002A00F0948173
:10EC7800012595FAA5F3B3FA83F303F1845303F559
:10EC880084139B00784F1D60FDF79EFE4FF002082D
:10EC9800064605E0FDF798FE801B022800F2248155
:10ECA80098FAA8F33A6898FAA8F3B3FA83F305FA3E
:10ECB80003F31342EED03968F82292FAA2F263699C
:10ECC800B2FA82F2934021F0F80213433B602368C2
:10ECD8001D0729D4580753D5634BDA69D10000F1D1
:10ECE800C180DA6942F08052DA61DB6903F080534F
:10ECF8000193019B01255D4E3368DA0540F1E480FC
:10ED0800E368012B00F06C81002B00F01781052BC4
:10ED1800554B1A6A00F0A98122F001021A621A6A98
:10ED280022F004021A6260E1A269002A74D0012666
:10ED380096FAA6F24E4BDFF83081B2FA82F213440B
:10ED48009B0002251E60FDF73FFE074605E0FDF724
:10ED58003BFEC01B022800F2C78095FAA5F395FA7E
:10ED6800A5F395FAA5F3D8F8242095FAA5F3B3FAF4
:10ED780083F306FA03F31342E9D023685807ABD4A8
:10ED8800E36973B3384D6A6802F00C02082A00F090
:10ED98004F81022B4FF0807300F06F8193FAA3F339
:10EDA800B3FA83F303F1845303F584139B00002221
:10EDB8001A60FDF709FE4FF000770446012605E0CA
:10EDC800FDF702FE001B022800F28E8097FAA7F3D7
:10EDD8002A6897FAA7F3B3FA83F306FA03F3134200
:10EDE800EED1002003B0BDE8F0835268D6033FF5AA
:10EDF8003BAF022292FAA2F11B49086892FAA2F2EA
:10EE08000121B2FA82F201FA02F202424BD02269DF
:10EE18008A4248D00120E5E7012797FAA7F1144B69
:10EE2800DFF84480B1FA81F10B449B0002251A6097
:10EE3800FDF7CAFD064604E0FDF7C6FD801B022863
:10EE480052D895FAA5F395FAA5F395FAA5F3D8F84B
:10EE5800242095FAA5F3B3FA83F307FA03F31342D0
:10EE6800EAD18AE7002546E700100240007000401A
:10EE7800208190104A68D2037FF5A9AE4FF4003282
:10EE880092FAA2F1A649086892FAA2F20121B2FA0E
:10EE980082F201FA02F202423FF4D8AE6268002A16
:10EEA8007FF4D4AEB6E79E4DF821286891FAA1F117
:10EEB8006269B1FA81F120F0F8008A4002432A60C1
:10EEC8001D077FF507AF2FE7336843F4807333607E
:10EED800FDF77AFD07463368DB053FF511AFFDF70F
:10EEE80073FDC01B6428F6D9032003B0BDE8F08386
:10EEF8008B4D2B6823F480332B602B6823F48023FD
:10EF08002B60EB6A23F00F031343EB62FDF75CFD04
:10EF18004FF400380646012704E0FDF755FD801B35
:10EF28006428E1D898FAA8F32A6898FAA8F3B3FAFB
:10EF380083F307FA03F31342EFD186E6784E336A78
:10EF480023F001033362336A23F004033362FDF7CD
:10EF58003BFD4FF0020907464FF0010806E0FDF7B8
:10EF680033FD41F28833C01B9842BDD899FAA9F302
:10EF780099FAA9F3326A99FAA9F3B3FA83F308FA6A
:10EF880003F31342EBD1002D3FF4FAAE644AD36980
:10EF980023F08053D361F3E6012696FAA6F3B3FA79
:10EFA80083F303F1845303F584139B005C4F1A60C9
:10EFB800FDF70AFD4FF00208054604E0FDF704FDE1
:10EFC800401B022890D898FAA8F33A6898FAA8F350
:10EFD800B3FA83F306FA03F31342EFD1236877E613
:10EFE8004F4A136A43F001031362FDF7EDFCDFF8A3
:10EFF800308106464FF00209012707E0FDF7E4FCDF
:10F0080041F28833801B98423FF66EAF99FAA9F314
:10F0180099FAA9F3D8F8202099FAA9F3B3FA83F357
:10F0280007FA03F31342E9D0002D3FF4A9AEADE788
:10F03800012B3FF4EFAE6B68226A03F480319142F2
:10F048007FF4E8AE606A03F47013181A18BF012041
:10F05800C8E603F18043A3F53C33196841F48021E5
:10F068001960196841F48031C5E542F004021A625A
:10F078001A6A42F001021A62B7E793FAA3F3B3FAE5
:10F0880083F303F1845303F584139B0000221A6071
:10F09800FDF79AFC4FF000780646012705E0FDF7DA
:10F0A80093FC801B02283FF61FAF98FAA8F32A6842
:10F0B80098FAA8F3B3FA83F307FA03F31342EED1ED
:10F0C800D4E908136A680B4322F4741213436B6083
:10F0D8004FF0807393FAA3F3B3FA83F303F18453E5
:10F0E80003F584139B000E4E1F60FDF76DFC4FF077
:10F0F80000770446012505E0FDF766FC001B0228A1
:10F108003FF6F2AE97FAA7F3326897FAA7F3B3FA85
:10F1180083F305FA03F31342EED062E60120704749
:10F12800001002400E4A536803F00C01082901D070
:10F138000C487047C3F383410B48D26A405CDB0339
:10F1480009D50A49074B02F00F028A5CB3FBF2F3B8
:10F1580003FB00F07047064B03FB00F0704700BF4D
:10F168000010024000127A00D01F0108C01F0108D9
:10F1780000093D00002800F08D80504A136803F014
:10F1880007038B422DE9F0410D4604460CD2136863
:10F1980023F007030B431360136803F007038B4244
:10F1A80002D00120BDE8F0812368980706D54449BC
:10F1B800A0684A6822F0F00202434A60D9072CD5B9
:10F1C8006268012A68D0022A0CBF4FF0007302233C
:10F1D80093FAA3F13A49086893FAA3F30121B3FA21
:10F1E80083F301FA03F30342DBD0354E736823F04F
:10F1F800030313437360FDF7E7FB41F288380746C2
:10F2080004E0FDF7E1FBC01B404554D87368626811
:10F2180003F00C03B3EB820FF3D1284A136803F011
:10F228000703AB4209D9136823F007032B43136084
:10F23800136803F00703AB42B3D123685A0706D516
:10F248001F49E0684A6822F4E06202434A601B07EB
:10F2580007D51B4A2169536823F4605343EAC10365
:10F268005360FFF75FFF164BF0225B6892FAA2F239
:10F27800B2FA82F203F0F003124C1349D340134A56
:10F28800E35C20FA03F308681360FDF75BFB0020DA
:10F29800BDE8F081012070474FF4003393FAA3F1E1
:10F2A8000749096893FAA3F3B3FA83F302FA03F35D
:10F2B8000B429AD175E7032074E700BF0020024093
:10F2C80000100240C00201081000002000000020C9
:10F2D8002DE9F0430368DD0383B0044640D57D4B38
:10F2E800DA69D00040F1B6807B4D2B68D9054FF024
:10F2F800000640F1BF80DFF8DC816168D8F8203073
:10F3080013F4407320D001F440729A421CD0D8F80C
:10F3180020104FF4803321F4407093FAA3F26F4F1A
:10F32800B2FA82F23A4492000125156093FAA3F3E7
:10F33800B3FA83F33B449B0000221A60CB07C8F85A
:10F34800200000F1AB806168624A136A23F44073BD
:10F358000B4313621EB1D36923F08053D361236832
:10F36800DF0706D55B49A0680A6B22F00302024357
:10F378000A639E0706D55749E0680A6B22F44032B3
:10F3880002430A635D0706D5524920690A6B22F4D5
:10F39800402202430A63980606D54E49E0690A6B83
:10F3A80022F0100202430A63990306D54949A06B6B
:10F3B8004A6822F4800202434A605A0606D5454943
:10F3C800206A0A6B22F0200202430A631F0706D54F
:10F3D800404960690A6B22F4401202430A63DE0660
:10F3E80006D53C49A0690A6B22F4400202430A632D
:10F3F8009D0506D53749E06A4A6822F400020243AF
:10F408004A60180606D53349606ACA6A22F4F87257
:10F418000243CA62D90506D52E49A06ACA6A22F4EF
:10F4280078520243CA62DA0406D52A49206B0A6B6D
:10F4380022F4807202430A639B0403D4002003B0C1
:10F44800BDE8F083234A616B136B23F400730B430D
:10F458001363F3E7DA69204D42F08052DA61DB6921
:10F4680003F080530193019B2B68D9054FF00106E7
:10F478003FF541AF2B6843F480732B60FDF7A4FA86
:10F4880007462B68DA053FF536AFFDF79DFAC01B36
:10F498006428F6D9032003B0BDE8F083FDF794FA99
:10F4A8004FF00209074699FAA9F399FAA9F3D8F88F
:10F4B800202099FAA9F3B3FA83F305FA03F3134268
:10F4C8007FF441AFFDF780FA41F28833C01B9842C0
:10F4D800E9D9DFE700100240007000400081901079
:10F4E8002DE9F04383B01F4614460A9E0D46804618
:10F4F800FDF76AFA3E44361AFDF766FA2C4B1A688D
:10F50800C2F3CB3206FB02F281460192D8F8002002
:10F51800936835EA03030CBF01230023A34209D0F3
:10F528007B1C0BD1936835EA03030CBF012300232E
:10F538009C42F7D1002003B0BDE8F083FDF744FA00
:10F54800A0EB0900B04208D2019B002B019B03F1FC
:10F55800FF3308BF00260193D8E7D8E900315A687D
:10F56800B1F5827F22F0E0025A6014D0D8F8282042
:10F57800B2F5005F07D11A6822F400521A601A68BF
:10F5880042F400521A600122002388F85D2088F8AE
:10F598005C300320CFE7D8F80820B2F5004F02D03E
:10F5A800B2F5806FE2D11A6822F040021A60DDE7F6
:10F5B800000000202DE9F04F83B09846002316463E
:10F5C8008DF803300C9C07460D46FDF7FDF94444C1
:10F5D800A4EB0009FDF7F8F9384BD7F800B01A6822
:10F5E80002EB8202C2EBC2031B0D09FB03F3824646
:10F5F80001935A4693682B40B34216D0B5F5C06FB5
:10F608000AD0B8F1FF3F1ED1946805EA040C66459C
:10F618000BD0B5F5C06FF7D15EB1B8F1FF3F12D18D
:10F62800936803F4C0639E42F6D1002003B0BDE89E
:10F63800F08F9BF80C30DBB28DF80330B8F1FF3F48
:10F648009DF80330E0D0FDF7BFF9A0EB0A0048456C
:10F658000AD2019B3A68002B019B03F1FF3308BFD4
:10F668004FF000090193C5E7D7E900315A68B1F5B1
:10F67800827F22F0E0025A6013D0BA6AB2F5005FC6
:10F6880007D11A6822F400521A601A6842F400522C
:10F698001A600122002387F85D2087F85C30032078
:10F6A800C4E7BA68B2F5004F02D0B2F5806FE4D172
:10F6B8001A6822F040021A60DFE700BF000000204D
:10F6C80070B582B00D46164600920B4600224FF4E4
:10F6D800C0510446FFF76EFF80B9024600962B46DC
:10F6E80080212046FFF7FCFE024638B900962B46DB
:10F6F8004FF4C0612046FFF75DFF20B1236E43F051
:10F7080020032366032002B070BD00BF704700BF0E
:10F71800002800F09480426A2DE9F84F0446002A38
:10F728005AD00023C0E9043394F85D3003F0FF0198
:10F73800002B5CD02168E568022384F85D300B68F3
:10F74800B5F5E06F23F040030B6057D86BD1A66A7C
:10F758004FF4805C06F40057636802F0100EA2684C
:10F7680003F4827302F404421343226902F0020292
:10F778001343626902F0010243EA020BD4E906026C
:10F78800236A00F4007A02F0380803F080094BEA93
:10F798000A0343EA0803626B43EA09033B4302F0A6
:10F7A80008020B60000C05F4706300F004001A43B3
:10F7B800024342EA0E02B6F5005F42EA0C0226D086
:10F7C8004A60CB69002023F400630122CB612066E4
:10F7D80084F85D20BDE8F88F4368B3F5827FA3D035
:10F7E800C26194F85D3003F0FF01002BA2D184F8C8
:10F7F8005C102046FFF78AFF626A9BE7B5F5706FD9
:10F808001FD1A66A4FF0000C06F40057A4E7236B3B
:10F818007BB9B5F5E06F17D9022323630B6843F46E
:10F8280000630B6007E04FF4805C0027A7623E4648
:10F8380092E7022BF2D0A38D4A600B61C1E7012049
:10F8480070474FF0000CF0E701232363F3E700BF94
:10F8580090F85D30012B70D1002970D0002A6ED04D
:10F8680010B50446D8B294F85C30012B7BD084F8EC
:10F878005C00A068A28700234FF0030CB0F5004F8E
:10F8880084F85DC0C4E913332366A163E287236467
:10F898002268A4F84430A4F8463007D1136823F04E
:10F8A80040031360136843F480431360A36AB3F5FD
:10F8B800005F07D1136823F400531360136843F4FF
:10F8C80000531360606D294BC362294B8362294B37
:10F8D800036300234363536823F480435360E3685E
:10F8E800B3F5E06F0FD84369B3F5806F0BD1E38FA1
:10F8F80013F0010F53682DD123F480435360E38F35
:10F90800C3F34E03E387E38F0C329BB2FEF750FA42
:10F91800B8B923681A68520603D41A6842F040023C
:10F928001A60002284F85C205A6842F020025A606B
:10F938005A6842F002025A6010BD02207047012046
:10F948007047236E002243F0100384F85C2023667E
:10F95800012010BD43F480435360E38FC3F34E038B
:10F968000133E387CFE7022010BD00BF89F9000803
:10F97800BDF9000899F90008704700BF704700BF3B
:10F9880008B5406AFFF7FAFF08BD00BF704700BF1F
:10F99800406A026808B5536823F003035360036E96
:10F9A800012143F01003036680F85D10FFF7EEFFB6
:10F9B80008BD00BF30B5054683B0446AFDF704F8BA
:10F9C8002B681B689B0622D423680246586820F0DF
:10F9D80020005860586820F00200586064212046D2
:10F9E800FFF76EFE18B1236E43F020032366A36869
:10F9F80033B922680193D368019393680193019BFB
:10FA080001230022E28784F85D30236E23B9204663
:10FA1800FFF7B2FF03B030BD2046FFF7B7FF03B0D2
:10FA280030BD00BF90F85D00704700BF036A026AEE
:10FA380022F00102026270B4446882690D6822F4FF
:10FA4800803222F073022A438D6823F002032B438D
:10FA5800134DA8420FD005F50065A8420BD005F557
:10FA68004065A84207D005F58065A84203D005F592
:10FA78008065A8420DD1CD6823F008032B43D1E956
:10FA8800056524F4407446EA050C23F004034CEAA7
:10FA9800040449684460826170BC41630362704732
:10FAA800002C0140036A026A22F48072026270B478
:10FAB8004468C2690D6822F4803222F073022A4336
:10FAC8008D6823F4007343EA0523144DA8420FD030
:10FAD80005F50065A8420BD005F54065A8420ED093
:10FAE8000F4DA8420BD005F58065A8420FD106E05E
:10FAF800CD6823F4006343EA052323F48063D1E946
:10FB0800056524F4405446EA050C44EA0C14496897
:10FB18004460C26170BCC16303627047002C01403D
:10FB280000440140036A026A22F48052026230B43F
:10FB38004468C2690D6822F0807222F4E64242EA03
:10FB480005228D6823F4005343EA05330F4DA8427C
:10FB58000FD005F50065A8420BD005F54065A84211
:10FB680007D005F58065A84203D005F58065A84251
:10FB780004D14D6924F4804444EA851449684460FA
:10FB8800C26130BC01640362704700BF002C0140B1
:10FB9800036A026A22F48032026230B44468426D19
:10FBA8000D6822F4803222F070022A438D6823F413
:10FBB800003343EA05430F4DA8420FD005F5006511
:10FBC800A8420BD005F54065A84207D005F5806529
:10FBD800A84203D005F58065A84204D14D6924F4F4
:10FBE800803444EA052449684460426530BC816534
:10FBF80003627047002C0140036A026A22F48012F3
:10FC0800026230B44468426D0D6822F0807222F4BA
:10FC1800E04242EA05228D6823F4001343EA0553C3
:10FC28000F4DA8420FD005F50065A8420BD005F589
:10FC38004065A84207D005F58065A84203D005F5C0
:10FC48008065A84204D14D6924F4802444EA8524BF
:10FC580049684460426530BCC1650362704700BFB3
:10FC6800002C0140704700BF90F83D30012B22D195
:10FC780003681649022280F83D20DA688B4242F078
:10FC88000102DA6019D0B3F1804F16D0104A9342BE
:10FC980013D002F5806293420FD002F59632934258
:10FCA8000BD002F54062934207D01A6842F0010275
:10FCB8001A6000207047012070479968054A0A4079
:10FCC800062AF6D0B2F5803FEFD1F2E7002C0140CA
:10FCD800000400400700010010290AD8DFE801F0FD
:10FCE800190909094F090909570909095F09090982
:10FCF800670090F84330012B6AD10B1F0C2B5ED89C
:10FD0800DFE803F0415D5D5D495D5D5D515D5D5D11
:10FD1800590090F83E30012B5AD1022380F83E302A
:10FD2800036801F01F01186A01228A4020EA0200D4
:10FD38001862186A2E4902438B421A6243D02D4A30
:10FD4800934240D002F5406293423CD002F5806273
:10FD580093423FD002F5806293423BD0B3F1804F8B
:10FD68003DD19968244A0A40062A06D0B2F5803F58
:10FD780003D01A6842F001021A600020704790F818
:10FD88003F30012B24D1022380F83F30C8E790F898
:10FD98004030012B1CD1022380F84030C0E790F896
:10FDA8004130012B14D1022380F84130B8E790F894
:10FDB8004230012B0CD1022380F84230B0E70223F5
:10FDC80080F84330ACE75A6C42F400425A64C8E702
:10FDD800012070475A6C42F400425A64C9E7074A46
:10FDE8009342BED002F580629342BAD0C1E700BF09
:10FDF800002C0140003401400700010000040040CD
:10FE0800704700BFFFF768BF704700BF704700BF6B
:10FE1800704700BF704700BF036870B5DE681D6992
:10FE2800A907044601D5B20751D46A0701D573075B
:10FE38003AD4280701D5310724D4EB0601D5F006BA
:10FE480010D4E90701D5F20763D42B064CD5300648
:10FE580067D4680601D571066DD4AA0601D5B30624
:10FE68004ED470BD23686FF010021A610822227701
:10FE7800DB6913F4407F204671D0FFF7C7FF0023EA
:10FE88002377DEE723686FF008021A6104222277DD
:10FE9800DB699A0720465FD1FFF7B6FF2046FFF7D8
:10FEA800B7FF00232377C8E723686FF004021A61BD
:10FEB800022222779B6913F4407F204649D1FFF73D
:10FEC800A3FF2046FFF7A4FF00232377B1E76FF0D5
:10FED80002021A61012202779B69990733D0FFF762
:10FEE80095FF00232377A0E7EA05B2D53306B0D5FE
:10FEF80023686FF480721A61204600F0CBF9A8E7F6
:10FF080023686FF0200220461A61BDE8704000F0B7
:10FF1800BDB923686FF001021A612046FAF716FF8F
:10FF280093E723686FF080021A61204600F0B0F969
:10FF3800E9058ED5DCE723686FF040021A61204698
:10FF4800FFF768FF89E7FFF75FFF2046FFF760FFCD
:10FF5800C7E7FFF75BFFB7E7FFF758FFA1E7FFF732
:10FF680053FF2046FFF754FF89E700BF304A036874
:10FF7800904230B422D0B0F1804F3AD0A2F59432FA
:10FF8800904236D002F58062904232D002F5963225
:10FF9800904213D0274A90423CD002F580629042AA
:10FFA80038D002F58062904234D00A688C6849697A
:10FFB800C46223F080030B43826211E04C68CA6874
:10FFC80023F07003234323F4407313438A684C6976
:10FFD800C2620A68826223F0800323430A690263CB
:10FFE8000268012142F00402026030BC41610360F2
:08FFF80070474A68CC6823F051
:020000040801F1
:100000007003134323F440734A69234323F08003AE
:100010008C6813430A68C4628262E5E7CC684A6967
:100020008D68C56223F44073234323F08003134398
:100030000A688262D6E700BF002C01400040014000
:1000400070B310B590F83D30044603F0FF0213B3CF
:100050002146022384F83D3051F8040BFFF78AFF54
:10006000012384F8483084F83E3084F83F3084F827
:10007000403084F8413084F8423084F8433084F8CA
:10008000443084F8453084F8463084F8473084F8AA
:100090003D30002010BD80F83C20FFF7E7FDD7E79A
:1000A0000120704770B310B590F83D30044603F05E
:1000B000FF0213B32146022384F83D3051F8040BAC
:1000C000FFF758FF012384F8483084F83E3084F865
:1000D0003F3084F8403084F8413084F8423084F86E
:1000E000433084F8443084F8453084F8463084F84E
:1000F000473084F83D30002010BD80F83C20FFF7E9
:1001000083FED7E701207047036A026A22F01002DB
:10011000026270B4446882690D6822F0807222F431
:10012000E64242EA05228D6823F0200343EA0513E4
:10013000144DA8420FD005F50065A8420BD005F577
:100140004065A8420ED0104DA8420BD005F5806541
:10015000A8420FD106E0CD6823F0800343EA0513DF
:1001600023F04003D1E9056524F4406446EA050C18
:1001700044EA8C0449684460826170BC8163036214
:10018000704700BF002C01400044014038B590F892
:100190003C30012B7CD0012304460D4680F83C30D6
:1001A000142A0CD8DFE802F0220B0B0B320B0B0BDE
:1001B000430B0B0B530B0B0B640B0B0B10000120B1
:1001C000002384F83C3038BD0068FFF719FD436D0B
:1001D0002A6943F400634365436D23F480634365F8
:1001E000436D43EA022343650020E9E70068FFF717
:1001F00021FC83692A6943F008038361836923F042
:1002000004038361836913438361EDE70068FFF7AB
:100210007BFF83692A6943F400638361836923F464
:1002200080638361836943EA02238361DCE70068BA
:10023000FFF73CFCC3692A6943F00803C361C36943
:1002400023F00403C361C3691343C361CCE70068AF
:10025000FFF76CFCC3692A6943F40063C361C36997
:1002600023F48063C361C36943EA0223C361BBE72C
:100270000068FFF791FC436D2A6943F0080343656A
:10028000436D23F004034365436D13434365ABE7BC
:10029000022038BD704700BF704700BF704700BFE5
:1002A000F8B500BFF8BC08BC9E467047F8B500BF63
:0802B000F8BC08BC9E46704733
:1002B800000414D5D514040000000000000000005C
:1002C8000102030406070809524541445920202029
:1002D80020202020200000004C49474854204F4E41
:1002E800202020202000000044495350454E534907
:1002F8004E47202020000000534541524348494EB4
:10030800472020202000000049444C452020202080
:10031800202020202000000044524956494E472002
:1003280020202020200000005343414E4E494E47D4
:1003380020202020200000005354414E44425920E0
:10034800202020202000000048454154494E472ED7
:100358002E2E20202000000041524D454420202010
:1003680020202020200000004452494C4C494E4790
:1003780020202020200000005041525420504943A2
:100388004B454420200000005052494E54494E47E6
:100398002020202020000000454E47524156494E5B
:1003A80047202020200000004752495050494E471E
:1003B800202020202000000054454D503A20000005
:1003C80020432020202020202020000052504D3A99
:1003D80020000000202020202020202020200000B5
:1003E8004C41534552205057523A20002025202096
:1003F80020202000484F54454E443A200000000079
:100408002043202020202020000000005641435592
:10041800554D3A20000000002020202020202000F8
:100428005354524F42453A20000000004849545363
:100438003A2000002020202020202020200000003A
:1004480053544550533A20002020202020202020BB
:1004580000000000454E4453544F503A2048495438
:1004680020200000454E4453544F503A204F5045E9
:100478004E20000046494C4C000000004F4B000045
:100488004C494748543A204F464620202020000037
:100498004C494748543A20464958454420200000D2
:1004A8004C494748543A205354524F424520000083
:1004B800434845434B204944204A554D50455253E3
:1004C800000000005B20435249544943414C2045F9
:1004D80052524F52205D00002053595354454D202D
:1004E800424C4F434B454420000000005431322019
:1004F800534F4C4445522049524F4E00504153549B
:10050800452044495350454E534552004C49515596
:1005180049442044495350454E5352005343524591
:1005280057445249564552202020200056414355F1
:10053800554D205049434B55502020004452494CBA
:100548004C20424C3432363020202000475249504B
:100558005045522047494D42414C2000475249508E
:10056800504552204E454D4120313400414F4920DD
:10057800494E5350454354494F4E20004C41534532
:10058800522044494F4445203130570033442050CD
:1005980052494E5445522020563420005343414E70
:1005A8002050524F42452020202020002D2D2D2D57
:1005B8002D2D2D2D2D2D2D2D2D2D2D2D2D2D2D2D63
:1005C800000000002043000053544550532052457A
:1005D8004D3A20005354415455533A205245414412
:1005E8005900000056414355554D204144433A2097
:1005F800000000004F424A3A200000005245414C9A
:100608002052504D3A200000534554504F494E5403
:100618003A200000504F5745523A20202020000031
:100628004E4F5A5A4C453A004C46414E3A0000004B
:1006380052504D004846414E3A000000504552493C
:100648004F443A20000000005354415455533A2077
:1006580041524D4544200000494D50414354533ABE
:10066800202000004255532043414E204F4E4C4914
:100678004E450000740040018200360192002C01B2
:10068800A4002201B9001801D2000E01EF000401F4
:100698001101FA003901F0006801E600A001DC0050
:1006A800E201D2003002C8008D02BE00FB02B40095
:1006B8007D03AA001504A000C50496008F058C00D0
:1006C800720682006D07780079086E008F09640051
:1006D800A40A5A00AD0B5000A00C4600740D3C0053
:1006E800250E3200B20E28001D0F1E006B0F1400DD
:1006F800A20F0A00C70F0000000000000000000061
:1007080000000000000000000000000F7F7F0F00C5
:1007180000000000000000000000000000000000D1
:1007280000000000000000000000000000000000C1
:1007380000000000000000000000000000000000B1
:1007480000000000000000000000000000000000A1
:100758000000000000000000000000000000000091
:100768000000000000000000000000000000000081
:100778000000000000000000000000000000FCFC79
:10078800FC1C1C1C1C1C1C1C1C1C1C1C1C1C1C1CC1
:100798001C1C1C1C1C1C1C1C1CFCFCFC0000000061
:1007A8000000000000000000000000000000000041
:1007B8000000000000000000000000000000000031
:1007C8000000000000000000000000000000000021
:1007D8000000000000000000000000000000000011
:1007E8000000000000000000000000000000000001
:1007F8000000000000000000000000000000FFFFF3
:10080800FF00007F7F7F7F7F7F7F00000000000068
:100818007F7F7F7F7F7F7F0000FFFFFF000000005A
:100828000000000000000000F0F0F00000000000F0
:1008380000000000000000000000000000000000B0
:1008480000000000000000000000000000000000A0
:10085800000000000000000000000000F0F0F03090
:1008680030F0F0E00000E0F0F03030F0F0E0003080
:1008780030F0F0F030303000000000000000FFFFE2
:10088800FF000000C0C0C0C0C0C0C0C0C0C0C0C061
:10089800C0C0C0C0C0C0000000FFFFFF00000000D3
:1008A80000000000C0C00000FFFFFF00FFFFFF00C6
:1008B80000FFFFFF00009EDFDF636323FFFFFEFFF3
:1008C800FFFF0203FFFFFE0000FEFFFF3333BFBF41
:1008D800BE00FFFFFF0203FFFFFE0000FFFFFF183F
:1008E80018FFFFE70000FFFFFF0000FFFFFF000009
:1008F80000FFFFFF00000000000000000000FFFFF5
:10090800FFE0E0E0E1E1E1E1E1E1E1E1E1E1E1E1B4
:10091800E1E1E1E1E1E1E0E0E0FFFFFF00000000EC
:10092800000000000F0F0C0C0F0F0700070F0F0C33
:10093800040F0F0F0000070F0F0C0C040F0F0F0F01
:100948000F0F00000F0F0F0000070F0F0C0C0F0FF9
:1009580007000F0F0F00000F0F0F00000F0F0F0CF5
:100968000C0F0F070000070F0F0C0C0F0F070000EC
:10097800000F0F0F00000000000000000000000042
:1009880000000000000000000F7F7F0F0000000043
:10099800000000000000000000000000000000004F
:1009A800000000000000000000000000000000003F
:1009B800000000000000000000000000000000002F
:1009C800000000000000000000000000000000001F
:1009D800000000000000000000000000000000000F
:1009E80000000000000000000000000000000000FF
:1009F8000000000000000000000000000000FCFCF7
:100A0800FC1C1C1C1C1C1C1C1C1C1C1C1C1C1C1C3E
:100A18001C1C1C1C1C1C1C1C1CFCFCFC00000000DE
:100A280000000000000000000000000000000000BE
:100A380000000000000000000000000000000000AE
:100A4800000000000000000000000000000000009E
:100A5800000000000000000000000000000000008E
:100A6800000000000000000000000000000000007E
:100A78000000000000000000000000000000FFFF70
:100A8800FF00007F7F7F7F7F7F7F000000000000E6
:100A98007F7F7F7F7F7F7F0000FFFFFF00000000D8
:100AA8000000000000000000F0F0F000000000006E
:100AB800000000000000000000000000000000002E
:100AC800000000000000000000000000000000001E
:100AD800000000000000000000000000F0F0F0300E
:100AE80030F0F0E00000E0F0F03030F0F0E00030FE
:100AF80030F0F0F030303000000000000000FFFF60
:100B0800FF000000F0F0F0F0F0F0F0F0F0F0F0F09E
:100B1800F0F0F0F0F0F0000000FFFFFF0000000030
:100B280000000000C0C00000FFFFFF00FFFFFF0043
:100B380000FFFFFF00009EDFDF636323FFFFFEFF70
:100B4800FFFF0203FFFFFE0000FEFFFF3333BFBFBE
:100B5800BE00FFFFFF0203FFFFFE0000FFFFFF18BC
:100B680018FFFFE70000FFFFFF0000FFFFFF000086
:100B780000FFFFFF00000000000000000000FFFF72
:100B8800FFE0E0E0E3E3E3E3E3E3E3E3E3E3E3E31A
:100B9800E3E3E3E3E3E3E0E0E0FFFFFF000000005E
:100BA800000000000F0F0C0C0F0F0700070F0F0CB1
:100BB800040F0F0F0000070F0F0C0C040F0F0F0F7F
:100BC8000F0F00000F0F0F0000070F0F0C0C0F0F77
:100BD80007000F0F0F00000F0F0F00000F0F0F0C73
:100BE8000C0F0F070000070F0F0C0C0F0F0700006A
:100BF800000F0F0F000000000000000000000000C0
:100C080000000000000000000000000F7F7F0F00C0
:100C180000000000000000000000000000000000CC
:100C280000000000000000000000000000000000BC
:100C380000000000000000000000000000000000AC
:100C4800000000000000000000000000000000009C
:100C5800000000000000000000000000000000008C
:100C6800000000000000000000000000000000007C
:100C78000000000000000000000000000000FCFC74
:100C8800FC1C1C1C1C1C1C1C1C1C1C1C1C1C1C1CBC
:100C98001C1C1C1C1C1C1C1C1CFCFCFC000000005C
:100CA800000000000000000000000000000000003C
:100CB800000000000000000000000000000000002C
:100CC800000000000000000000000000000000001C
:100CD800000000000000000000000000000000000C
:100CE80000000000000000000000000000000000FC
:100CF8000000000000000000000000000000FFFFEE
:100D0800FF00000C0C0C0C0C0C0C00000000000088
:100D18000C0C0C0C0C0C0C0000FFFFFF000000007A
:100D28000000000000000000F0F0F00000000000EB
:100D380000000000000000000000000000000000AB
:100D4800000000000000000000000000000000009B
:100D5800000000000000000000000000F0F0F0308B
:100D680030F0F0E00000E0F0F03030F0F0E000307B
:100D780030F0F0F030303000000000000000FFFFDD
:100D8800FF000000C0C0C0C0C0C0C0C0C0C0C0C05C
:100D9800C0C0C0C0C0C0000000FFFFFF00000000CE
:100DA80000000000C0C00000FFFFFF00FFFFFF00C1
:100DB80000FFFFFF00009EDFDF636323FFFFFEFFEE
:100DC800FFFF0203FFFFFE0000FEFFFF3333BFBF3C
:100DD800BE00FFFFFF0203FFFFFE0000FFFFFF183A
:100DE80018FFFFE70000FFFFFF0000FFFFFF000004
:100DF80000FFFFFF00000000000000000000FFFFF0
:100E0800FFE0E0E0E1E1E1E1E1E1E1E1E1E1E1E1AF
:100E1800E1E1E1E1E1E1E0E0E0FFFFFF00000000E7
:100E2800000000000F0F0C0C0F0F0700070F0F0C2E
:100E3800040F0F0F0000070F0F0C0C040F0F0F0FFC
:100E48000F0F00000F0F0F0000070F0F0C0C0F0FF4
:100E580007000F0F0F00000F0F0F00000F0F0F0CF0
:100E68000C0F0F070000070F0F0C0C0F0F070000E7
:100E7800000F0F0F0000000000000000000000003D
:100E880000000000000000000000000000000F7FCC
:100E98007F0F0000000000000000000000000000BC
:100EA800000000000000000000000000000000003A
:100EB800000000000000000000000000000000002A
:100EC800000000000000000000000000000000001A
:100ED800000000000000000000000000000000000A
:100EE80000000000000000000000000000000000FA
:100EF8000000000000000000000000000000FCFCF2
:100F0800FC1C1C1C1C1C1C1C1C1C1C1C1C1C1C1C39
:100F18001C1C1C1C1C1C1C1C1CFCFCFC00000000D9
:100F280000000000000000000000000000000000B9
:100F380000000000000000000000000000000000A9
:100F48000000000000000000000000000000000099
:100F58000000000000000000000000000000000089
:100F68000000000000000000000000000000000079
:100F78000000000000000000000000000000FFFF6B
:100F8800FF00007F7F7F7F7F7F7F000000000000E1
:100F98007F7F7F7F7F7F7F0000FFFFFF00000000D3
:100FA8000000000000000000F0F0F0000000000069
:100FB8000000000000000000000000000000000029
:100FC8000000000000000000000000000000000019
:100FD800000000000000000000000000F0F0F03009
:100FE80030F0F0E00000E0F0F03030F0F0E00030F9
:100FF80030F0F0F030303000000000000000FFFF5B
:10100800FF000000F0F0F0F0F0F0F0F0F0F0F0F099
:10101800F0F0F0F0F0F0000000FFFFFF000000002B
:1010280000000000C0C00000FFFFFF00FFFFFF003E
:1010380000FFFFFF00009EDFDF636323FFFFFEFF6B
:10104800FFFF0203FFFFFE0000FEFFFF3333BFBFB9
:10105800BE00FFFFFF0203FFFFFE0000FFFFFF18B7
:1010680018FFFFE70000FFFFFF0000FFFFFF000081
:1010780000FFFFFF00000000000000000000FFFF6D
:10108800FFE0E0E0E3E3E3E3E3E3E3E3E3E3E3E315
:10109800E3E3E3E3E3E3E0E0E0FFFFFF0000000059
:1010A800000000000F0F0C0C0F0F0700070F0F0CAC
:1010B800040F0F0F0000070F0F0C0C040F0F0F0F7A
:1010C8000F0F00000F0F0F0000070F0F0C0C0F0F72
:1010D80007000F0F0F00000F0F0F00000F0F0F0C6E
:1010E8000C0F0F070000070F0F0C0C0F0F07000065
:1010F800000F0F0F000000009249249249269249E0
:10110800349249369249A49249A69249B49249B672
:10111800924D24924D26924D34924D36924DA49282
:101128004DA6924DB4924DB6926924926926926961
:10113800349269369269A49269A69269B49269B6A2
:10114800926D24926D26926D34926D36926DA492B2
:101158006DA6926DB4926DB693492493492693492E
:10116800349349369349A49349A69349B49349B60D
:10117800934D24934D26934D34934D36934DA4931C
:101188004DA6934DB4934DB69369249369269369FC
:10119800349369369369A49369A69369B49369B63D
:1011A800936D24936D26936D34936D36936DA4934C
:1011B8006DA6936DB4936DB69A49249A49269A49B7
:1011C800349A49369A49A49A49A69A49B49A49B68A
:1011D8009A4D249A4D269A4D349A4D369A4DA49A92
:1011E8004DA69A4DB49A4DB69A69249A69269A6979
:1011F800349A69369A69A49A69A69A69B49A69B6BA
:101208009A6D249A6D269A6D349A6D369A6DA49AC1
:101218006DA69A6DB49A6DB69B49249B49269B4945
:10122800349B49369B49A49B49A69B49B49B49B624
:101238009B4D249B4D269B4D349B4D369B4DA49B2B
:101248004DA69B4DB49B4DB69B69249B69269B6913
:10125800349B69369B69A49B69A69B69B49B69B654
:101268009B6D249B6D269B6D349B6D369B6DA49B5B
:101278006DA69B6DB49B6DB6D24924D24926D2493E
:1012880034D24936D249A4D249A6D249B4D249B6B1
:10129800D24D24D24D26D24D34D24D36D24DA4D281
:1012A8004DA6D24DB4D24DB6D26924D26926D269A0
:1012B80034D26936D269A4D269A6D269B4D269B6E1
:1012C800D26D24D26D26D26D34D26D36D26DA4D2B1
:1012D8006DA6D26DB4D26DB6D34924D34926D3496D
:1012E80034D34936D349A4D349A6D349B4D349B64C
:1012F800D34D24D34D26D34D34D34D36D34DA4D31B
:101308004DA6D34DB4D34DB6D36924D36926D3693A
:1013180034D36936D369A4D369A6D369B4D369B67B
:10132800D36D24D36D26D36D34D36D36D36DA4D34A
:101338006DA6D36DB4D36DB6DA4924DA4926DA49F5
:1013480034DA4936DA49A4DA49A6DA49B4DA49B6C8
:10135800DA4D24DA4D26DA4D34DA4D36DA4DA4DA90
:101368004DA6DA4DB4DA4DB6DA6924DA6926DA69B7
:1013780034DA6936DA69A4DA69A6DA69B4DA69B6F8
:10138800DA6D24DA6D26DA6D34DA6D36DA6DA4DAC0
:101398006DA6DA6DB4DA6DB6DB4924DB4926DB4984
:1013A80034DB4936DB49A4DB49A6DB49B4DB49B663
:1013B800DB4D24DB4D26DB4D34DB4D36DB4DA4DB2A
:1013C8004DA6DB4DB4DB4DB6DB6924DB6926DB6952
:1013D80034DB6936DB69A4DB69A6DB69B4DB69B693
:1013E800DB6D24DB6D26DB6D34DB6D36DB6DA4DB5A
:1013F8006DA6DB6DB4DB6DB60000000000000000D8
:10140800000000000000000000000000FCFCFC7C64
:101418007C7C7C7C7C7C7C7C7C7C7C000000FCFC78
:10142800FC7C7C7C7C7C7C7C7C7C808080000000DC
:10143800FCFCFC7C7C7C7C7C7C7C7C7C80808000D4
:1014480000008080807C7C7C7C7C7C7C7C7C8080B8
:1014580080000000FCFCFC7C7C7C7C7C7C7C7C7CB4
:1014680080808000000000000000000000000000F4
:101478000000000000000000000000000000000064
:10148800000000000000000000000000FFFFFF0057
:101498000000000000000000000000000000FFFF46
:1014A800FF000000000000000000FFFFFF00000038
:1014B800FFFFFF000000000000000000FFFFFF002A
:1014C8000000FFFFFF000000000000000000FFFF19
:1014D800FF000000FFFFFF00000000000000000008
:1014E800FFFFFF00000000000000000000000000F7
:1014F80000000000000000000000000000000000E4
:10150800000000000000000000000000FFFFFF3E98
:101518003E3E3E3E3E3E3E3E000000000000FFFFD5
:10152800FF3E3E3EFEFEFE3E3E3E01010100000043
:10153800FFFFFF3E3E3EFEFEFE3E3E3E0101010035
:101548000000FFFFFF000000000000000000FFFF98
:10155800FF000000FFFFFF3E3E3EFEFEFE3E3E3E19
:101568000101010000000000000000000000000070
:101578000000000000000000000000000000000063
:10158800000000000000000000000000FFFFFF0056
:101598000000000000000000000000000000FFFF45
:1015A800FF000000070707F8F8F800000000000037
:1015B800FFFFFF000000070707F8F8F80000000029
:1015C8000000FFFFFF000000000000000000FFFF18
:1015D800FF000000FFFFFF000000070707F8F8F80A
:1015E80000000000000000000000000000000000F3
:1015F80000000000000000000000000000000000E3
:101608000000000000000000000000001F1F1F1F56
:101618001F1F1F1F1F1F1F1F1F1F1F0000001F1F2F
:101628001F0000000000000000001F1F1F00000036
:101638001F1F1F0000000000000000001F1F1F00E8
:1016480000000000001F1F1F1F1F1F1F1F1F00007B
:10165800000000001F1F1F00000000000000000025
:101668001F1F1F0000000000000000000000000015
:1016780000000000000000000000FEFEFE00000068
:10168800000000000000FEFEFE000000FEFEFE86D8
:10169800868686868686868678787800000006069E
:1016A80006060606FEFEFE060606060606000000FC
:1016B800F8F8F806060606060606060606060600F2
:1016C8000000E000000000E0E0000010F8F8000072
:1016D80000000000000000000000F008E8E818F032
:1016E800F0008080808080808000F008080808086A
:1016F8001000F8080808080000001F1F1F6060603D
:101708006060606060601F1F1F0000007F7F7F01B6
:10171800010107070719191960606000000000003F
:10172800000000007F7F7F00000000000000000034
:101738001F1F1F60606060606060606060606000C4
:101748000000030408080403030000080F0F080042
:101758000000000C0C0C00000000070C0B0B080725
:10176800070000000000000000000708080808083B
:1017780004000F0808080F00000000000000000027
:101788000000000000000000F80606060600FE80C3
:101798008080FE00FE8686860600F806060606009D
:1017A800FE80601806000000000000000606FE0625
:1017B8000600FE060606F800000000000000000013
:1017C80006FE0600FE000000FE00FE18E018FE00FF
:1017D800FE8686867800FE8686860600FE868686D3
:1017E8007800788686860600000000000000000069
:1017F80000000000000000000000000000000000E1
:1018080000000000000000001F60606060007F01B1
:1018180001017F007F61616160001F60606060009E
:101828007F010618600000000000000060607F6013
:1018380060007F6060601F0000000000000018600A
:10184800601F00001F6060601F007F0001007F00B4
:101858007F01010100007F61616160007F0107195C
:101868006000606161611E0000000000000000006F
:1018780000000000000000000000000000000080E0
:10188800C0E0F0F87C3A140800806018040E1F0FBE
:1018980007030100000000000000000000000080B5
:1018A800C0E0F4FA7D38140800806018040E1F0F99
:1018B8000703010000000000000000000000008095
:1018C800C0E0F4FA7D38110600806018040E1F0F7E
:1018D8000703010000000000000000000000008075
:1018E800C0E0F0F87C3A110600806018040E1F0F63
:1018F800070301000000000000000000F809090FBC
:101908000F0909F800000000000000000302CEFEE5
:10191800FECE02030000000000000000F80A0A0ED4
:101928000F0909F8000000000000000003E2EEFEC5
:10193800FECE02030000000000000000F80A0A0EB4
:101948000E0A0AF8000000000000000003E2EEFEA4
:10195800FEEEE2030000000000000000F809090F95
:101968000E0A0AF800000000000000000302CEFE84
:10197800FEEEE2030000000000000000F809090F75
:101988000F0909F8000000000000000003024EFEE5
:10199800FE4E02030000000000000000F80A0A0ED4
:1019A8000F0909F8000000000000000003028EDEA5
:1019B800FE4E02030000000000000000F80A0A0EB4
:1019C8000E0A0AF8000000000000000003028EDE84
:1019D8009E0E02030000000000000000F809090F35
:1019E8000E0A0AF8000000000000000003024EFE84
:1019F8009E0E02030000000000000000000080C0EE
:101A0800E07C22414141221C40A0583C0E070301C2
:101A1800000000000000000000000000000080C07E
:101A2800E07C22414141221CA060583C0E07030182
:101A3800000000000000000000000000000080C05E
:101A4800E07C2241C141221CA060685C0E070301B2
:101A5800000000000000000000000000000080C03E
:101A6800E07C2241C141221C40A0685C0E070301B2
:101A78000000000000000000000000C0C0C0C0FF5F
:101A8800FFC0C0C0C0000000000000010F1F1F1FE2
:101A98001F1F1F0F0100000000000000808080FF52
:101AA800FF8080800000000000000000031F1F1F4F
:101AB8001F1F1F030000000000000000000000FFBF
:101AC800FF000000000000000000000000071F1FCA
:101AD8001F1F07000000000000000000000000FFBA
:101AE800FF00000000000000000000000000001FD0
:101AF8001F000000000000000000FEC2C2C2C2C2F7
:101B0800C242427E00000000000000000000020403
:101B1800C8102000000000000000FEC2C2C2C2C2FD
:101B2800C242427E000000000000000000002010B9
:101B3800C8040200000000000000FEC2C2C2C2C207
:101B4800C242427E000000000000000000000204C3
:101B5800C8102000000000000000FEC2C2C2C2C2BD
:101B6800C242427E00000000000000000000201079
:101B7800C80402000000000000C0F0180C04C6C62B
:101B8800C6C6040C18F0C00000030F1830206363A9
:101B980063632030180F030100C0F0180C04C6C698
:101BA800C6C6040C18F0C00000030F183020636389
:101BB800E3632030180F030000C0F0180C04C6C6F9
:101BC800C6C6040C18F0C00001030F183020636368
:101BD80063632030180F030000C0F0180C04C6C758
:101BE800C6C6040C18F0C00000030F183020636349
:101BF80063632030180F030000C0C0C0C080BFA1BD
:101C0800A1BF80C0C0C0C00000FFFFFFFF000000F0
:101C1800000000FFFFFFFF00000000C0C0C0FFA1E0
:101C2800A1BF80C0C0C0C000000000FFFFFFFF7858
:101C3800000000FFFFFFFF00000000C0C0C0FFA1C0
:101C4800A1FFC0C0C0000000000000FFFFFFFF7838
:101C580078FFFFFFFF00000000C0C0C0C080BFA128
:101C6800A1FFC0C0C000000000FFFFFFFF00000090
:101C780078FFFFFFFF00000000804024289050B04C
:101C8800B0509028244080000001020404090A0D85
:101C98000D0A0904040201008080C2242890D0F0B3
:101CA800B0509028244080000001020404090B0F62
:101CB8000D0A0904040201008080C2242890D0F093
:101CC800F0D0902824C280800001020404090B0F80
:101CD8000F0B09040402010000804024289050B032
:101CE800F0D0902824C280800001020404090A0D63
:101CF8000F0B090404020100000000008060100CB2
:101D0800820C10608000000000000000000384586E
:101D1800E058840300000000000000008060D0EC60
:101D2800E20C106080000000000000008083455B2A
:101D3800E058840300000000000000008060D0EC40
:101D4800E2ECD06080000000000000008083455B6A
:101D5800E35B458380000000000000008060100CF9
:101D680082ECD0608000000000000000000384586E
:101D7800E35B4583800000000000000000001F7F37
:101D88007F1F0000000000000000028AAAAAAAAA79
:101D9800AAAAAAAA8A020000000080808080808007
:101DA800001F0000000000000000028AAAAAAAAAD8
:101DB800AAAAAAAA8A0200000000808080808080E7
:101DC800809FFFFF9F8000000000028AAAAAAAAA9B
:101DD800AAAAAAAA8A0200000000000000001F7F29
:101DE800FF9FFFFF9F8000000000028AAAAAAAAAFC
:101DF800AAAAAAAA8A020000808080C0201088CFE0
:101E0800CF881020C080808001010103040811F3ED
:101E1800F3110804030101018080C0B0080884CFD1
:101E2800CF881020C08080800101030D101021F39D
:101E3800F3110804030101018080C0B0080884CFB1
:101E4800CF840808B0C080800101030D101021F371
:101E5800F32110100D030101808080C0201088CF6D
:101E6800CF840808B0C0808001010103040811F381
:101E7800F32110100D030101000000000000004FC5
:101E880000000700070000147F147F14242A7F2A0B
:101E980012231308646236495522500005030000D6
:101EA800001C2241000041221C0014083E081408AE
:101EB800083E080800000000000000000000006064
:101EC8006000003E5149453E00427F40004261515A
:101ED80049462141454B311814127F102745454585
:101EE800393C4A494930017109050336494949369F
:101EF800064949291E0036360000005636000008FB
:101F0800142241001414141414004122140802016C
:101F1800510906324979413E7E1111117E7F4949A6
:101F280049363E414141227F4141221C7F4949496E
:101F3800417F090909013E4149497A7F0808087F1C
:101F480000417F41002040413F007F081422417F2B
:101F5800404040407E020C027E7F0408107F3E41D4
:101F680041413E7F090909063E4151215E7F091919
:101F78002946464949493101017F01013F40404016
:101F88003F1F2040201F3F4038403F631408146320
:101F9800070870080761514945435C3A2D205B00EA
:101FA8000000000000000000000000000000000029
:101FB80000000040404040400102030405060708B5
:101FC800090A0B0C0D0E0F10020304050607080979
:081FD8000A0B0C0D0E0F101096
:081FE0006062FF7F01000000B8
:041FE800F18100087B
:041FEC00C98100089F
:101FF00000127A00FF01010001000000FF01000053
:0420000010000000CC
:0400000508008785E3
:00000001FF
