:020000040800F2
:1080000000A00020B5C0000805C100085DF100080F
:1080100005C1000805C1000805C1000800000000F6
:1080200000000000000000000000000005C1000882
:1080300005C100080000000005C10008B1F20008F9
:1080400005C1000805C1000805C1000805C10008F8
:1080500005C1000805C1000805C1000805C10008E8
:1080600005C10008A1F2000805C1000805C100080B
:1080700005C10008BDF7000805C1000805C10008DA
:1080800005C1000805C1000805C1000805C10008B8
:1080900051F1000805C1000805C10008A9F2000857
:1080A00005C1000805C1000805C1000805C1000898
:1080B00005C10008B5F2000805C1000805C10008A7
:1080C00005C1000805C1000805C1000805C1000878
:1080D00005C1000805C1000805C1000805C1000868
:1080E00005C1000805C1000805C1000805C1000858
:1080F00005C1000805C1000805C1000805C1000848
:1081000000000000000000000000000005C10008A1
:1081100005C1000805C1000805C1000805C1000827
:1081200005C1000805C1000805C1000805C1000817
:1081300005C1000805C100080000000000000000A3
:1081400005C1000805C1000805C1000800000000C5
:10815000000000000000000000000000000000001F
:10816000000000000000000005C1000805C1000873
:1081700005C1000800000000000000000000000031
:088180000000000005C1000829
:108188000348044B834202D0034B03B1184770479E
:108198006800002068000020000000000548064B29
:1081A8001B1AD90F01EBA301491002D0034B03B1ED
:1081B8001847704768000020680000200000000091
:1081C80010B5064C237843B9FFF7DAFF044B13B117
:1081D8000448AFF300800123237010BD680000201D
:1081E80000000000EC50010808B5044B1BB104491D
:1081F8000448AFF30080BDE80840CFE70000000066
:108208006C000020EC5001082DE9F04F99B000F205
:108218007E631393002300F11E02129318AB0192A0
:108228000DF15F06C3F1110A019A0DF14F0132F801
:10823800023F019200910846012203EA02040AEB78
:1082480000052C4100F8014F5200864292B2F4D149
:108258009DF950209DF952B09DF95B709DF95CE045
:1082680000919DF951109DF955909DF959C0CDF88F
:1082780010E0CDE90A2182EA0105704687EA0B027F
:108288009DF958E09DF953809DF95640039789EA76
:10829800020271468CEA02029DF957E09DF954707A
:1082A800029742409DF95D0006908EEA0202424024
:1082B8000A989DF95A700C9480EA0800604078404A
:1082C8008BEA000089EA00008CEA000005900B9810
:1082D8000D9180EA0800484078408BEA00008CEA5B
:1082E80000008EEA00000790029860409DF95E4009
:1082F80008946240029C48400C9988EA04044C4067
:108308000D994C406A4003997C40654054409DF962
:108318005F20099285EA01020E92DDE904214A40B4
:108328000F92DDE90621784089EA00008CEA000016
:108338004A4008998EEA000041401091099961402D
:10834800119103998D420DD1DDE904158D4209D1B2
:10835800DDE906158D4205D10899884202D10999AF
:108368008C4213D00F99920002EB41020E990A44F5
:10837800109902EBC102119902EB011292B2A2F11B
:1083880010000F280ED96FF009021292019AC3F358
:108398000A031380139B9A427FF446AF129819B0D0
:1083A800BDE8F08F113A0E2A71D8DFE802F06A644E
:1083B8005E58524D48423C37312C26210800C7F1FF
:1083C80001078DF85A70129B0099002B08BF6FF0B7
:1083D8000803012212931046002311F9012F12FB02
:1083E80000F2440013448E429BB2A0B2F5D1CDE70F
:1083F800CCF101038DF85930E5E70D9BC3F101037A
:108408008DF85830DFE7CEF101038DF85730DAE701
:108418000C9BC3F101038DF85630D4E7C9F1010371
:108428008DF85530CFE7029BC3F101038DF8543026
:10843800C9E7089BC3F1010C8DF85EC0C3E7C8F11A
:1084480001038DF85330BEE7CBF101038DF85230AC
:10845800B9E70B9BC3F101038DF85130B3E7069BD5
:10846800C3F101038DF85D30ADE70A9BC3F1010349
:108478008DF85030A7E7049BC3F101038DF85C30F9
:10848800A1E7039BC3F101038DF85B309BE7099BD0
:10849800C3F101038DF85F3095E700BF10B50B46B7
:1084A8000C464FF450724FF4105107F033FA00B1F4
:1084B80010BD2046BDE81040FFF7A6BE10B530221B
:1084C80082B04FF40041044607F066FA421C04D11A
:1084D8000DE0BDF806301B0709D40DF10603012293
:1084E8004FF40041204607F015FA0028F1D002B0F9
:1084F80010BD00BF10B582B00DF10603012248F28D
:108508000D01044607F006FA08B102B010BDBDF827
:10851800062048F20D0142F400422046ADF806203C
:1085280007F03AFA0028F0D107F0DCF90028ECD17E
:108538000DF10603012248F20D01204607F0EAF981
:108548000028E2D1BDF90630002BB8BF6FF00A0051
:10855800DBE700BF002347F6FF7130F813208A429B
:1085680003F1100303D0C02BF7D1002070476FF040
:1085780007007047038847F6FF718B422BD000F144
:108588000E0300F1240C33F8022F8A4223D06345EE
:10859800F9D1038D8B421ED0438D8B421BD0838D26
:1085A8008B4218D000F12E0300F1400C47F6FF7102
:1085B80033F8022F8A420ED09C45F9D100F14E03C0
:1085C80047F6FF715E3033F8022F8A4203D08342A8
:1085D800F9D1002070476FF007007047F0B50546E5
:1085E8009BB00E4603E0BDF806703A070DD40DF1B6
:1085F800060301224FF40041284607F08BF9044690
:108608000028F0D020461BB0F0BD30224FF40041C6
:10861800284607F0C1F9431C07F001070446F1D0CA
:1086280033462022002F3FD14FF48061284607F0BF
:1086380071F904460028E5D106F1400320224FF4E1
:108648008861284607F066F904460028DAD106F161
:10865800800320224FF49061284607F05BF9044616
:108668000028CFD106F1C00320224FF49861284694
:1086780007F050F904460028C4D106F5807320227B
:108688004FF4A061284607F045F904460028B9D1FF
:1086980006F5A07320224FF4A861284607F03AF99E
:1086A8000446002841D0ADE74FF48461284607F01E
:1086B80031F904460028A5D106F1400320224FF4E1
:1086C8008C61284607F026F9044600289AD106F15D
:1086D800800320224FF49461284607F01BF90446D2
:1086E80000288FD106F1C00320224FF49C61284650
:1086F80007F010F90446002884D106F5807320227B
:108708004FF4A461284607F005F9044600287FF4D1
:1087180079AF06F5A07320224FF4AC61284607F024
:10872800F9F8044600287FF46DAF02AB30224FF40D
:10873800B061284607F0EEF8044600287FF462AFDF
:1087480001AB2846012248F20D0107F0E3F8BDF815
:108758000430A6F8E031A6F8E271044600287FF458
:1087680051AF02A8FFF706FF28B9602202A906F553
:10877800C07003F0D3FB47F6FF7236F8143093420B
:1087880004F1100403D0C02CF7D13C463AE76FF04F
:10879800070437E730B583B00C460DF10603012214
:1087A80048F20D01054607F0B5F808B103B030BD31
:1087B800BDF80620A10222F4406201F4406192B2A1
:1087C8000A43284648F20D0107F0E6F803B030BD29
:1087D80000B583B00DF10603012248F20D0107F040
:1087E80099F818B9BDF80600C0F3812003B05DF808
:1087F80004FB00BF30B583B00C460DF1060301221F
:1088080048F20D01054607F085F808B103B030BD00
:10881800BDF80620E10122F4607201F4607192B2A1
:108828000A43284648F20D0107F0B6F803B030BDF8
:1088380000B583B00DF10603012248F20D0107F0DF
:1088480069F818B9BDF80600C0F3C21003B05DF8A6
:1088580004FB00BFD0B5B0F8D431B0F8E0612DED1D
:10886800028B07EE903A1B04B8EE678A48BFDFED2B
:10887800287A91F8240048BF38EE678A0C4602F03F
:1088880093FD9FED1F0B41EC110B01F019FBC6F393
:108898008126304657EC106B02F096FD9FED180BC1
:1088A80041EC110B01F00CFB304653EC102B394610
:1088B80002F01EFF03F0EAF8B4F9023007EE903A2E
:1088C80006EE900AB4F90030F8EEE77A07EE103AAF
:1088D800D8EE267AB8EEC77AC7EE877A17EE900AEE
:1088E80002F084FD08A3D3E9002302F021FC03F081
:1088F800CDF8BDEC028B00EE100AD0BDAFF30080BE
:1089080000000000000000406666666666660A4071
:10891800000080472DE9F84305460C46FFF79AFF0B
:10892800B5F8C03194ED046A07EE903A1A04B8EE2F
:10893800677AB5F8803144BFDFED2D7A37EE677A74
:1089480007EE903A1B0448BFDFED296AF8EE677A14
:1089580010EE109A48BF77EEE67ADFED266AE6EE6B
:10896800077A87EE276A66EE267A17EE900A02F0F3
:108978003DFD064660680F4602F038FD024648464F
:108988009046894602F032FD17A3D3E9002302F08E
:10899800CDFB02460B464046494602F07FFD164B8A
:1089A800002202F0C5FB02460B463046394602F06B
:1089B8009FFE0646A0890F4602F006FD02460B46BA
:1089C8003046394602F0B2FB03F060F894ED027AC3
:1089D80006EE900A86EE870AF3EE097A30EE270A49
:1089E800BDE8F883AFF300806666666666660A408F
:1089F80000008047000080480000F03F2DE9F04F5C
:108A08002DED108B91B00C4610EE909A83461746C8
:108A1800B0F8E2619FEDB4DAB0EE40AAFFF71AFFB2
:108A28005846214610EE108AFFF774FF10EE100A20
:108A3800F0EE409A02F0DAFCA3A3D3E9002302F097
:108A480077FB03F023F808EE100A484602F0CEFC44
:108A58009DA3D3E9002302F06BFB03F017F809EE9E
:108A6800100A29EE099A28EE088A29EE099A94F83C
:108A78009E05B0EE497AA8EE487A06EB4606ABF1B9
:108A8800020BB7EE008AC7EE0A7A04F2DD4539EE2A
:108A9800679A02F089FC9FED8E0B41EC110B01F0F7
:108AA8000FFA51EC100B02F0F1FF0BEE100A94F8DC
:108AB8005F0602F079FC9FED860B41EC110B01F08B
:108AC800FFF951EC100B02F0E1FF0BEE900A94F85D
:108AD800DC0102F069FC9FED7E0B41EC110B01F00B
:108AE800EFF951EC100B02F0D1FFF7EE007A94ED9C
:108AF8000C6AB4F9543094ED0B4A94ED0D5AD4ED48
:108B08000F5AB3EE047AF0EE676AE6EE076A824619
:108B18000EEE903A87EEA6EAB4F956300893B4F907
:108B280052301EEE902AF0EE674AE4EE074A07EE4E
:108B3800103AD31AF8EEC7DA07EE103A089AD4EDCD
:108B48000E6AB4F9583094ED106A0B931EEE901A21
:108B5800B8EEC77A521AF0EE67FAE6EE87FA089985
:108B680007EE102ACEEE24CA591AB4F95A200D92EB
:108B7800D31AF0EE674AE5EE2D4AB8EEC77AF0EE62
:108B8800676AE5EE876A07EE101A24EEAF5AB8EE68
:108B9800C77A65EE265AF0EE676AE6EE076A07EED0
:108BA800103A25EEA66AB8EEC77AD4ED116ABBF87A
:108BB8009631CDED094AE6EE877A19048DED0A5A09
:108BC80066EE277ACDED0C5ACDED0F7A07EE903A86
:108BD800B4F914308DED0E6AB8EE677A44BFDFED54
:108BE800427A37EE677A07EE903AF8EEE77ABBF802
:108BF800923187EE87CA1A0407EE903A48BF9FED74
:108C08003A7AF8EE677A48BF77EEC77A67EE8C7AD9
:108C180017EE900A02F0EAFBF3EE097A02460B46D9
:108C2800CDE9002379EEE79AB4F96436D4ED087AF1
:108C38004046A7EEA98A08EE903A02F0D7FB26A391
:108C4800D3E9002302F072FA80468946E069CDE94B
:108C5800028902F0CBFB42464B4602F01FFCF8EEBD
:108C6800E88A224B002202F063FA68EE887A80468E
:108C780017EE900A894602F0B9FB02460B464046B9
:108C8800494602F00BFC02460B46DDE9000102F002
:108C98004DFA02F0FBFE034650460AEE903A02F007
:108CA800A5FB0FA3D3E9002302F0F8FB04EBC613DE
:108CB80003F5EE73069304F5ED73CDE9040100970F
:108CC80004F15A0A07934CE06666666666127140BC
:108CD80000000000000000406666666666660A409E
:108CE8008DEDB5A0F7C6B03E000080470000F03F0C
:108CF800B4F94C3094ED0B8A06EE903A6FEEACFA6C
:108D0800F8EEE66A37EE667AF7EE006AE7EE086A8A
:108D180066EEAF7A88EEA70A70EE097AF5EE407A29
:108D2800F1EE10FA00F17A81B1EEE70AB5EE400AE9
:108D3800F1EE10FA00F16D81F1EEC07A17EE900AAB
:108D480002F054FBBAA3D3E9002302F0EFF902F0D2
:108D58009DFE009B43F8040B0093079B534500F0CE
:108D680047813BF8023F013507EE903A1B0495F91D
:108D7800C130B8EE677A07EE903A48BF37EE4D7AC1
:108D8800F8EEE77AB7EE00FA87EEAB8A67EE0C7A70
:108D9800F0EE4FFA17EE900A02F028FB95F9003032
:108DA80007EE103AB8EEC77A069BC7EE0B6A33F99E
:108DB800022F069306460F4608EE902AE9EEA6FA19
:108DC80018EE100A02F012FBDDE9022302F066FB3E
:108DD800F8EEE88A984B002202F0AAF968EEAF7A1A
:108DE800804617EE900A894602F000FB02460B46C1
:108DF8004046494602F052FB02460B463046394689
:108E080002F094F902F042FED4ED066A07EE100A69
:108E1800A6EEEA7A3AF8020FC7EE0A8A02F0D4FA06
:108E280002460B46DDE9040102F062FC02F02EFE68
:108E3800D4ED0A6AF0EE4F7AE9EEA67A07EE100A48
:108E480067EE87FAF0EE686AE9EE2F6A2FEEAF7ADE
:108E580027EE2F7A27EE267AB5EE407AF1EE10FA51
:108E680000F1D280B1EEC70AB5EE400AF1EE10FA71
:108E780000F1D980B1EEC0FA18EE900A02F0B6FA05
:108E880094ED0D8A064618EE100A0F4602F0AEFA67
:108E980067A3D3E9002302F001FB02460B4600203A
:108EA800654902F043F980461FEE900A894602F0B0
:108EB8009DFA02460B464046494602F0EFFA68EE34
:108EC8000F7A804617EE900A894602F08FFA02461A
:108ED8000B464046494602F02BF902460B463046FF
:108EE800394602F005FC064619EE100A0F4602F054
:108EF8007DFA02460B463046394602F019F941EC34
:108F0800100B01F077F801F075F849A3D3E90023B5
:108F180051EC100B02F00AF902F0B8FDB4F94E302A
:108F280006EE103A07EE100AB8EEC66AB4EEC76A43
:108F3800F1EE10FA3FF7DCAEB4F9503006EE903A95
:108F4800F8EEE66AF4EEC76AF1EE10FA06DD6FEEA7
:108F58008EFA94ED0C8AF0EE466AD3E6F4EEC7DAA0
:108F6800F1EE10FA3FF7CEAEF8EEEE6AF4EEC76A0D
:108F7800F1EE10FA08DDDDED097A94ED0E8A6FEE58
:108F8800A7FAF0EE6D6ABDE6DDED087AB8EEE76A9D
:108F9800B4EEC76AF1EE10FA06DDDDED0A7A94ED5B
:108FA8000F8A6FEEA7FAADE6DDED0B7AF8EEE75A19
:108FB800F4EEC75AF1EE10FA08DDDDED0C7A94ED07
:108FC800108A6FEEA7FAF0EE466A9BE6DDED0D7AA1
:108FD800F8EEE76AF4EEC76AF1EE10FA0DDDDDEDA2
:108FE8000E7A94ED118A6FEEA7FAF0EE656A89E6BB
:108FF80011B0BDEC108BBDE8F08FDDED0F7A94ED6C
:10900800128A6FEEA7FA7DE6B0EE470A00F0D0FFAD
:109018002AE700F0CDFFF0EE407A8FE6B0EE670A5F
:1090280000F0C6FF82E600F0C3FFB0EE40FA23E787
:1090380066666666661271400000F03F2DE9F04FE3
:109048002DED0A8B89B08B4690468246B0F8E291A6
:10905800DFED8FBAFFF7FEFB5046594610EE105A67
:10906800FFF758FC9BF89E05F0EE408A02F09CF949
:109078009FED830B41EC110B00F022FF51EC100B1C
:1090880002F004FD09EE900A9BF85F0602F08CF9E5
:109098009FED7B0B41EC110B00F012FF51EC100B14
:1090A80002F0F4FCBAF8943107EE903A1904B8EEDD
:1090B800677ABBF9143044BFDFED757A37EE677A0B
:1090C80007EE903AF8EEE77ABAF8903187EE87BA69
:1090D8001A0409EB4909AAF1020A07EE903A48BFB7
:1090E8009FED6B7AF8EE677A0AEE100A48BF77EEC2
:1090F800C77AF7EE00AA67EE8B7AB0EE6A9A17EE97
:10910800900A02F073F9F3EE097ABBF9643678EE47
:10911800E78ADBED087A02462846A7EEA89A1446A5
:109128000D4608EE103A02F061F957A3D3E900237F
:1091380001F0FCFF06460F46DBF81C00CDE904678A
:1091480002F054F932463B4602F0A8F9B8EEC88A54
:10915800504B002201F0ECFF68EE097A064617EE44
:10916800900A0F4602F042F902460B46304639464D
:1091780002F094F90B4602462946204601F0D6FF34
:1091880002F084FC0BEBC913474603F5EE790BF5A7
:10919800ED7809EE100ACDF81C800BF2DD44B846D4
:1091A8000BF15A050BF5CC664F463AF8023F07EE2D
:1091B800903A0134B8EE677A1B0494F9C13048BF7D
:1091C80037EE6B7A07EE903A27EE0B7AF8EEE77AED
:1091D80017EE100AC7EE8ACA02F008F994F90030AF
:1091E800CDE9000107EE903AF8EEE77A37F9023F49
:1091F80087EEA97AB0EE6ACAA8EE87CA08EE103AD6
:109208001CEE900A02F0F2F8DDE9042302F046F9B8
:10921800B8EEC88A1F4B002201F08AFF68EE0C7A6C
:10922800CDE9020117EE900A02F0E0F802460B467B
:10923800DDE9020102F032F90B460246DDE90001E0
:1092480001F074FF02F022FC35F8023FDBED066AFC
:1092580096ED006A07EE103A07EE900AB8EEC77A64
:10926800E6EEC97A079BA6EEC67AAB4267EE877A26
:10927800E8EC017A99D109B0BDEC0A8BBDE8F08F12
:1092880000000000000000406666666666660A40E8
:10929800000080470000F03FB0F8E201704700BFCF
:1092A800BF2813D800F00F0301EB80000F2B0ED856
:1092B800DFE803F034270D0D0D0D0D0D0D0D0D0D0F
:1092C8000D0D273776EEA76AC0ED006A7047D0ED1E
:1092D800016AD0ED027A10ED016A10ED027A76EE9D
:1092E800E77A36EE477AB0EEE75AF0EEC75AB4EEB0
:1092F800E55AF1EE10FAE5DD36EE076A80ED006A10
:10930800704750ED017AD0ED016A77EEA67AB6EE95
:10931800007A67EE877AC0ED007A70474368036089
:10932800704750F8043C0360704700BFB0F94E2006
:10933800B0F84E30B0F94CC0B2F5806FA8BFA3F5B5
:109348000063B0F84C20A8BF9BB2BCF5806FA8BFE3
:10935800A2F500624FEA4313A8BF92B21BB25201B2
:109368000B804A80704700BFB0F85630B0F85020E4
:1093780007EE903AB3F5806FF8EE677A28BF9FED55
:10938800167AB0F8543028BF77EEC77A9FED137A73
:1093980027EE877A07EE903AB3F5806FF8EE677A92
:1093A800B0F8583024BFDFED0C6A77EEE67A06EEA7
:1093B800903AB4EE006AB0F8523081ED017AFAEED4
:1093C800EC6A67EE867A03EB4213C1ED027A8B8171
:1093D800C1ED046A704700BF0000004500008039F5
:1093E800B0F84820B0F84A3003EB42138B8270473C
:1093F800B0F866309FED0B7AC3F3080307EE903A96
:10940800F8EEE77AF4EEC77AF1EE10FAC4BF9FEDF2
:10941800067A77EEC77A9FED057A67EE877AC1ED0F
:10942800067A704700007F43000000440000803C3B
:10943800B0F8463007EE903AB3F5806FF8EE677AE9
:1094480024BF9FED067A77EEC77A9FED057A67EE1F
:10945800877A01F5CD61C1ED007A704700000045BB
:109468000000003BB0F86630C3F3412381F8243094
:10947800704700BFB0F8443007EE903AB3F5806FFC
:10948800F8EE677A24BF9FED057A77EEC77A9FEDED
:10949800047A67EE877AC1ED0A7A704700000045C2
:1094A8000000003810B43B4C9FED3B6ADFED3B5A9F
:1094B8004FF4A002C1E913427823A1F85430B0F860
:1094C8007430A1F85630B0F87830A1F85830B0F8B8
:1094D8007C30A1F85A30B0F86A30B0F8682007EE4E
:1094E800903AB0F86C3002EE903AB0F86E3003EE75
:1094F800103AB0F8703003EE903AB0F8723004EEDB
:10950800103AB0F8763004EE903AB0F87A3005EEBA
:10951800103AB0F87E3007EE103A0123934006EE79
:10952800903AF8EE677AF8EE622AB8EE433AF8EE27
:10953800633AB8EE444AF8EE644AB8EE455AB8EED3
:10954800477AC1ED0B7AC1ED0C2A81ED0D3AC1EDD8
:109558000E3A81ED0F4AC1ED104A81ED115A81EDA5
:10956800127A01F13003F8EEE66A4C3101E0F3ECCF
:10957800017AF4EEC67AF1EE10FAC8BF77EEE57A12
:109588008B4287EEA67A03ED017AF0D15DF8044BA1
:10959800704700BFD8FFECFF00C07F4400000045C3
:1095A8002DE9F04F83462DED048BBBF83230BBF824
:1095B80034209FED7D8AADF54D7D00205D0957096A
:1095C8005E4603F01F0314370446143502F01F02E9
:1095D800143267F30F04009165F30F0003F11401CF
:1095E80036F8363F61F31F4062F31F449FED689BD6
:1095F8005A09CDE9020403F01F0306A914321433F3
:10960800ADF81020ADF8123002AF0BF1420A8946CE
:10961800884636F8020F01F0D7FE044637F8020BE9
:109628000D4601F0C1FEB0EE490AF0EE690A41ECC0
:10963800110B00F045FC204653EC102B294602F094
:1096480057F802F023FA07EE100AC7EE087A5645D3
:10965800E9EC017ADDD1009A02F5CC63D2ED067A05
:10966800D3ED008A4CA7D7E900670CAD414668EEF8
:10967800E78A0BF23E29A84601950BF2BE3B0D4640
:10968800B5EC018AA9F14004C24634F8023F07EE5E
:10969800903AF8EEE77AB0EE687AA7EE887A17EE95
:1096A800100A01F0A3FE02460B463046394602F086
:1096B8001FF802F0EBF9A1454AF8040BE5D109F1CE
:1096C8004009D94508F18008DAD1019DDDED0C7A11
:1096D8000DABCCACB3EC017AB4EE677AF1EE10FACC
:1096E800C8BFF0EE477A9C42F4D19FED307AF4EE91
:1096F800C77AF1EE10FA45D54FF0000A77EEA77A4F
:109708000AF1010AF4EEC77AF1EE10FA5FFA8AFA62
:10971800F4D4504601F048FE41EC180B009B244F4E
:109728009FED1B9B03F15A090026CB46B0EE481A61
:10973800F0EE681AB0EE490AF0EE690A55F8048BA3
:1097480000F0BEFB404659EC108B01F04FFE42463C
:109758004B4601F0A3FE02F099F901F047FE3246AC
:109768003B4601F0E5FC02F071F9A5422BF8020F27
:10977800DCD1009B83F8DCA10DF54D7DBDEC048B9D
:10978800BDE8F08F9FED068B4FF0000AC6E700BFDB
:1097980000000000000000408DEDB5A0F7C6B03E07
:1097A800000000000000000000E0FF440000004747
:1097B8000000E03F038C428C10B5B0F824E05B0950
:1097C8004FF0010C0EEB421E0CFA03FC1FFA8EFE42
:1097D8001FFA8CFC00F17E0201F5EE7100F5FF74B2
:1097E80032F8023F18B2B0F5806FA4BFA3F500634A
:1097F8009BB213FB0CE321F8023FB2F98004B2F8E4
:109808008034B0F5806FA4BFA3F500639BB21CFB46
:1098180003E3A242A1F88031E2D110BD2DE9F04F57
:10982800B0F92A40438D2DED068BB4F5806F834641
:10983800808DADF5437DA4BFA3F500631CB2C0F3D2
:10984800471300F01F000191009301F0ADFD07EEF2
:10985800904A9FED638B0DF10808B8EEE7AA41EC3A
:10986800190B0BF27E3B0DF54279C2463BF8023FDD
:10987800B0EE491AF0EE691AB3F5806F4FEA531447
:1098880028BF403CB0EE480AF0EE680A28BFA4B2F0
:1098980000F016FB009857EC106B01F085FDB0EE58
:1098A800480AF0EE680A41EC110B00F009FB20B2FF
:1098B80055EC104B01F088FD32463B4601F0EEFDB9
:1098C80002F0E4F807EE900A77EE8A7A17EE900A2B
:1098D80001F08CFD22462B4601F00AFF02F0D6F873
:1098E8004AF8040BCA45C1D19DED027A03ABB0EE2C
:1098F800C77AF3EC017AF0EEE77AF4EE477AF1EE04
:1099080010FAC8BFB0EE677A4B45F2D1DFED387A6E
:10991800B4EEE77AF1EE10FA5AD54FF0000B37EEB5
:10992800077A0BF1010BB4EEE77AF1EE10FA5FFA61
:109938008BFBF4D4584601F037FD41EC180B019B22
:109948002C4D9FED279B03F2DD4A00240CE001F02B
:109958004DFD22462B4601F0EBFB02F04FF8C845BF
:1099680040B20AF8010F2AD0B0EE481AF0EE681A91
:10997800B0EE490AF0EE690A58F8046B00F0A0FA54
:10998800304657EC106B01F031FD32463B4601F092
:1099980085FD02F07BF807EE900AF5EEC07AF1EE4D
:1099A80010FAD4D501F022FD22462B4601F0BEFB69
:1099B80002F024F8C84540B20AF8010FD4D1019B3F
:1099C80083F89EB50DF5437DBDEC068BBDE8F08FA1
:1099D8009FED058B4FF0000BB1E700BFAFF30080A0
:1099E800000000000000004000000000000000002F
:1099F800000080420000E03F2DE9F04FB0F92E4012
:109A0800C38D2DED068BB4F5806F8346008EADF5C2
:109A1800437DA4BFA3F500631CB2C0F3471300F055
:109A28001F000191009301F0BFFC07EE904A9FEDE3
:109A3800628B0DF10808B8EEE7AA41EC190B0BF29E
:109A48007E3B0DF54279C2463BF8023FB0EE491A1B
:109A5800F0EE691A03F01F04DB0648BF203CB0EEA5
:109A6800480AF0EE680A48BFA4B200F029FA009844
:109A780057EC106B01F098FCB0EE480AF0EE680A5B
:109A880041EC110B00F01CFA20B255EC104B01F020
:109A98009BFC32463B4601F001FD01F0F7FF07EE63
:109AA800900A77EE8A7A17EE900A01F09FFC224618
:109AB8002B4601F01DFE01F0E9FF4AF8040BCA45E8
:109AC800C2D19DED027A03ABB0EEC77AF3EC017A0E
:109AD800F0EEE77AF4EE477AF1EE10FAC8BFB0EE8E
:109AE800677A4B45F2D1DFED387AB4EEE77AF1EEDA
:109AF80010FA5AD54FF0000B37EE077A0BF1010B2D
:109B0800B4EEE77AF1EE10FA5FFA8BFBF4D458461C
:109B180001F04AFC41EC180B019B2C4D9FED269B54
:109B280003F29E5A00240CE001F060FC22462B460A
:109B380001F0FEFA01F062FFC84540B20AF8010FD1
:109B48002AD0B0EE481AF0EE681AB0EE490AF0EEE4
:109B5800690A58F8046B00F0B3F9304657EC106BFB
:109B680001F044FC32463B4601F098FC01F08EFFC0
:109B780007EE900AF5EEC07AF1EE10FAD4D501F0AE
:109B880035FC22462B4601F0D1FA01F037FFC845D3
:109B980040B20AF8010FD4D1019B83F85FB60DF5E6
:109BA800437DBDEC068BBDE8F08F9FED058B4FF034
:109BB800000BB1E7AFF30080000000000000004098
:109BC8000000000000000000000080420000E03FAC
:109BD8002DE9F843B0F85A30B0F85E20B0F860606C
:109BE80007EE903AB3F5806F2DED028BB8EE678AD9
:109BF80028BFDFED437A044690F85C0028BF38EEB2
:109C0800678A06EB42160D4601F0CEFB9FED3A0B34
:109C180041EC110B00F054F959EC108B18EE100AB6
:109C280001F0E4FB42464B4601F062FD01F02EFFD5
:109C3800B4F8623003F03F0208EE102AB8EEC88A82
:109C4800F3EE0F7AB4EEE78AF1EE10FAC8BFDFED53
:109C58002D7A0746C3F38710C8BF38EE678A01F02C
:109C6800A3FB9FED250B41EC110B00F029F959ECF2
:109C7800108B18EE100A01F0B9FB42464B4601F072
:109C880037FD01F003FFB4F86430286203F03F02A7
:109C980008EE102AB8EEC88AF3EE0F7AB4EEE78A17
:109CA800F1EE10FAC8BFDFED177AC3F38710C8BF0B
:109CB80038EE678A01F078FB9FED0F0B41EC110B32
:109CC80000F0FEF859EC108B18EE100A01F08EFB2C
:109CD8004B46424601F00CFD01F0D8FEBDEC028B6C
:109CE80005F5CC6336B2E8611F60A5F86466BDE887
:109CF800F88300BFAFF300800000000000000040C0
:109D0800000000450000804200F5CD6090ED000A9B
:109D1800704700BF30B54FF6FF730022A1F86C36CC
:109D28007E30134630F8024F03F1010C44B11FFA9C
:109D38008CF3C02BF6D1022A18BF002019D030BDF1
:109D4800B0F88041002CF2D1B0F80043002CEED1DD
:109D5800B0F88054E646541C002DE8D1A1F86C36C2
:109D68001FFA8CF3C02BA2B2E5D0022A01D001223F
:109D7800D8E76FF0020030BD38B5838A5B0640F142
:109D88008680B0F94E20B0F84E300D46B2F5806F9F
:109D9800B0F94C10B0F84C20A4BFA3F500639BB2F7
:109DA800B1F5806FA4BFA2F5006292B25B011BB24D
:109DB800520129462B806A80FFF7D6FAB0F848206E
:109DC800B0F84A309FED337A03EB4213AB82B0F818
:109DD8006630C3F3080207EE902AF8EEE77AB0F887
:109DE8004620F4EEC77AF1EE10FAC4BF9FED2A7A46
:109DF80077EEC77A9FED297A67EE877A07EE102A01
:109E0800B2F5806FC5ED067AB8EE477A24BFDFED6C
:109E1800247A37EE677ADFED237A27EE277A05F57D
:109E2800CD62C3F3412382ED007A85F82430B0F87F
:109E3800443007EE903AB3F5806F28BF9FED187A4B
:109E4800F8EE677A044628BF77EEC77A9FED167A50
:109E580067EE877AC5ED0A7AFFF724FB2946FFF7F4
:109E6800B7FE29462046FFF79BFB29462046FFF709
:109E7800A1FC29462046FFF7D1FC29462046FFF7DA
:109E8800BBFD29462046BDE83840FFF743BF6FF0C9
:109E9800060038BD00007F43000000440000803CFD
:109EA800000000450000003B00000038838A13F0E2
:109EB800400F0CBF6FF00600002070470000000044
:109EC800F8B52DED028B55EC114B57EC106B00F0EB
:109ED800C7F822462B4620462946B0EE408AF0EEC7
:109EE800608A01F075FD78B90022002330463946B2
:109EF80001F03CFDF0B1002200232046294601F084
:109F080035FD40B19FED288BB0EE480AF0EE680AA7
:109F1800BDEC028BF8BD45EC104B00F0A1FF00280A
:109F2800F2D0002200232046294601F029FD00280E
:109F3800EAD02EE0B0EE480AF0EE680A00F090FF92
:109F4800A0B151EC180B0022002301F00FFD0028EE
:109F5800DAD047EC106B00F083FF0028D4D045EC32
:109F6800104B00F07DFF0028CED012E047EC106BBC
:109F780000F076FF0028E4D045EC104B00F070FFAD
:109F88000028DED053EC182B51EC180B01F020FD03
:109F980020B901F0BDFF22230360B5E701F0B8FF47
:109FA80021230360B0E700BF000000000000F03F7D
:109FB80008B52DED028BB0EE408A01F025F8B4EE1D
:109FC800488AF1EE10FA06D6DFED098AB4EEE88A7F
:109FD800F1EE10FA02D4BDEC028B08BD01F098FF37
:109FE80088EEA80ABDEC028B2123036008BD00BFE0
:109FF8000000000038B52DED028B55EC104B00F039
:10A0080039FE22462B4620462946B0EE408AF0EE1D
:10A01800608A01F0DDFC30B9002200232046294681
:10A0280001F0AEFC30B9B0EE480AF0EE680ABDECBB
:10A03800028B38BD01F06CFF002200232121016052
:10A048001046194601F054FB41EC180BB0EE480AD3
:10A05800F0EE680ABDEC028B38BD00BF00000000BE
:10A068002DE9F04F55EC114B25F0004353EA04005D
:10A0780057EC106B93B012D1B3198D4987F40022B5
:10A0880052419842914120D222462B4630463946C9
:10A0980001F04EF841EC100B13B0BDE8F08F854885
:10A0A80027F0004A8245B846314613D908F140489E
:10A0B80008F5801858EA0108E6D123197C4985F487
:10A0C8000022524198459141DED39FED770B13B0A2
:10A0D800BDE8F08FA946224616D08342E6D85046FE
:10A0E80000F0B680B8F1000F16DB002A40F0C580FA
:10A0F800DFF8CCC1634540F0FD83B9F1000FC0F231
:10A10800068547EC106BC7E7002EBDD15345BBD879
:10A1180000F024845046E5E7DFF8A8C1634500F263
:10A12800E383DFF898C1634542D8002A40F01284DF
:10A13800B9F1804F33D0934647EC106B04910290ED
:10A14800009300F099FE0499009B0298002953D0CF
:10A158004FEAD872013A52EA0B0100F0A0800BF1E5
:10A16800FF3B5BEA020B00F0BA839FED4F7B8DED5E
:10A17800067BB3F1844F40F2A7804F4A93424F4B7E
:10A1880040F226849A4500F2DA84B9F1000FC0F251
:10A19800DA84002013B0BDE8F04F00F0A1BE3246CB
:10A1A8003B463046394601F079F941EC100B73E72C
:10A1B8004FEA235CACF2FF3CBCF1140F40F38C84F3
:10A1C800CCF1340C22FA0CFE0EFA0CFC944500F08B
:10A1D8000185002A40F0BE83B9F1804F04910290B6
:10A1E8000093DCD047EC106B00F046FE0499009B0E
:10A1F8000298002953D18B46314A28F040419142B8
:10A2080002D0BAF1000FA3D1B9F1000F07DA53EC6D
:10A21800102B2B49002001F06BFA41EC100BB8F120
:10A22800000FBFF639AF0AF1404A0AF5801A5AEA18
:10A238000B0A40F0768453EC102B1046194600F0B8
:10A2480075FF02460B4601F053FA41EC100B23E769
:10A25800002C7FF42BAF0AF1404303F580133343FE
:10A268003FF433AF154B9A4540F22884B9F1000FFB
:10A27800C0F29F8445EC104B0EE74FF0000B47EC03
:10A28800106B04910290009300F0F6FD0499009B76
:10A2980002980029B0D04FEAD872013A5FE73246F7
:10A2A8003B46CAE7AFF30080000000000000F03F23
:10A2B8000000F0FF0000F07F0000F043FFFFEF3FD9
:10A2C8000000F03FFFFF3F43DB4B08EA0303002297
:10A2D80053B951EC100BD94B01F0E0F841EC100BDD
:10A2E80010EE900A6FF034020315A3F2FF339A18A8
:10A2F800D34B0B92C0F3130040F07F56984246F4BC
:10A30800401640F3CD83CF4B984240F322849FED13
:10A31800B47B8DED087B9FEDB47B8DED047B9FEDC9
:10A32800B07B8DED107B01320B92A6F580160027CD
:10A3380053EC102B92465046DDE90423314600F0D9
:10A34800F5FEB346DDE9042380468946504631468A
:10A35800CDE90CAB00F0ECFE02460B460020BA49F2
:10A3680001F0C6F98C46834663465A46404649463C
:10A37800CDE90EBC01F092F80A460146CDE900127B
:10A38800CDE90212002100917610DDE900AB46F01C
:10A39800005606F500230020D91906460F46024646
:10A3A8000B465046594601F079F802460B4640469E
:10A3B800494600F0BBFEDDE9042380468946304665
:10A3C800394600F0B3FE02460B46DDE90C0100F009
:10A3D800ADFE52465B4601F061F802460B46404628
:10A3E800494600F0A3FEDDE90E2301F057F8DDE948
:10A3F8000267CDE9040132463B463046394601F052
:10A408004DF87BA3D3E9002306460F4601F046F832
:10A4180079A3D3E9002300F08BFE32463B4601F0D6
:10A428003DF877A3D3E9002300F082FE32463B468D
:10A4380001F034F874A3D3E9002300F079FE324622
:10A448003B4601F02BF872A3D3E9002300F070FE1D
:10A4580032463B4601F022F86FA3D3E9002300F00F
:10A4680067FE3246804689463B463046394601F00B
:10A4780015F802460B464046494601F00FF8524689
:10A4880006460F465B46DDE9020100F051FEDDE9B4
:10A49800042301F003F832463B4600F049FE5246D9
:10A4A80006460F465B465046594600F0F7FF674B95
:10A4B80000228046894600F03BFE32463B46CDE905
:10A4C8000C6700F035FE00260F4632463B465046E4
:10A4D800594600F0E3FF5D4B82468B46002230462A
:10A4E800394600F023FE42464B4600F01FFE024666
:10A4F8000B46DDE90C0100F019FEDDE9022300F04E
:10A50800CDFF3246804689463B46DDE9040100F02E
:10A51800C5FF02460B464046494600F009FE804604
:10A52800894642464B465046594600F001FE0026F1
:10A538003BA3D3E9002330460F4600F0AFFF524655
:10A548005B4682468B463046394600F0EFFD0246B0
:10A558000B464046494600F0E9FD33A3D3E9002302
:10A5680000F09CFF02460B463046394616461F4609
:10A578002FA3D3E9002300F091FF02460B46304693
:10A58800394600F0D5FDDDE9102300F0D1FD804605
:10A598000B98894600F018FF424606460F464B4680
:10A5A80050465946CDE902AB00F0C2FDDDE908236B
:10A5B80000F0BEFD32463B4600F0BAFD00203246B0
:10A5C8003B4682468B4600F0B1FDDDE9082300F0EA
:10A5D800ADFDDDE9022300F0A9FD39E0AFF300800D
:10A5E8000000000000000000000000000000F03F34
:10A5F800EF4E454A287ECA3F65DBC9934A86CD3F60
:10A6080001411DA96074D13F4D268F515555D53F45
:10A61800FFAB6FDBB66DDB3F033333333333E33FDD
:10A62800000000E009C7EE3FFD033ADC09C7EE3F32
:10A63800F5015B14E02F3EBE0000F07F00004043B0
:10A648008E98030079B60B000000F03F0000084028
:10A6580002460B464046494600F068FDCDE9020136
:10A668000023CDE900450093DDE9008920464246F4
:10A6780029464B4600F05AFD52465B4600F00EFF55
:10A68800224606460F462B46DDE9020100F006FF8A
:10A6980002460B463046394600F04AFD424604461B
:10A6A8000D464B4650465946CDE9024500F0F6FEA8
:10A6B80006460F46204629463B46324600F038FDFE
:10A6C800BD4B994204460D46884640F3238101F16B
:10A6D8003F4303F5E003034340F05382A2A3D3E9C9
:10A6E8000023DDE9020100F023FD02460B46204667
:10A6F800294614461D4632463B4600F017FD0246E1
:10A708000B462046294601F059F9002840F03982C5
:10A718004FF400734344C3F30A52A84CA2F2FF3229
:10A728001441C3F3130AC2F11402002004EA03011E
:10A738004AF4801A4AFA02FA0B460246B8F1000FA8
:10A7480030463946B8BFCAF1000A00F0EFFC0246AD
:10A758000B4606460F46DDE9020100F0E9FC4FEA28
:10A768000A5B0D46002482A3D3E90023204629462C
:10A7780000F094FE3246804689463B4620462946EC
:10A7880000F0D4FC02460B46DDE9020100F0CEFCE5
:10A7980079A3D3E9002300F081FE02460B46204648
:10A7A800294614461D4676A3D3E9002300F076FE19
:10A7B80002460B462046294600F0BAFC06460F46DC
:10A7C80032463B464046494600F0B2FC42464B46BC
:10A7D80004460D4600F0AAFC02460B4630463946B0
:10A7E80000F0A4FC2246804689462B46204629468E
:10A7F80000F054FE64A3D3E9002306460F4600F098
:10A808004DFE63A3D3E9002300F090FC32463B469B
:10A8180000F044FE60A3D3E9002300F089FC32462F
:10A828003B4600F03BFE5EA3D3E9002300F07EFC2C
:10A8380032463B4600F032FE5BA3D3E9002300F02A
:10A8480077FC32463B4600F029FE02460B4620467E
:10A85800294600F06BFC06460F4632463B4620462A
:10A86800294600F01BFE02460B463046394616467E
:10A878001F4600224FF0804300F058FC02460B466A
:10A888003046394600F034FF424606460F464B46EE
:10A898002046294600F002FE42464B4600F048FC9E
:10A8A80002460B463046394600F040FC22462B460D
:10A8B80000F03CFC0B4602464149002000F036FC03
:10A8C8000B465B44B3F5801FC0F253811946DDE99E
:10A8D800062300F0E3FD41EC100BFFF7DDBB9FED15
:10A8E800347B8DED067B44E44FF0020B002A7FF4A5
:10A8F800C6AC21E4B9F1804F3FF451ACDFF8C8C0D1
:10A90800E1457FF418AC47EC106B13B0BDE8F04F8D
:10A9180000F0B0B9DFF8B4C021F00043634540F25D
:10A92800ED80284B0B4403430AD132463B4600F0E6
:10A93800FDFBDDE9022301F037F800283FF4E8AE1B
:10A94800DDE906010022002301F01AF8003818BFDB
:10A9580001201FE404910290009343E4002C7FF44B
:10A9680093AB7FE4AFF30080FE822B654715973CDD
:10A9780000000000432EE63FEF39FAFE422EE63F84
:10A98800396CA80C615C20BED0A4BE726937663EE3
:10A99800F16BD2C541BDBB3E2CDE25AF6A56113FD7
:10A9A80093BDBE166CC1663F3E5555555555C53FBE
:10A9B800000000000000F0BFFFFF8F400000F0FF24
:10A9C8000000F03F00346F3F0000E03FFFCB9040B5
:10A9D8009A45C0F0E080A44B9A454FF0000200F27F
:10A9E800EC8051EC100BA04B00F0A0FB8CA3D3E93A
:10A9F800002306460F4600F051FD8BA3D3E9002340
:10AA0800804689463046394600F048FD974B8246D5
:10AA18008B4600223046394600F040FD02460B4680
:10AA280083A1D1E9000100F081FB32463B4600F0EA
:10AA380035FD02460B4600208D4900F077FB324673
:10AA4800CDE900013B463046394600F027FD024675
:10AA58000B46DDE9000100F021FD77A3D3E90023CF
:10AA680000F01CFD02460B465046594600F05EFBBE
:10AA780006460F4632463B464046494600F058FBDC
:10AA8800002042464B4682468B4600F04FFB02466A
:10AA98000B463046394600F049FBCDE90201DFE5B7
:10AAA8009FED677B8DED087B9FED677B8DED047BCC
:10AAB8009DED087B00278DED107B39E4B9F1000F7F
:10AAC8009FED5F0BBFF6E8AA05F1004300EE104AC0
:10AAD80000EE903AFFF7E0BA002A7FF43BAFCCF1E2
:10AAE800140C43FA0CFE0EFA0CFC9C4579D0DFF8E6
:10AAF80078C163453FF401ABFFF71ABB5C4A934248
:10AB080000F28580DDE90023934692462AE65649FD
:10AB1800002032463B4600F0EBFD41EC100BFFF7FE
:10AB2800BBBABBF1010F7FF4B7AA10EE901A10EE72
:10AB3800102A01F1004343EC102BFFF7ADBAB9F12D
:10AB4800000F7FF726AB002013B0BDE8F04F00F0F0
:10AB5800D7B99FED3F7B8DED087B9FED3F7B8DED5A
:10AB6800107B9FED3F7B4FF480278DED047BFFF733
:10AB7800DFBB41EC100B504600F04AFA51EC100BC9
:10AB8800A5E6DDE906010022002300F0F9FE003801
:10AB980018BF0120D8E7DDE906010022002300F0F4
:10ABA800EFFE003818BF0120B9F1000FBFF6F2AA76
:10ABB800CAE79FED230BFFF76FBADDE90601002313
:10ABC80000F0DEFE003818BF0120B9F1000FBBDC31
:10ABD800FFF7E0BA9AB10EF0010ECEF1020BFFF7C3
:10ABE8004EBB214A93423FF488AAB9F1804F3FF403
:10ABF800D6AA0EF0010ECEF1020BFFF79DBAB9F1FD
:10AC0800804F3FF4CCAA4FF0020BFFF795BA1B1503
:10AC1800A3F2FE334FF4801242FA03F37AE500BF41
:10AC2800000000604715F73F44DF5DF80BAE543E67
:10AC3800555555555555D53FFE822B654715F73F58
:10AC48000000000000000000000000000000F03FCD
:10AC58000000004003B8E23F06D0CF43EBFD4C3E76
:10AC6800000000000000F83F0000F03F0000D03F67
:10AC78000000E03F2DE9F047774855EC104BA8431A
:10AC880000F0A480002D21462A46234656DD2C15C7
:10AC980000F0D080C2F31302E107A4F2FF3742F4B8
:10ACA800801203D4D90F01EB42025B005200002648
:10ACB80002EBD3727F105B001624B4464FF40011E8
:10ACC8000CEB010090424FEAD3754FEA430303DCD3
:10ACD80000EB010C121A0E44013C05EB42024FEA4C
:10ACE8005101EDD1A04620254FF000400AE03CD0AC
:10ACF800510001EBD371013D0A464FEA43034FEA85
:10AD080050003ED0944508EB000EF0DABEF1000F7B
:10AD18000EEB00080CDBE146A2EB0C019E4588BF58
:10AD280001F1FF314900CC46A3EB0E030444E0E7F0
:10AD3800B8F1000FEFDB0CF10109EDE725F0004059
:10AD480020433DD0002D68D1D90A153A5B0500296A
:10AD5800FAD0CE02144618460A466CD520254FF084
:10AD6800FF31E840641A024394E79E4502D94FEA4E
:10AD78004C01BEE7BEF1000F0EEB000822DB0021FC
:10AD8800D2E7194310D0DFF8D4A0DAE90001DAE9F4
:10AD9800022300F0CBF9DAE9008902460B46404667
:10ADA800494600F0F7FDF8B96508711001F17F51C7
:10ADB80001F5001101EB075345EAC67243EC102B6D
:10ADC800BDE8F087B8F1000FB5DAD8E722462B4680
:10ADD8002046294600F062FB22462B4600F0A8F9DF
:10ADE80041EC100BBDE8F087B4F1FF3FDAE9000150
:10ADF800DAE902232BD000F09BF9DAE90089024650
:10AE08000B464046494600F0BBFD10B3A31C04F1B5
:10AE1800020508BF01366D08C7E722462B462046C3
:10AE2800294600F083F902460B4600F061FC41EC2C
:10AE3800100BC5E7084600235200D502194603F156
:10AE48000103F9D5C3F1200500FA03F389E70136B8
:10AE5800ABE70134A8E700BF0000F07F10530108FA
:10AE680082B08DED000B019840F0004000F5801095
:10AE7800C00F02B0704700BF51EC100B024621F022
:10AE8800004343EC102B704710B52DED028BB0EE4C
:10AE9800408AF0EE608A044601F03AF8B0EE480ABB
:10AEA800F0EE680ABDEC028B046010BD00B50346E5
:10AEB80083B051EC100B7BB1024601F10043CDE9A0
:10AEC8000023DDE9002300F0E9FA41EC100B222011
:10AED80003B05DF804EBD7E702460B46EFE700BF87
:10AEE8009FED010BE2E700BF00000000000000102A
:10AEF8009FED010BDAE700BF000000000000581EBC
:10AF08009FED010BD2E700BF0000000000000070B9
:10AF180000B5002283B078B1084BCDE90023DDE904
:10AF280000010022002300F0E3FB41EC100B22207B
:10AF380003B05DF804EBA7E7014BEEE70000F0BFB4
:10AF48000000F03F38B555EC104B2DED028B224632
:10AF58002B462046294600F0E9F802460B4600F049
:10AF6800C7FB224641EC180B2B462046294600F029
:10AF78002FFDB0EE480AF0EE680A28B9BDEC028B46
:10AF88002120BDE838407FE7BDEC028B38BD00BF0B
:10AF980008B551EC100B2DED028BB0EE408AF0EEA7
:10AFA800608A0022002300F0E1FCB0EE480AF0EECF
:10AFB800680A10B9BDEC028B08BDBDEC028B2220DB
:10AFC800BDE8084060E700BFF8B555EC104B25F028
:10AFD80000470C4B4FF0FF322046394600F0F8FC92
:10AFE80038B9084B204639464FF0FF3200F0D2FC02
:10AFF80010B145EC104BF8BD45EC104B2220BDE8D4
:10B00800F84041E7FFFFEF7FB1EEC00A704700BF8D
:10B0180070B555EC104BC5F30A5206462B4672BB69
:10B0280025F00043234329D03B4B204629460022E4
:10B0380000F034FA394B9E4204460D4652DBC1F308
:10B048000A520B46363A4CF250318E4223DC1644F3
:10B0580040F2FE7296421EDC002E34DC16F1350FEB
:10B0680038DB6FF31E53363643EA065520462C4B21
:10B078002946002200F012FA41EC100B70BD40F294
:10B08800FF718A42DFD122462046294600F050F857
:10B0980041EC100B70BD002D17A1D1E9000107DBB1
:10B0A80015A3D3E9002300F0F9F941EC100B70BDAA
:10B0B80013A1D1E9000110A3D3E9002300F0EEF9B0
:10B0C80041EC100BF3E76FF31E5343EA065545ECCA
:10B0D800104B70BD002D0CA1D1E9000102DA0CA1C2
:10B0E800D1E9000108A3D3E9002300F0D7F941EC26
:10B0F800100B70BDAFF300809C7500883CE4377E70
:10B108009C7500883CE437FE59F3F8C21F6EA50110
:10B1180059F3F8C21F6EA58100005043B03CFFFFF1
:10B128000000903C81F0004102E000BF83F0004342
:10B1380030B54FEA41044FEA430594EA050F08BFCA
:10B1480090EA020F1FBF54EA000C55EA020C7FEA8E
:10B15800645C7FEA655C00F0E2804FEA5454D4EB0B
:10B168005555B8BF6D420CDD2C4480EA020281EAD5
:10B17800030382EA000083EA010180EA020281EA0D
:10B188000303362D88BF30BD11F0004F4FEA01315F
:10B198004FF4801C4CEA113102D0404261EB41016E
:10B1A80013F0004F4FEA03334CEA133302D05242F4
:10B1B80063EB430394EA050F00F0A780A4F10104B0
:10B1C800D5F1200E0DDB02FA0EFC22FA05F28018EA
:10B1D80041F1000103FA0EF2801843FA05F35941D0
:10B1E8000EE0A5F120050EF1200E012A03FA0EFC4F
:10B1F80028BF4CF0020C43FA05F3C01851EBE37179
:10B2080001F0004507D54FF0000EDCF1000C7EEB95
:10B2180000006EEB0101B1F5801F1BD3B1F5001FD3
:10B228000CD349085FEA30004FEA3C0C04F10104F2
:10B238004FEA445212F5800F80F09A80BCF1004F1B
:10B2480008BF5FEA500C50F1000041EB045141EA9D
:10B25800050130BD5FEA4C0C404141EB0101013C66
:10B2680028BFB1F5801FE9D291F0000F04BF014655
:10B278000020B1FA81F308BF2033A3F10B03B3F127
:10B2880020020CDA0C3208DD02F1140CC2F10C02B7
:10B2980001FA0CF021FA02F10CE002F11402D8BF15
:10B2A800C2F1200C01FA02F120FA0CFCDCBF41EAE1
:10B2B8000C019040E41AA2BF01EB0451294330BDB0
:10B2C8006FEA04041F3C1CDA0C340EDC04F114048D
:10B2D800C4F1200220FA04F001FA02F340EA030064
:10B2E80021FA04F345EA030130BDC4F10C04C4F1AA
:10B2F800200220FA02F001FA04F340EA030029468A
:10B3080030BD21FA04F0294630BD94F0000F83F4D3
:10B31800801306BF81F480110134013D4EE77FEAB6
:10B32800645C18BF7FEA655C29D094EA050F08BF02
:10B3380090EA020F05D054EA000C04BF19461046E3
:10B3480030BD91EA030F1EBF0021002030BD5FEA27
:10B35800545C05D14000494128BF41F0004130BD4F
:10B3680014F580043CBF01F5801130BD01F00045A3
:10B3780045F0FE4141F470014FF0000030BD7FEA16
:10B38800645C1ABF194610467FEA655C1CBF0B4611
:10B39800024650EA013406BF52EA033591EA030F28
:10B3A80041F4002130BD00BF90F0000F04BF002120
:10B3B800704730B54FF4806404F132044FF0000553
:10B3C8004FF0000150E700BF90F0000F04BF0021CC
:10B3D800704730B54FF4806404F1320410F0004532
:10B3E80048BF40424FF000013EE700BF42004FEA2D
:10B3F800E2014FEA31014FEA02701FBF12F07F43AA
:10B4080093F07F4F81F06051704732F07F4208BF60
:10B41800704793F07F4F04BF41F40021704730B567
:10B428004FF4607401F0004521F000411CE700BFB3
:10B4380050EA010208BF704730B54FF000050AE036
:10B4480050EA010208BF704730B511F0004502D537
:10B45800404261EB41014FF4806404F132045FEA39
:10B46800915C3FF4D8AE4FF003025FEADC0C18BFE2
:10B4780003325FEADC0C18BF033202EBDC02C2F1D4
:10B48800200300FA03FC20FA02F001FA03FE40EA66
:10B498000E0021FA02F11444BDE600BF70B54FF06A
:10B4A800FF0C4CF4E06C1CEA11541DBF1CEA135548
:10B4B80094EA0C0F95EA0C0F00F0DEF82C4481EAB0
:10B4C800030621EA4C5123EA4C5350EA013518BFD0
:10B4D80052EA033541F4801143F4801338D0A0FBBD
:10B4E80002CE4FF00005E1FB02E506F00042E0FB6A
:10B4F80003E54FF00006E1FB03569CF0000F18BF70
:10B508004EF0010EA4F1FF04B6F5007F64F5407417
:10B5180004D25FEA4E0E6D4146EB060642EAC621AA
:10B5280041EA55514FEAC52040EA5E504FEACE2E17
:10B53800B4F1FD0C88BFBCF5E06F1ED8BEF1004F1A
:10B5480008BF5FEA500E50F1000041EB045170BD96
:10B5580006F0004646EA010140EA020081EA0301DA
:10B56800B4EB5C04C2BFD4EB0C0541EA045170BDD6
:10B5780041F480114FF0000E013C00F3AB8014F150
:10B58800360FDEBF002001F0004170BDC4F1000499
:10B59800203C35DA0C341BDC04F11404C4F120051A
:10B5A80000FA05F320FA04F001FA05F240EA020075
:10B5B80001F0004221F0004110EBD37021FA04F6AB
:10B5C80042EB06015EEA430E08BF20EAD37070BD65
:10B5D800C4F10C04C4F1200500FA04F320FA05F0C4
:10B5E80001FA04F240EA020001F0004110EBD370C6
:10B5F80041F100015EEA430E08BF20EAD37070BD36
:10B60800C4F1200500FA05F24EEA020E20FA04F30E
:10B6180001FA05F243EA020321FA04F001F00041BD
:10B6280021FA04F220EA020000EBD3705EEA430E2E
:10B6380008BF20EAD37070BD94F0000F0FD101F05D
:10B648000046400041EB010111F4801F08BF013C96
:10B65800F7D041EA060195F0000F18BF704703F0D4
:10B668000046520043EB030313F4801F08BF013D5B
:10B67800F7D043EA0603704794EA0C0F0CEA135517
:10B6880018BF95EA0C0F0CD050EA410618BF52EAD1
:10B698004306D1D181EA030101F000414FF00000D7
:10B6A80070BD50EA410606BF1046194652EA4306E5
:10B6B80019D094EA0C0F02D150EA013613D195EA59
:10B6C8000C0F05D152EA03361CBF104619460AD1A1
:10B6D80081EA030101F0004141F0FE4141F47001AB
:10B6E8004FF0000070BD41F0FE4141F4780170BD9B
:10B6F80070B54FF0FF0C4CF4E06C1CEA11541DBF00
:10B708001CEA135594EA0C0F95EA0C0F00F0A7F801
:10B71800A4EB050481EA030E52EA03354FEA01312E
:10B7280000F088804FEA03334FF0805545EA131341
:10B7380043EA12634FEA022245EA111545EA106509
:10B748004FEA00260EF000419D4208BF964244F1A0
:10B75800FD0404F5407402D25B084FEA3202B61ABF
:10B7680065EB03055B084FEA32024FF480104FF493
:10B77800002CB6EB020E75EB030E22BFB61A754607
:10B7880040EA0C005B084FEA3202B6EB020E75EB9A
:10B79800030E22BFB61A754640EA5C005B084FEA02
:10B7A8003202B6EB020E75EB030E22BFB61A7546CF
:10B7B80040EA9C005B084FEA3202B6EB020E75EBDA
:10B7C800030E22BFB61A754640EADC0055EA060E9B
:10B7D80018D04FEA051545EA16754FEA06164FEADE
:10B7E800C30343EA52734FEAC2025FEA1C1CC0D18A
:10B7F80011F4801F0BD141EA00014FF000004FF017
:10B80800004CB6E711F4801F04BF01430020B4F1D7
:10B81800FD0C88BFBCF5E06F3FF6AFAEB5EB030C8F
:10B8280004BFB6EB020C5FEA500C50F1000041EB8C
:10B83800045170BD0EF0004E4EEA113114EB5C0459
:10B84800C2BFD4EB0C0541EA045170BD41F480112C
:10B858004FF0000E013C90E645EA060E8DE60CEA34
:10B86800135594EA0C0F08BF95EA0C0F3FF43BAF51
:10B8780094EA0C0F0AD150EA01347FF434AF95EA08
:10B888000C0F7FF425AF104619462CE795EA0C0FEC
:10B8980006D152EA03353FF4FDAE1046194622E7B9
:10B8A80050EA410618BF52EA43067FF4C5AE50EA93
:10B8B80041047FF40DAF52EA43057FF4EBAE12E783
:10B8C8004FF0FF3C06E000BF4FF0010C02E000BF64
:10B8D8004FF0010C4DF804CD4FEA410C7FEA6C5C47
:10B8E8004FEA430C18BF7FEA6C5C1BD001B050EAEA
:10B8F800410C0CBF52EA430C91EA030F02BF90EAD5
:10B90800020F0020704710F1000F91EA030F58BF93
:10B91800994208BF90422CBFD8176FEAE37040F0F5
:10B92800010070474FEA410C7FEA6C5C02D150EA93
:10B93800013C07D14FEA430C7FEA6C5CD6D152EA4E
:10B94800033CD3D05DF8040B704700BF8446104613
:10B9580062468C461946634600E000BF01B5FFF712
:10B96800B7FF002848BF10F1000F01BD4DF808EDE2
:10B97800FFF7F4FF0CBF012000205DF808FB00BFB3
:10B988004DF808EDFFF7EAFF34BF012000205DF80D
:10B9980008FB00BF4DF808EDFFF7E0FF94BF01205A
:10B9A80000205DF808FB00BF4DF808EDFFF7CEFF5B
:10B9B80094BF012000205DF808FB00BF4DF808ED9A
:10B9C800FFF7C4FF34BF012000205DF808FB00BF6B
:10B9D8004FEA410C7FEA6C5C02D150EA013C0AD183
:10B9E8004FEA430C7FEA6C5C02D152EA033C02D175
:10B9F8004FF0000070474FF0010070474FEA4102D6
:10BA080012F5001215D211D56FF47873B3EB6252A8
:10BA180012D94FEAC12343F0004343EA505311F0CF
:10BA2800004F23FA02F018BF404270474FF0000061
:10BA3800704750EA013005D111F0004008BF6FF09F
:10BA4800004070474FF00000704700BF4A0011D215
:10BA580012F5001211D20DD56FF47873B3EB625260
:10BA68000ED44FEAC12343F0004343EA505323FA6C
:10BA780002F070474FF00000704750EA013002D1E1
:10BA88004FF0FF3070474FF0000070474FEA410217
:10BA9800B2F1E04324BFB3F5001CDCF1FE5C0DD924
:10BAA80001F0004C4FEAC0024CEA5070B2F1004F6E
:10BAB80040EB830008BF20F00100704711F0804F71
:10BAC80021D113F13872BCBF01F00040704741F436
:10BAD80080114FEA5252C2F11802C2F1200C10FA3A
:10BAE8000CF320FA02F018BF40F001004FEAC1231E
:10BAF8004FEAD32303FA0CFC40EA0C0023FA02F3C2
:10BB08004FEA4303CCE77FEA625307D150EA013397
:10BB18001EBF4FF0FE4040F44000704701F0004067
:10BB280040F0FE4040F40000704700BF53B94AB9E6
:10BB3800002908BF00281CBF4FF0FF314FF0FF302D
:10BB480000F06AB9ADF1080C6DE904CE00F006F812
:10BB5800DDF804E0DDE9022304B070472DE9F04781
:10BB6800089D0E4604460F46002B4AD194468C4544
:10BB7800B2FA82F260D942B1C2F12003974020FAAA
:10BB880003F30CFA02FC1F4394404FEA1C4E1FFAC1
:10BB98008CF6B7FBFEF1230C0EFB117743EA074343
:10BBA80001FB06F098420AD91CEB030301F1FF37A9
:10BBB80080F01581984240F21281023963441B1AC1
:10BBC800A4B2B3FBFEF00EFB103344EA034400FBBF
:10BBD80006F6A6420AD91CEB040400F1FF3380F0F4
:10BBE8000081A64240F2FD806444023840EA0140E8
:10BBF800A41B00211DB1D4400023C5E90043BDE8C2
:10BC0800F0878B4205D90DB1C5E90001002108462E
:10BC1800F5E7B3FA83F1002946D1B34202D3824251
:10BC280000F2F580841A66EB030201201746002D06
:10BC3800E5D0C5E90047E2E7002A40F09380A1EB90
:10BC48000C034FEA1C471FFA8CFE0121B3FBF7F6E1
:10BC580007FB1630230C43EA00430EFB06F098421C
:10BC680008D91CEB030306F1FF3802D2984200F210
:10BC7800D08046461B1AA4B2B3FBF7F007FB10337B
:10BC880044EA03440EFB00FEA64508D91CEB040455
:10BC980000F1FF3302D2A64500F2B6801846A4EBA5
:10BCA8000E0440EA0640A5E7C1F120078B4022FABE
:10BCB80007FC4CEA030C06FA01FE20FA07F426FA00
:10BCC80007F344EA0E0400FA01F84FEA1C404FEA71
:10BCD8001449B3FBF0FE1FFA8CF600FB1E3349EA49
:10BCE80003430EFB06F9994502FA01F20BD91CEB46
:10BCF80003030EF1FF3A80F08580994540F2828077
:10BD0800AEF1020E6344A3EB0909A4B2B9FBF0F348
:10BD180000FB139944EA094403FB06F6A64208D936
:10BD28001CEB040403F1FF3068D2A64266D9023B3B
:10BD3800644443EA0E40A41BA0FB02E6B4427346E7
:10BD4800B14652D34FD05DB1B8EB030264EB09049E
:10BD580004FA07F722FA01F31F43CC40C5E900743F
:10BD680000214CE7C2F1200120FA01F30CFA02FC91
:10BD780026FA01F1964033434FEA1C471FFA8CFE1E
:10BD8800B1FBF7F007FB1016190C41EA064100FB5E
:10BD98000EF68E4204FA02F408D91CEB010100F1F8
:10BDA800FF382DD28E422BD902386144891B9BB2B1
:10BDB800B1FBF7F607FB161143EA014306FB0EF148
:10BDC800994208D91CEB030306F1FF3814D29942B3
:10BDD80012D9023E63445B1A46EA004136E7394607
:10BDE800EDE6184602E7F045ADD2BEEB020366EB7E
:10BDF8000C060138B146A6E74646ECE7034698E745
:10BE08004046D3E7D6467EE76444023847E708460B
:10BE18000DE7023E63442DE7704700BF70B50F4B36
:10BE28000F4DAB42A3EB050607D0B610002455F81A
:10BE3800043B01349847A642F9D809F053F9094D53
:10BE4800094B5E1BAB424FEAA60606D0002455F804
:10BE5800043B01349847A642F9D870BD28760108FA
:10BE680028760108287601082C760108830730B562
:10BE780047D0541E002A3ED0CAB2034601E0013C16
:10BE880039D303F8012B9D07F9D1032C2CD9CDB256
:10BE980005EB05250F2C05EB054535D9A4F1100256
:10BEA80022F00F0C03F1100EE6444FEA121C1A465A
:10BEB800C2E90055C2E9025510327245F8D10CF1B9
:10BEC800010214F00C0F03EB021204F00F0C13D054
:10BED800ACF1040323F003030433134442F8045B76
:10BEE8009342FBD10CF003042CB1C9B21C4403F8F3
:10BEF800011BA342FBD130BD64461346002CF4D18C
:10BF0800F9E703461446C0E71A46A446E0E700BF2F
:10BF1800014B1868704700BF00000020844641EAC2
:10BF2800000313F003036DD1403A41D351F8043BA9
:10BF380040F8043B51F8043B40F8043B51F8043BFB
:10BF480040F8043B51F8043B40F8043B51F8043BEB
:10BF580040F8043B51F8043B40F8043B51F8043BDB
:10BF680040F8043B51F8043B40F8043B51F8043BCB
:10BF780040F8043B51F8043B40F8043B51F8043BBB
:10BF880040F8043B51F8043B40F8043B51F8043BAB
:10BF980040F8043B51F8043B40F8043B51F8043B9B
:10BFA80040F8043B51F8043B40F8043B403ABDD20A
:10BFB800303211D351F8043B40F8043B51F8043BAC
:10BFC80040F8043B51F8043B40F8043B51F8043B6B
:10BFD80040F8043B103AEDD20C3205D351F8043B3B
:10BFE80040F8043B043AF9D2043208D0D2071CBF07
:10BFF80011F8013B00F8013B01D30B880380604630
:10C00800704700BF082A13D38B078DD010F00303A5
:10C018008AD0C3F10403D21ADB071CBF11F8013B15
:10C0280000F8013B80D331F8023B20F8023B7BE764
:10C03800043AD9D3013A11F8013B00F8013BF9D28F
:10C048000B7803704B7843708B7883706046704729
:10C05800032A30B415D941EA0004A40784460B46E4
:10C0680004D0541E0FE0043A032A08D91946604642
:10C0780053F8044B5CF8045BA542F4D0F1E7604642
:10C088001946541E7AB1431E0139021901E09A4239
:10C0980009D013F8010F11F801CF6045F7D0A0EBD4
:10C0A8000C0030BC7047002030BC7047DFF834D03B
:10C0B80000F026F80C480D490D4A002302E0D45838
:10C0C800C4500433C4188C42F9D30A4A0A4C0023DA
:10C0D80001E013600432A242FBD3FFF79FFE00F099
:10C0E800D7F8FEE700A0002000000020680000202C
:10C0F800307601086800002050240020FEE7000088
:10C10800034AD2F8883043F47003C2F88830704785
:10C1180000ED00E070B521F4006384B023B16FF046
:10C128000105284604B070BD0C460DF10603012236
:10C1380041F2F411064603F0F5FC051EF1DBBDF8EB
:10C1480006300B49029123F400631C43A4B263BA7E
:10C15800062202A93046ADF80C30ADF8064003F0CF
:10C1680023FD05460F2003F043FD284604B070BDAB
:10C178003A2E11F470B521F4807384B023B16FF0B6
:10C188000105284604B070BD0C460DF106030122D6
:10C1980041F2F411064603F0C5FC051EF1DBBDF8BB
:10C1A80006300B49029123F480731C43A4B263BA8E
:10C1B800062202A93046ADF80C30ADF8064003F06F
:10C1C800F3FC05460F2003F013FD284604B070BDAC
:10C1D8003A2E11F400B583B00DF10603012243F69F
:10C1E800144103F09FFC0028A4BFBDF80600C0F36B
:10C1F800002003B05DF804FB10B582B001AB01224A
:10C2080043F22C41044603F08DFC00280DDB0DF1B0
:10C218000603012243F61441204603F083FC00285C
:10C22800A4BFBDF80600C0F3002002B010BD00BFD7
:10C2380000B5042283B0044B01930DEB020103F017
:10C24800B3FC03B05DF804FB0180000170B51E4625
:10C2580015460B46142242F60261044603F062FCBE
:10C26800002813DB2B464FF4407242F62A61204621
:10C2780003F058FC002809DB3346204640F201321F
:10C28800BDE8704043F22C4103F04CBC70BD00BFC8
:10C298002DE9F04F2DED028B9F4BA04AA04D9A60DF
:10C2A800B1B005F099FA02F0C5FC02F0F7FC03F012
:10C2B80013FD02F01DFB02F065FD02F055FC02F0D3
:10C2C80057FE02F0F1FB02F021FC2A78002303213B
:10C2D800CDE90B31CDE90D330F937AB12B78042BCF
:10C2E80002D02B780A2B09D101238E480B930BA976
:10C2F80006F00EFD0B2002F0DFFE09E001244FF0EE
:10C3080090400BA90B9406F003FD204602F0D4FEE2
:10C318002B780A2B00F0D2822B78052B08D02B78AB
:10C32800092B05D02B78122B02D02B78132B03D195
:10C3380040F67F4002F04AFE06AB039310AB13AC05
:10C3480002932B780B2B00F0E1822B78012B20D065
:10C358002B78022B1DD02B78032B1AD02B78062B89
:10C3680017D02B78072B14D02B780A2B11D02B78C9
:10C378000C2B0ED02B78102B0BD00023CDE91333C8
:10C38800119308220123674802991092129306F02C
:10C39800BFFC6548654E664C0323C0E9006340F264
:10C3A800E733836007F0E6FA03F0B8FC03F00AFE0F
:10C3B80002F0E4F82378062B00F078822378062B25
:10C3C80000F0B3822378032B00F06A822378042BD1
:10C3D80000F0668202F002FA002004F03BFBDFF86E
:10C3E8007081514FDDF808A00026384607F0F0FAB2
:10C3F800002E00F06A817407F3B200F0928105F014
:10C40800C3F8013605F0EAF805F056F905F012F917
:10C4180005F032F901F008FD01F0C6FD642005F0D1
:10C42800FFF9322EE1D1434B00241C70E0B20134F5
:10C4380003F0F6FF082CF9D19FED358B0026DFF8C5
:10C4480014B13D4CDFF810A1B146B0463746364826
:10C4580007F0BEFA9BF80030002B52D105F0DAF94C
:10C46800364B1B78002BA0EB07000CBF4FF4FA7378
:10C478006423984280F01F8105F0CCF9A0EB0900F5
:10C48800132800F2028105F0C5F9801BB0F5FA7F88
:10C4980080F0F58005F0BEF9A0EB0800952800F2C1
:10C4A8009A80274B1B78002B40F0928002F082FF85
:10C4B800244B1B78002B40F082802B78082B4DD022
:10C4C8009AF80030002BC2D005F0A4F91E4B1B6867
:10C4D800C01A0028BBDB00228AF80020114602EBB4
:10C4E80042030132E1542344082A59709970F6D165
:10C4F80002F0F6FF0C4807F06BFA9BF80030002BAF
:10C50800ACD0002311488BF8003006F013F8A5E7EB
:10C51800000000000000000000ED00E000800008BE
:10C528002E05002000040048600200200030004072
:10C538000D05002054000020440200201E020020A7
:10C54800DE010020DC010020E0010020C4040020FE
:10C55800005D01081D020020E4010020B84B1B7893
:10C56800002BADD0B64B00221A70B64B198889B291
:10C57800012938BF0121B1F5FA7F28BF4FF4FA71BC
:10C58800B14B187802EB4203C0B2E054AF480078D0
:10C598002344C0B25870AE4800780132C0B2082AAD
:10C5A8009870EDD1019102F09BFF05F033F90199E4
:10C5B800A84B0144196001238AF8003080E702F093
:10C5C80051FF10B1A44A0023137002F089FF74E7E9
:10C5D80004F090FA6AE705F01DF9804601F0D2FBF5
:10C5E80001F0FCFB04F096FF04F0B2FF05F08AF8B6
:10C5F8009A4A13780133DBB2022B07D9984A137889
:10C60800013303F003031370944A0023137004F0FA
:10C61800A1FA2B7800228DED128B8DF85420002B77
:10C6280066D02B780A2B00F097802B78042B00F02B
:10C63800CD802B78112B00F0D9802B78052B00F0BA
:10C64800E1802B78092B00F0F4802B78082B7FF4FD
:10C6580028AF844B1B788DF8143040F25513109393
:10C6680081480123149306F009F800283FF419AF14
:10C67800039B02997C4805AA05F08AFF11E705F09B
:10C68800C9F8064603F038FD04E705F0C3F881460B
:10C6980001F0CAFB01F088FC04F076FF04F09EFF6D
:10C6A80005F00AF805F04AF804F0C4FF04F0E4FFC6
:10C6B80001F04AFBE7E605F0ADF84FF40041074604
:10C6C8004FF0904006F028FCD6E604F05DFF04F039
:10C6D80085FF04F0F1FF04F0ADFF04F0CDFF01F099
:10C6E800A3FB01F061FC642005F09AF801267CE6C2
:10C6F8005E4A1388C3F307238DF8143013888DF826
:10C708001530584B1B788DF8163040F235131093BE
:10C7180055480323149305F0B1FF00283FF4C1AE38
:10C72800A6E7C3F3C10303EB830308EBC319022491
:10C73800802249465046FFF7F1FB2046002101348C
:10C7480003F0AAFAE4B28021504603F087FA072CD6
:10C7580009F18009ECD152E6444A43481388C3F3EF
:10C7680007238DF8143013888DF8153040F27513AF
:10C7780010930223149305F081FF002840F089806C
:10C788003B4A394813681B0A8DF8143013688DF832
:10C79800153040F2771310930223149305F06EFFBF
:10C7A80000286FD1334A13681B0A8DF814301368B8
:10C7B8008DF8153040F2791310932B480223149307
:10C7C80005F05CFF00283FF46CAE51E72A4A138855
:10C7D800C3F307238DF8143013888DF81530274BD1
:10C7E8001B788DF8163040F2451390E7224A1388DB
:10C7F800C3F307238DF8143013888DF8153040F2F1
:10C808004323D9E740F2471310930323149372B6D6
:10C818001B4B1B6862B65BBAADF81430114B12485B
:10C828001B788DF8163005F029FF00283FF439AE43
:10C838001EE70C4B1B788DF8143040F265130EE799
:10C84800D8010020E6010020DB010020DA010020E9
:10C85800D9010020E0010020DC010020C0010020F7
:10C86800C1010020D0010020C40400203A020020A9
:10C8780020020020F80100203602002035020020A6
:10C888002C020020039B0299294805AA05F080FE86
:10C8980088E7039B0299264805AA05F079FE6FE709
:10C8A80024490122142001F0A9FE93E5214B1B78AD
:10C8B800022B7FF483AD03F0ABF883E540F6FF105D
:10C8C80002F084FB06A803210026202202230390FD
:10C8D80009910127014613AC4FF09040CDE906239A
:10C8E80008960A9706F014FA02F0B0FB10AB1396FC
:10C8F80002936660194640224FF404134FF09040AB
:10C90800CDE91023129706F003FA1AE500231393D2
:10C91800082263604FF40413CDE9102306480299F6
:10C928000123129306F0F4F933E502F049FF49E5D3
:10C93800C40400200A050020000400480A4B10B572
:10C948001880044601F006FC902001F0B3FC012099
:10C9580001F0B0FC200A01F0ADFCE0B201F0AAFC45
:10C96800BDE8104001F052BC5E0000200B4B10B532
:10C978001C8801F0EFFB902001F09CFC44F400447B
:10C98800012001F097FC200A01F094FCE0B201F0CC
:10C9980091FCBDE8104001F039BC00BF5E000020EA
:10C9A80038B501F0D7FB902001F084FCC8B1002015
:10C9B80001F080FCA8B101F0CDFB912001F07AFCD8
:10C9C80078B1012001F028FD0546002001F024FD82
:10C9D8000446EDB201F01AFCE0B240EA052000B2CC
:10C9E80038BD01F013FC002038BD00BF274B1A6882
:10C9F800B2F5A87F00D070471B69022BFBD92449E8
:10CA0800244AB1F801302448097811705BBA0380D0
:10CA18001378012BD9B214D01378022B14D0002329
:10CA28001E4A194603EB430C02EB0C000133082B9A
:10CA380002F80C1041708170F4D1194B01221A7060
:10CA48007047184B1970704700B572B61649174AE7
:10CA5800174B91F800E092F800C018785FFA8EFE44
:10CA68005FFA8CFCC0B262B60C4A002101EB4103AC
:10CA7800013102F803E01344082983F801C09870D3
:10CA8800F4D1074B01221A705DF804FBA8040020BA
:10CA9800A0040020E8010020E60100204402002054
:10CAA800DC010020D8010020DB010020DA01002091
:10CAB800D9010020F8B5204B1A68B2F5F87F00D0EC
:10CAC800F8BD1B69042BFBD91C4B1B7803F0FF0531
:10CAD800002BF5D172B61A4E1A4834781A4F4FF413
:10CAE800005106F00DFAA4F10104B4FA84F46409C3
:10CAF800A0422246134818BF3D604FF4005106F08B
:10CB080005FAD6F8013013B93B6062B6F8BD0F4A92
:10CB18000F4D0C4800241BBA13604FF48051224675
:10CB28003B602C7006F0F2F9064822464FF480412B
:10CB380006F0ECF9E9E700BFA80400205400002043
:10CB4800A0040020000400484002002058000020F3
:10CB58003C02002038B5464C464B2246002105F0E1
:10CB6800A1FD00B138BD04F055FE434D434B18609C
:10CB780000F0BCFA2B781BB12368B3F5807FF1D1A4
:10CB880000F058F900F038FE2B78002BEAD13C4B26
:10CB98001B78182BE6D801A252F823F039CC0008EC
:10CBA80009CC000809CC000809CC00086DCB0008A6
:10CBB80071CC000809CC000809CC000869CC000831
:10CBC80061CC000859CC00086DCB000809CC0008DE
:10CBD80041CC000811CC00086DCB000809CC000836
:10CBE80051CC000849CC000831CC00086DCB0008B6
:10CBF80029CC000821CC000819CC000811CC000869
:10CC0800BDE8384000F0E4BCBDE8384001F036B873
:10CC1800BDE8384000F028BDBDE8384000F032BF1C
:10CC2800BDE83840FFF746BFBDE8384000F05ABCC1
:10CC3800BDE8384000F0E2BEBDE8384000F072B808
:10CC4800BDE8384000F0F4BFBDE8384000F088B8CF
:10CC5800BDE8384000F02EBDBDE8384000F074BC97
:10CC6800BDE83840FFF7C2BEBDE8384000F00AB85A
:10CC7800A8040020A00400201E020020CC010020EF
:10CC88002E05002038B51F4B1A68B2F5A07F00D0DA
:10CC980038BD1B69012BFBD91B4B1B78002BF7D127
:10CCA8001A4D1B4C2B78237004F0B4FD6A78194B8D
:10CCB800A2F10102B2FA82F21860520910214FF073
:10CCC800904006F023F92378134A144940F67F4030
:10CCD80000FB03F3A2FB032309681148DB094B633C
:10CCE800237803F0FF0233B1BDE8384001224FF446
:10CCF800007106F00BB9BDE838404FF4007106F03A
:10CD080005B900BFA804002054000020A00400209A
:10CD1800340200200802002081808080080400205E
:10CD2800000400480B4B1A68B2F5D87F00D0704752
:10CD38001B69002BFBD0084B1B78002BF7D1074B46
:10CD48001A78003A4FF002014FF0904018BF0122C4
:10CD580006F0DCB8A804002054000020A00400203D
:10CD68002F4A1368B3F5107F28D040F2412293422E
:10CD780017D040F24222934223D100B5294B1B78A9
:10CD8800052B89B01ED002226946222001F062FCE0
:10CD9800C0B218B1244805F071FC30BB09B05DF889
:10CDA80004FB224B1B7803F0FF0253B91D4B1B7881
:10CDB800052B2ED01E49212001F020BC1269022A21
:10CDC80006D07047FFF7ECFD40BAADF80000E1E788
:10CDD800164B1B78002BF4D1124B15491B78088889
:10CDE800052B18D0202001F009BC40F24222002077
:10CDF80000210223CDE904014FF0000C02920693B2
:10CE08006A4601AB02A908488DF81CC005F0C0FBB2
:10CE1800C4E7FFF7ABBD40BA80B2FFF78FBD00BFD4
:10CE2800A80400200D050020C404002054000020A0
:10CE3800A00400202DE9F041994D2B68B3F5C07F7F
:10CE480092B03ED0B3F5C17F6FD0B3F5C97F09D09A
:10CE5800B3F5807F03D12B69082B00F0AC8012B0AA
:10CE6800BDE8F0812B69042BF9D18E4B1A78E32A9F
:10CE7800F5D15A78A52AF2D19A78E02AEFD1DE784E
:10CE8800FF2EECD11E2231460AA8FEF7EFFF1E2224
:10CE98000AA9002001F0E4FC0024834B83481C709D
:10CEA8001E222146FEF7E2FF81481E223146FEF788
:10CEB800DDFF804805F0E2FB002840F0DC802B68AD
:10CEC800C6E72B69012BCAD9764A1478072CA046E5
:10CED80003F1FF3328BF4FF0070898452BD80022ED
:10CEE80004214FF090408DF8108006F00FF8002CC8
:10CEF80000F09C806B4F04AE002417F8010F01F07E
:10CF080029FC0134E4B2444506F8010FF5D34FF08B
:10CF180090400122042105F0F9FF664805F0AEFBB8
:10CF280098BB2B68B3F5C17F8FD1624805F0A6FB8B
:10CF380060B92B6889E75FFA83F8002204214FF073
:10CF480090408DF8108005F0E1FFD3E74FF40041E1
:10CF5800594805F0D5FFA0F10100B0FA80F040096A
:10CF680040F2831201230021002600278DF80800D3
:10CF78000A920E938DF83C1004AB02AA0AA94D48F8
:10CF8800CDE90C6705F004FBD3E708F101085FFA67
:10CF980088F240F281100021002600270A900E92A4
:10CFA8008DF83C1002AB04AA0AA94248CDE90C67E7
:10CFB80005F0EEFAB5E73B4F404B414A79783878AF
:10CFC800187001245970B9789970147004F022FC13
:10CFD8003C4B3D49FA783D4E3D4D00F51C50103014
:10CFE80008601A703B4A3B79147033703A4C7B796D
:10CFF8002B703A4ABB7923701278FB79082A17D02C
:10D0080037496BB30022307802EB4203C0B2C854F0
:10D0180028780B44C0B2587020780132C0B2082A70
:10D028009870F0D12F4B01221A7018E7A0466EE7CE
:10D038002D4B1B78022BF5D172B632782B782078DD
:10D04800D5B2DCB2C0B262B62549002202EB420377
:10D058000132CD540B44082A5C709870F6D1E1E790
:10D068001A4603EB430408190133082B0A5542708A
:10D078008270F6D1D6E740F2911304930022002380
:10D08800CDE906230822089201AB6A4404A909489D
:10D0980002948DF82440039405F07AFA0FE700BF54
:10D0A800A8040020A00400200E0500201005002080
:10D0B800EC040020C4040020000800485C020020A2
:10D0C800C8010020DD010020C4010020DB01002090
:10D0D800DA010020DE010020D90100202E05002001
:10D0E80044020020DC010020E801002010B5A44C17
:10D0F8002368B3F5FE6F8AB000F0E080B3F5FF6FE8
:10D1080028D0B3F5887F2FD0B3F5C87F36D0B3F5D4
:10D11800D07F72D040F2A112934276D0B3F5D17F7E
:10D128007DD040F2A312934200F08180B3F5D27F04
:10D1380000F0888040F2A512934200F08980B3F590
:10D14800D37F00F08F80A3F5D373012B40F29B802F
:10D158000AB010BD8B4805F091FA002840F088818C
:10D168002368B3F5887FCFD1864805F087FA002871
:10D1780040F054812368B3F5C87FC8D1814805F0D1
:10D188007DFA002835D0804B8049DA8809785879AB
:10D198008DF80810197E8DF809008DF80A1002B96B
:10D1A8001A89987A8DF80C20110A8DF80B1000B99D
:10D1B800187BDA7A597B93F80EC08DF80D000A4374
:10D1C8004FF000010CBF0B46012308208DF80E30EC
:10D1D80040F29113CDE9061104930DEB000208907B
:10D1E8008DF8241067488DF80FC001AB04A905F02D
:10D1F800CFF92368B3F5D07F8CD123692BB1644B69
:10D208001B78062B01D8634A13705E4805F036FA7E
:10D21800002840F0D5802368B3F5D17F81D12369F8
:10D228002BB15B4B1B78192B01D85B4A13705548FF
:10D2380005F024FA002840F0D8802368B3F5D27F9F
:10D248007FF478AF23691BB1514A544B12781A7096
:10D258004C4805F013FA002879D12368B3F5D37F39
:10D268007FF471AF236973B1494B1B78022B0AD83D
:10D278004B49484A0B701378032B00F00E81137842
:10D28800042B00F00A813F4805F0F8F900283FF424
:10D298005FAF434B40F2A71218788DF804000121C4
:10D2A80000240492089102AB01AA04A935488DF81C
:10D2B8002440CDE9064405F06BF949E72269042AC0
:10D2C8007FF438AF324A1178B0297FF42AAF517809
:10D2D80007297FF41FAF91781D297FF41BAFD278FF
:10D2E8005A2A7FF417AF2F4A2F4B12681B682F4812
:10D2F8000024546340215C63012205F007FE2B489B
:10D3080022464FF4007105F001FE224602214FF03B
:10D31800904005F0FBFD264B1B78092B00F0C480DC
:10D328000023244A049302E0049B01330493049BE2
:10D338009342F9D9BFF34F8F1F49204BCA6802F4B3
:10D34800E0621343CB60BFF34F8F00BFFDE7134B81
:10D35800032200211B788DF8042040F2A510022238
:10D36800CDE906118DF80530049008928DF8241047
:10D3780002AB01AA04A9034805F00AF96DE700BF4A
:10D38800A8040020C4040020100500200E05002079
:10D39800A00400200D0500200C0500200B0500202E
:10D3A8000A05002008040020BC03002000040048EF
:10D3B8002E050020FFE1040000ED00E00400FA055E
:10D3C8003C4B00211A788DF8042040F2A11301206B
:10D3D800CDE90611049308908DF8241002AB01AA38
:10D3E80004A9354805F0D4F815E7344A344B1278C7
:10D3F8001B788DF80420002140F2A3100222CDE909
:10D4080006118DF80530049008928DF8241002ABAF
:10D4180001AA04A9284805F0BBF80EE729482A49BB
:10D428002A4A00782A4B097812781B788DF804006C
:10D43800003918BF0121003A18BF0122003B18BF6C
:10D4480001238DF8051040F2111000218DF80620F7
:10D458000422CDE906118DF80730049008928DF862
:10D46800241002AB6A4404A9134805F091F881E638
:10D47800184A194B0021CDE9022340F2F97008221D
:10D48800CDE90611049008928DF8241001AB6A4486
:10D4980004A9094805F07CF862E610490122142025
:10D4A80001F0ACF823684EE60D482246402105F00D
:10D4B8002DFD35E70D050020C40400205C00002088
:10D4C8000C0500202E0500201E0200201D02002051
:10D4D80054000020000303CC010001010A050020CC
:10D4E80000040048114B1A68B2F5F07F00D070476D
:10D4F8001B69022BFBD90E4B1B78002BF7D110B5FB
:10D508000C4C0D4A23885BBA138004F083F9A37886
:10D518000A4A0B4C40F67F4101FB03F3A2FB0323AD
:10D52800084922680860DB09536310BDA80400207D
:10D5380054000020A0040020380200208180808050
:10D5480008040020F0010020194B1A68B2F5B07FDA
:10D5580000D070471B69012BFBD970B5154B1B78A0
:10D5680003F0FF0403B170BD134D144E2B783370D4
:10D5780004F050F96A78124B012A18600DD0114B4B
:10D5880011481B68A2F10102B2FA82F25C635209E7
:10D59800BDE87040402105F0B9BC34780B4B40F62B
:10D5A8007F4101FB04F4A3FB0434E409E7E700BF6F
:10D5B800A804002054000020A00400201C02002021
:10D5C80018020020080400200004004881808080A0
:10D5D800F8B51E4B1A68B2F5907F00D0F8BD1B69EC
:10D5E800042BFBD91A4B1B7803F0FF05002BF5D150
:10D5F80072B6184E18483478184F202105F080FC70
:10D60800A4F10104B4FA84F46409A0422246124841
:10D6180018BF3D60202105F079FCD6F8013013B918
:10D628003B6062B6F8BD0E4A0E4D0B4800241BBA8B
:10D638001360082122463B602C7005F067FC064801
:10D648002246402105F062FCEBE700BFA804002059
:10D6580054000020A00400200004004840020020DC
:10D66800580000203C0200200F4B1A68B2F50C7FCE
:10D6780007D040F231218A4202D11A69032A0BD01D
:10D6880070471A69032AFBD1084B1B78002BF7D186
:10D698000749302000F0B2BF044B1B78002BEFD1B4
:10D6A8000349312000F0AABFA8040020540000203C
:10D6B800A0040020404AF8B51368B3F5B87F22D01B
:10D6C80040F273118B4203D11369002B4DD1F8BD81
:10D6D800B3F5BC7FFBD11369002BF8D0374A384B20
:10D6E80012781A701B78374A374903EB8300C3EB6B
:10D6F80040230968A2FB0323DB094B6304F08AF883
:10D70800324B1860F8BD1369052BE0D92B4C304A11
:10D7180023885BBA138004F07DF82E4A2E4B1060E4
:10D728001B7803F0FF06002BD1D172B6A5782B48E1
:10D738002B4F202105F0E4FBA5F10105B5FA85F58D
:10D748006D09A8422A464FF02001244818BF3E60C0
:10D7580005F0DCFB2379E17862791B0243EA014397
:10D76800134317D13B6062B6F8BD144A1D4B1278BB
:10D778001A701B78134A1C4903EB8300C3EB402340
:10D788000968A2FB0323DB094B6304F043F8174B3A
:10D798001860F8BD164A174D1360002422460F483A
:10D7A8003B6008212C7005F0B1FB0C482246402153
:10D7B80005F0ACFBD7E700BFA8040020A0040020B8
:10D7C8000002002081808080BC030020F40100203A
:10D7D80038020020EC01002054000020000400481A
:10D7E8004002002028020020080400200402002033
:10D7F800580000203C02002030B57A4B1C68B4F574
:10D80800047F8BB034D040F21122944204D11A69BB
:10D81800082A3ED00BB030BD40F2122294421AD1F1
:10D828001B69082BF6D1704C2378032BF2D86F4D67
:10D838006F4905EBC302013308684968DBB2042B62
:10D8480003C22370E6D120222946022000F0D6FE2A
:10D8580000232370DEE740F21322944212D0B4F57D
:10D86800057F19D11A69082AD4D16149042004E036
:10D878001A69042ACED15E4902200BB0BDE83040B7
:10D8880000F0BCBE1A69002AC4D05949D2B203209C
:10D89800F3E757490120F0E76FF40572A2180B2A45
:10D8A80007D8DFE802F08E6E38060606060606067A
:10D8B800062F40F221229442ACD11B69022BA9D138
:10D8C8004B4B5D781878082D28BF08252A4601A9F2
:10D8D80000F0C0FE00289DD0464804F0CFFE002886
:10D8E80098D000200021CDE906014FF0000C01AAD4
:10D8F8006B4604A93F48049408958DF824C004F0A9
:10D9080047FE87E71A69012A84D93B49013A11F889
:10D91800010CD2B2B1E70A2201A9062000F09AFE52
:10D9280000283FF477AF334804F0A8FE80B140F2F6
:10D938001720082100240025049008912D488DF80F
:10D94800244001AA6B4604A9CDE9064504F020FE4F
:10D95800284804F093FE00283FF45CAF4FF40672A9
:10D96800002000210223CDE9060100240492089337
:10D9780003AA6B4604A91F488DF8244004F008FE4A
:10D9880048E701226946052000F064FE00283FF4BC
:10D9980041AF184804F072FE00283FF43BAF40F254
:10D9A8001620012100240025049008916A4601AB45
:10D9B80004A910488DF82440CDE9064504F0E8FD97
:10D9C80028E701226946002000F044FE00283FF4C1
:10D9D80021AF084804F052FE00283FF41BAF40F284
:10D9E8001520DEE7A80400202F05002030050020C0
:10D9F800A0040020C4040020A104002008B5094B9D
:10DA08001A68B2F5987F00D008BD1B69012BFBD9B5
:10DA1800054B064A1B885BBA138003F0FBFE044BD8
:10DA2800186008BDA8040020A004002038020020C7
:10DA3800F00100202DE9F04D114D88B00C46064646
:10DA480001F120084FF0000A4FF0000B0827284684
:10DA580004F014FE4FF0000C01AB224602A958B1A5
:10DA680028460834CDE904AB029606978DF81CC009
:10DA780004F08EFD4445EAD108B0BDE8F08D00BF42
:10DA8800C4040020644A1368B3F5147F4ED000B56F
:10DA980040F251218B428BB01BD040F252218B4275
:10DAA80062D1136993B15D4B5D491A780878062AEB
:10DAB80000F08E801B78062B00F09880014620230A
:10DAC80002AA122000F002FE00287BD10BB05DF8FC
:10DAD80004FB524B1A780021062A8DF8031035D022
:10DAE8001B78062B3BD001220DF10301112000F019
:10DAF800B1FDC0B20028E9D04A4804F0BFFD0028B3
:10DB0800E4D040F25122002000210123CDE9040194
:10DB18004FF0000C029206930DF1030201AB02A92B
:10DB280040488DF81CC004F033FDCFE73E4B1B780E
:10DB38005BB93A4B1A78062A33D01B78062B36D0B5
:10DB480037490022102000F059BD7047374A127833
:10DB5800022AC5D101F080FF8DF80300CCE701F05F
:10DB680071FE8DF80300C7E7B3F5157FAED11369D1
:10DB7800002BABD0294B2A491A780878062A3ED0C0
:10DB88001B78062B15D00146202302AA132000F08B
:10DB98009DFD00289AD002A940F25520FFF74AFFC0
:10DBA80094E7224A1278022AC7D101F041BF01F056
:10DBB8001BBE02A901F06CFE02A940F25520FFF736
:10DBC80039FF83E702A940F25320FFF733FF7DE7CF
:10DBD800164A1278022A7FF46DAF02A901F060FF9D
:10DBE80002A940F25320FFF725FF6FE702A901F0D1
:10DBF8002FFE02A940F25320FFF71CFF66E70B4AED
:10DC08001278022ABCD102A901F06AFF02A940F2E7
:10DC18005520FFF70FFF59E7A80400200D05002045
:10DC2800A0040020C4040020540000200A0500209D
:10DC38000D4B1A68B2F5E87F00D070471B69002BBE
:10DC4800FBD00A4B1B78002BF7D1094B094A1B78EC
:10DC5800094940F67F4000FB03F30968A2FB032350
:10DC6800DB094B63E9E700BFA8040020540000204B
:10DC7800A0040020818080800804002070B52A4C10
:10DC880023788BB9294B1A68B2F5E07F0DD0B2F52D
:10DC9800007F09D11B69022B06D9254B1B781BB9BC
:10DCA800244B1B78182B28D070BD1B69022BFBD97D
:10DCB8001F4B1B78002BF7D11E4B1B780E2BF3D173
:10DCC8001D4D2B78012BEFD11C48082105F018F9C0
:10DCD80001280646E8D1B5F80130194A5BBA138025
:10DCE80003F098FD174B1860267032460221BDE8F4
:10DCF80070404FF0904005F009B90F4B1D78012D89
:10DD0800D2D1B3F801300E4A5BBA138003F082FD1A
:10DD18000C4B186025702A460221BDE870404FF070
:10DD2800904005F0F3B800BF14020020A8040020BA
:10DD3800540000202E050020A00400200004004804
:10DD48000C0200201002002010B50B4C237803B9F8
:10DD580010BD03F05FFD094A094B12681B88801A41
:10DD68009BB29842F4D3002202214FF0904005F074
:10DD7800CDF80023237010BD1402002010020020EB
:10DD88000C02002008B5104B1A78042A03D01B781F
:10DD9800112B00D008BD0D4803F078FF0B48022175
:10DDA80004F028F848B1094804F000F808480821A8
:10DDB80005F0A6F8074B187008BD044804F0B2F83F
:10DDC800054B80B21880EEE72E0500207002002077
:10DDD80000040048350200203602002008B50E4B2A
:10DDE8001A784AB11A78052A06D01A78092A03D06F
:10DDF8001B78082B00D008BD0848082105F080F8DA
:10DE0800074BB0FA80F01A784009824208BF054AE9
:10DE1800187008BF107008BD2E05002000040048C7
:10DE280060000020D0010020564B1A7812B11B78F0
:10DE3800132B49D12DE9F043002283B002214FF082
:10DE4800904005F063F800230193019BB3F5207F10
:10DE580006D2019B01330193019BB3F5207FF8D3D0
:10DE6800494803F013FF4848022103F0C3FF002884
:10DE780054D0464E01233370454D434803F096FF76
:10DE88002B889BB2B3F5DF7F1FD2337803F0FF04F2
:10DE980023BB404F97F80080B8F1000F20D03E4BCD
:10DEA8003E491C600A882B889BB292B2023B9A4278
:10DEB8004FDA01243C70224602214FF0904003B013
:10DEC800BDE8F04305F022B87047012300222A80FC
:10DED8003370337803F0FF04002BDAD00022EBE72D
:10DEE800DFF8B490D9F80030002B3CD003F092FC56
:10DEF800D9F800302949C01A40F6B8339842D1D928
:10DF0800274B0A881B8892B205339A42CADD01233F
:10DF1800424602214FF090403370D0E71A4804F08F
:10DF280001F840F6E973A0F110029A42A1D84FF423
:10DF3800E17202FB00F01B4B1849144E00F2FF700F
:10DF4800A3FB0023C01A03EB5003C3F3CF230B80BA
:10DF580092E70A882B889BB292B202339A420BDD71
:10DF680000233B70A7E703F055FC0C490C4B0A88CB
:10DF7800C9F800001A8095E73C78003C18BF0124D6
:10DF880099E700BF2E050020700200201E02002025
:10DF980038020020600500205C0500203A020020BD
:10DFA8005A050020010110002DE9F843604B1B7849
:10DFB8000A2B01D0BDE8F8835E4803F067FE5D4890
:10DFC800022103F017FF044600284AD05A4E0123C5
:10DFD80033705A4D574803F0E9FE2B889BB2B3F5CE
:10DFE800967F29D8337803F0FF04002B5FD1544F74
:10DFF80097F80090B9F1000F23D1DFF85081D8F8D5
:10E008000030002B5BD103F005FC4E494E4B0A88CB
:10E01800C8F800001A800A882B889BB292B2023B8B
:10E028009A4212DA01243C7022460221BDE8F843E4
:10E038004FF0904004F06ABF002201232A80337019
:10E04800D0E7424B3F491C60E5E70A882B889BB222
:10E0580092B202339A424DDC3C78003C18BF01244E
:10E06800E2E7344803F05EFF40F6E973A0F11002DE
:10E078009A42ABD883B2742B3FD940F6C67293420A
:10E088003ED8334A05B22346171D32F92310A94258
:10E0980002EB830603DC37F92340AC4232DA013362
:10E0A800202BF2D100232749234E0B8091E7BDE8AE
:10E0B800F843002202214FF0904004F027BF03F0FC
:10E0C800A9FBD8F800301F49C01A40F6B833984267
:10E0D800A1D91D4B0A881B8892B205339A429ADD52
:10E0E800012333704A460221BDE8F8434FF09040BF
:10E0F80004F00CBF00233B7096E74FF4A073D2E7FF
:10E108002346D0E7B6F90250B6F90630641A5B1B0D
:10E11800401A03FB00F004EBD4735B100028B8BF6F
:10E128005B42034493FBF4F32B449BB2BBE700BF71
:10E138002E050020700200201E0200203802002058
:10E14800580500203A020020500500205405002000
:10E158003053010870B52B4E2B482B4D002384B04B
:10E1680001224FF40061337004F0D0FE26480122EA
:10E178004FF4806104F0CAFE4FF4FA6401E0002C09
:10E188003DD04FF48061284604F0BAFE013C0128D6
:10E19800A4B2F4D100230393039BB3F5A07F06D266
:10E1A800039B01330393039BB3F5A07FF8D3164871
:10E1B80000224FF4006104F0A9FE00230293029BA1
:10E1C800B3F5A07F06D2029B01330293029BB3F5FD
:10E1D800A07FF8D30C4800224FF4806104F096FE2B
:10E1E80000230193019BB3F5A07F06D2019B013365
:10E1F8000193019BB3F5A07FF8D304B070BD012350
:10E208003370C7E7610500200004004830B527488F
:10E2180085B000224FF4006104F078FE00230393D8
:10E22800039BB3F5A07F06D2039B01330393039BA3
:10E23800B3F5A07FF8D31D481C4D01224FF480612F
:10E2480004F064FE4FF4FA6400E054B34FF48061C4
:10E25800284604F055FE013C0128A4B2F5D100235C
:10E268000293029BB3F5A07F06D2029B013302936F
:10E27800029BB3F5A07FF8D30C4801224FF400614C
:10E2880004F044FE00230193019BB3F5A07F06D25E
:10E29800019B01330193019BB3F5A07FF8D305B02F
:10E2A80030BD034B01221A70D9E700BF00040048B3
:10E2B800610500202DE9F041554D86B080460726BE
:10E2C800002748FA06F202F001024FF400612846DE
:10E2D80004F01CFE0297029BB3F5A07F06D2029BB6
:10E2E80001330293029BB3F5A07FF8D301224FF4C8
:10E2F8008061284604F00AFE4FF4FA6401E0002C1D
:10E308007ED04FF48061284604F0FAFD013C0128D4
:10E31800A4B2F4D10197019BB3F5A07F06D2019B6B
:10E3280001330193019BB3F5A07FF8D300224FF48A
:10E338008061284604F0EAFD0097009BB3F5A07FB2
:10E3480006D2009B01330093009BB3F5A07FF8D35E
:10E35800013EB6D22E4801224FF4006104F0D6FDEA
:10E3680000230593059BB3F5A07F06D2059B0133D7
:10E378000593059BB3F5A07FF8D32548244D0122CA
:10E388004FF4806104F0C2FD4FF4FA6401E0002C00
:10E398003AD04FF48061284604F0B2FD013C0128D0
:10E3A800A4B2F4D100230493049BB3F5A07F06D252
:10E3B800049B01330493049BB3F5A07FF8D34FF477
:10E3C8000061134804F09CFD0446013C10484FF0DE
:10E3D80000024FF4806118BF012404F097FD002368
:10E3E8000393039BB3F5A07F06D2039B01330393EA
:10E3F800039BB3F5A07FF8D3204606B0BDE8F081B3
:10E40800044B01221A7085E7024B01221A70C9E7F2
:10E4180000040048610500202DE9F043012287B07F
:10E4280081464FF400615348524D04F06FFD0027B8
:10E438000826B846CDF80880029BB3F5A07F06D21F
:10E44800029B01330293029BB3F5A07FF8D301220C
:10E458004FF48061284604F059FD4FF4FA6401E056
:10E46800002C7FD04FF48061284604F049FD013C20
:10E478000128A4B2F4D1CDF80480019BB3F5A07FA4
:10E4880006D2019B01330193019BB3F5A07FF8D31A
:10E498004FF40061284604F033FDA0F10103B3FAFC
:10E4A80083F35B0943EA470300224FF4806128465F
:10E4B800013EDFB204F02AFD16F0FF06BAD1B9FA20
:10E4C80089F22C4852094FF4006104F01FFD0596AB
:10E4D800059BB3F5A07F06D2059B01330593059BE9
:10E4E800B3F5A07FF8D32348224D01224FF4806171
:10E4F80004F00CFD4FF4FA6401E0002C36D04FF420
:10E508008061284604F0FCFC013C0128A4B2F4D147
:10E5180000230493049BB3F5A07F06D2049B013328
:10E528000493049BB3F5A07FF8D3124800224FF45C
:10E53800806104F0EBFC0F4801224FF4006104F005
:10E54800E5FC00230393039BB3F5A07F06D2039B4E
:10E5580001330393039BB3F5A07FF8D3384607B084
:10E56800BDE8F083044B01221A7084E7024B0122B4
:10E578001A70CDE700040048610500201C4B30B537
:10E588005A691C4D42F480225A615B6989B003F4D0
:10E5980080234FF440601121CDE90201002401934A
:10E5A8001448019A0494032302A9CDE9053404F020
:10E5B800AFFB104801224FF4806104F0A7FC4FF430
:10E5C800FA6400E084B14FF48061284604F098FCB6
:10E5D800013C0128A4B2F5D1064801224FF400619C
:10E5E80004F094FC09B030BD034B01221A70F3E724
:10E5F80000100240000400486105002070B506467E
:10E608000C461546FFF7A6FD8420FFF753FE18B900
:10E61800FFF7FCFD002070BD3046FFF74BFE0646B5
:10E628005DB1254410B9F3E70028F1D014F8010BC7
:10E63800FFF740FEAC420646F6D1FFF7E7FD002E95
:10E64800E8D0034B1878B0FA80F0400970BD00BFDD
:10E6580061050020F0B583B004460E461546FFF765
:10E6680079FD8420FFF726FE18B12046FFF722FE29
:10E6780020B9FFF7CBFD002003B0F0BDFFF76AFD1E
:10E688008520FFF717FEC8B17DB1741E6F1EC6F155
:10E69800010625443019B842ACBF00200120FFF71D
:10E6A800BBFE04F8010FAC42F4D1FFF7AFFD064BF7
:10E6B8001878B0FA80F0400903B0F0BD0190FFF778
:10E6C800A5FD019803B0F0BD61050020F0B583B049
:10E6D80004460F4616461D46FFF73CFD8420FFF70B
:10E6E800E9FD20B9FFF792FD002003B0F0BD2046F8
:10E6F800FFF7E0FD0028F5D03846FFF7DBFD0028DE
:10E70800F0D0FFF727FD8520FFF7D4FDC8B17DB114
:10E71800741E6F1EC6F1010625443019B842ACBFFD
:10E7280000200120FFF778FE04F8010FAC42F4D175
:10E73800FFF76CFD064B1878B0FA80F0400903B07B
:10E74800F0BD0190FFF762FD019803B0F0BD00BF76
:10E75800610500202DE9F04100241F4E82B080465B
:10E768000725274648FA05F212F0010218BF0122D0
:10E778004FF40041304604F0C9FB00220421304622
:10E7880004F0C4FB0097009B132B05D8009B0133B2
:10E798000093009B132BF9D901220421304604F081
:10E7A800B5FB4FF48071304604F0AAFB64000128E1
:10E7B800E4B201D144F001040197019B132B05D861
:10E7C800019B01330193019B132BF9D9013DC9D258
:10E7D800204602B0BDE8F08100040048F0B51E4DA7
:10E7E80087B00024012204214FF09040CDE9004475
:10E7F800CDE90244049404F089FB0122284604214F
:10E8080004F084FB01270323042669464FF0904057
:10E8180003930096CDE9017404F07AFA6946284614
:10E82800009604F075FA4FF40046694628460096AB
:10E8380004F06EFA4FF48072002369462846CDE949
:10E848000023029704F064FA04480096694602948B
:10E8580004F05EFA07B0F0BD000400480008004864
:10E868005AB32DE9F043DFF8588085B081460E464B
:10E878001546322706E02D1BA144ADB21FFA89F9CF
:10E888002644B5B109F01F04C4F12004A4B2AC4277
:10E8980028BF2C46CDE90147009602234A46A0210D
:10E8A800404604F0C7FD0028E5D0002005B0BDE8CB
:10E8B800F083012005B0BDE8F0830120704700BF58
:10E8C800C002002000B585B084463223CDE901237B
:10E8D800009102236246A021044804F0ABFEB0FA7E
:10E8E80080F0400905B05DF804FB00BFC0020020BD
:10E8F8002DE9F047DFF85C81514FDFF85C9188B073
:10E908000A254FF0FF0A00260121404604F0F8FAD4
:10E918000221B0FA80F44046640904F0F1FA08B91B
:10E9280044F002041021384604F0EAFA08B944F029
:10E9380004048021384604F0E3FA08B944F00804D6
:10E948004FF40051484604F0DBFA08B944F01004CB
:10E9580054450CD10136F6B2032E0AD0022002F03B
:10E968005FFF6B1E13F0FF0503D0A246CCE701261C
:10E97800F4E7344B182C1C7004D8334B1C7008B0C7
:10E98800BDE8F0871F2C1DD02F49304B2C48192487
:10E998000C70012240211A7004F0B8FA28480022AD
:10E9A8004FF4007104F0B2FA25480022402104F027
:10E9B800ADFA002202214FF0904008B0BDE8F047C0
:10E9C80004F0A4BA1E2269460020FFF77BFF18B1A5
:10E9D8001F4B009A9A421DD01B491C4B18481924FA
:10E9E8000C70012240211A7004F090FA1448002299
:10E9F8004FF4007104F08AFA11480022402104F013
:10EA080085FA002202214FF0904004F07FFA08B006
:10EA1800BDE8F0879DF80430062BDDD1684601F08B
:10EA2800B5FA9DF81D308342D6D19DF81A20013AD7
:10EA3800D2B2182AD0D8044B1A7008B0BDE8F087B3
:10EA4800000400485C0000202E0500201E02002063
:10EA58004354525500140048000800480E4A0F4815
:10EA6800D16930B441F48001D161D2690C4C0D49AF
:10EA780082B002F480020192019D00230122C0E9C4
:10EA88000041C0E90232C0E90433C0E90633036239
:10EA980002B030BC04F080BB00100240C00200206D
:10EAA800005800402A231000144B15495A6930B504
:10EAB80042F001025A615B69124C83B003F0010312
:10EAC800019300258023019810222046C4E90253AF
:10EAD800C4E90012C4E90455C4E9065504F04CF829
:10EAE8002A4603210D2003F0E3FF0D2004F01CF853
:10EAF800054B63625C6503B030BD00BF0010024087
:10EB0800300002401403002058030020134A144820
:10EB1800916930B441F4805191619269114982B090
:10EB280002F4805201924FF48272C0E90012019DF2
:10EB38004FF4007200234FF4E06420218261072221
:10EB4800C0E90234C0E90433C0E90713C0E9093356
:10EB5800C26202B030BC05F001BD00BF0010024027
:10EB680058030020003001402F4BF0B5DA692F4CD4
:10EB780042F00072DA61DB6991B003F00073009330
:10EB880002274FF4C0510126CDE90117009801A9C9
:10EB9800032209234FF09040CDE90362059304F066
:10EBA800B7F8234A04230025C4E900234FF08073F3
:10EBB8004FF44022C4E902534FF48013C4E90423FC
:10EBC8004FF00123A36120464FF48073A38303F021
:10EBD800B9FB06A92046CDE90B55CDE90655CDE987
:10EBE80008550D960A950E9603F02CFC204603F066
:10EBF800A1FC3946204603F0D9FD4FF404412046D4
:10EC080003F0D4FD2A463146142003F051FF1420A6
:10EC180003F08AFF2A463146162003F049FF1620E2
:10EC280003F082FF11B0F0BD00100240C4040020C0
:10EC38000064004030B5A1B000242022002107A8BC
:10EC4800FDF714F921463C2210A8CDE90144CDE98D
:10EC580003440594FDF70AF901221023CDE90A239C
:10EC680002254FF4601306A80F9306950D9504F03E
:10EC7800BDFE0F23019329464FF4806301A8CDE917
:10EC880003430295059405F09BF9602310A8CDE98C
:10EC98001744109305F042FA21B030BD70B5002535
:10ECA8008CB0CDE90655CDE90855324C0A95A369D3
:10ECB80043F00103A361A36903F001030093009BE0
:10ECC800636943F400336361636903F400330193B8
:10ECD800019B636943F480236361636903F48023C0
:10ECE8000293029B636943F480036361636903F4DD
:10ECF80080032A4603934FF400414FF09040039B52
:10ED0800012604F003F94FF4004306A94FF09040A0
:10ED1800CDE90636CDE9085503F0FAFF03220023B2
:10ED280006A915480896CDE9062303F0F1FF06A9C0
:10ED380012489023069303F0EBFFE36943F08053F6
:10ED4800E361E36903F080530493049B04F046FEF7
:10ED580063690B4843F400236361636903F4002388
:10ED68004FF40052059306A9059B069203F0D0FFC5
:10ED78000CB070BD001002400014004800040048A8
:10ED88000008004870B5002486B0774D7748049491
:10ED980022462021CDE90044CDE9024404F0B6F82A
:10EDA8002B78092B00F0B3802B78052B00F0D58049
:10EDB8002B78192B00F09F806C480122402104F029
:10EDC800A5F84FF418710123CDE90013002203239D
:10EDD80066486946CDE9022303F09AFF2B78012B98
:10EDE80014D02B78022B11D02B78032B0ED02B7834
:10EDF800062B0BD02B78072B08D02B780A2B05D0A5
:10EE08002B780C2B02D02B78102B10D157480022CE
:10EE1800082104F07BF808210123CDE90013002222
:10EE2800032352486946CDE9022303F071FF2B788A
:10EE3800152B72D000224D48022104F067F80225F4
:10EE480069464A48009503F063FF002229464FF0BF
:10EE5800904004F05BF869464FF09040009503F04D
:10EE680057FF80230024CDE9003503260523694692
:10EE78004FF090400493CDE9024603F049FF4FF468
:10EE880080730093694606234FF09040CDE90363F1
:10EE9800CDE9015403F03CFF0125224610214FF033
:10EEA8009040CDE90154CDE9034404F02FF8102334
:10EEB80069464FF09040009303F02AFF4FF4041383
:10EEC800694608224FF09040CDE90023029503F0EF
:10EED8001FFF22462146092003F0EAFD092003F01E
:10EEE80023FE22463146172003F0E2FD172003F0E7
:10EEF8001BFE06B070BD22461C48402104F006F8EF
:10EF08001A4822464FF4007104F000F859E71748F0
:10EF18002246402103F0FAFF53E7144801224FF438
:10EF2800804103F0F3FF114800224FF4805103F0B1
:10EF3800EDFF0E4800224FF4005103F0E7FF4FF4B5
:10EF4800E0400121CDE9000100220323074869467A
:10EF5800CDE9022303F0DCFE6CE7044822464FF4B7
:10EF6800007103F0D3FF2CE72E05002000040048B1
:10EF7800134B1449DA6930B542F00202DA61DB69F1
:10EF8800114C83B003F00203019300254FF47A7308
:10EF9800019825613F222046C4E90012C4E90253C2
:10EFA80005F070FF2A4602211D2003F081FD1D2077
:10EFB80003F0BAFD204603B0BDE8304005F07ABD45
:10EFC80000100240000400405404002030B5002422
:10EFD8008BB0CDE90244CDE90444CDE90644184B91
:10EFE80008949A69174D42F400629A619B696C61B2
:10EFF80003F40063014601932846134B019A2B60E2
:10F00800C5E90314C5E9014405F06EFF60230293C6
:10F0180000220023CDE9062302A922462846CDE98D
:10F0280003440594089405F0D3FF2146284605F0CB
:10F038000FFE2A68536C43F4004353640BB030BD91
:10F048000010024008040020002C014030B50024C4
:10F058008BB0CDE90244CDE90444CDE90644144B14
:10F068000894DA69134D42F00102DA61DB696C60D9
:10F0780003F0010301934FF0804240F6FF13284646
:10F08800C5E9024301992A602C6105F02DFF002390
:10F098006022CDE9022302A9224628460494069458
:10F0A80005F096FF2146284605F0D2FD0BB030BD8D
:10F0B80000100240BC030020F0B5002489B0CDE95F
:10F0C8000244CDE90444CDE906441A4B1A4D5A6965
:10F0D80042F080525A615B692C8303F0805301939C
:10F0E8004FF0A0432B604FF40033012607466B60B6
:10F0F80028460423019AEE61C5E90443C5E90244A0
:10F1080085F82040AE6285F830406C6302F078FCE8
:10F11800052302A92846CDE90363CDE905440297F2
:10F12800079402F04DFF2146284602F0FFFE09B081
:10F13800F0BD00BF0010024070020020014B012208
:10F148001A7070471D020020014803F057BB00BF2A
:10F15800C4040020044B4FF090416FF0A0504FF0D2
:10F16800FF3208601A60FEE7000400480000000053
:10F1780030B5082889B014D0402801D009B030BD76
:10F188003B4B1B780A2BF9D102F044FB394A136830
:10F19800C31A012BF2D9384910600B6801330B6090
:10F1A800ECE7334B1A780B2A12D01A78052A33D099
:10F1B8001B780A2BE2D102F02DFB304A1368C31AE0
:10F1C800012BDBD92E4910600B6801330B60D5E7A2
:10F1D80002F020FB2B4A1368C31A012BCED99FEDEE
:10F1E800227B952301241060029327488DF8004064
:10F1F80000238DED047B06948DF81C3003F03EFA55
:10F20800B8B101AB6A46204802A903F0C1F91F4A08
:10F21800136801331360B1E702F0FCFA1C4A136863
:10F22800C31A012BAAD91B4910600B6801330B6064
:10F23800A4E721461448144D03F0FCF902211248B2
:10F2480003F0F8F91048042103F0F4F94FF47A7444
:10F2580003E0013CA4B2002CD3D0284603F00EFAF8
:10F268000028F6D0CDE700BF000000000000000035
:10F278002E05002064050020FC0100206805002000
:10F288002402002070050020C4040020D4010020BE
:10F298006C05002030020020082003F047BE00BFA4
:10F2A800402003F043BE00BF02F0A8BA014805F0B1
:10F2B800D9BC00BF54040020374B02689A4200D0E2
:10F2C80070472DE9F041354C354B2278217822786A
:10F2D80022781B78152914BF08214FF48051152A6C
:10F2E80014BF40274FF4804703F0FF0683B92D4D24
:10F2F8002B685BB1DFF8B8802B4898F800300BBB5F
:10F30800012203F003FE012388F80030BDE8F081F4
:10F31800244B25480025012239461D6003F0F6FDDF
:10F32800224B1B6803B15D632378092B2DD023780A
:10F33800052BEBD1BDE8F0411B4800224FF40071CA
:10F3480003F0E4BD324603F0E1FD88F8006072B6D0
:10F358002B68013B2B6062B62B68002BD6D12B683B
:10F36800002BD3D12378072BD0D02378062BCDD0F0
:10F3780023780A2BCAD02378102BC7D039460A48DD
:10F38800BDE8F041012203F0C1BD07480022402139
:10F3980003F0BCFDCBE700BF000400402E050020B1
:10F3A8001E0200204002002000040048080400203B
:10F3B8003C0200202DE9F843244C254B2578617840
:10F3C800A2781B78EDB2CEB2D7B273B1FF23214A2F
:10F3D800237000236370A37013702378AB4226D088
:10F3E8001D4B01221A70BDE8F883DFF8689099F880
:10F3F800003033B102F00EFA184B1B68C01A00280F
:10F40800EBDB4FF0000889F8008002F003FA144B98
:10F418001B68C01A40F2DB5398420FD8FF2384F8C8
:10F42800008084F80180A3702378AB42D8D1637838
:10F43800B342D5D1A378BB42D2D1D4E7FF2384F815
:10F448000080637084F80280C7E700BF5C02002078
:10F458001E020020C8010020DC010020C401002099
:10F46800CC01002038B51A4805F002FA012802D06C
:10F478000024204638BD174A174B184D04465078CB
:10F488001178927800EB400000EB030C185A2880A2
:10F4980001EB41019CF80200A870C81802EB420277
:10F4A800595AA5F8031081786971D018995AE980DA
:10F4B80083782B726422002105F10900FCF7D6FC41
:10F4C8006D222946024805F0E9F8204638BD00BFFC
:10F4D800580300205C020020F45401087405002041
:10F4E80070B582B072B6824D824A0024022304EBC2
:10F4F800440C05EB0C000721467815F80CE090F851
:10F5080002C0F6B25FFA8EFE5FFA8CFC46FA01F092
:10F51800C007936119D500BF00BF00BF00BF00BF7F
:10F5280000BF00BF00BF00BF00BF00BF00BF00BFDB
:10F5380000BF00BF00BF00BF00BF00BF00BF00BFCB
:10F5480000BF00BF00BF00BF00BF00BF00BF00BFBB
:10F5580000BF00BF00BF00BF00BF00BF00BF00BFAB
:10F5680000BF00BF00BF00BF00BF00BF00BF00BF9B
:10F5780000BF936200BF00BF00BF00BF00BF00BF55
:10F5880000BF00BF00BF00BF00BF00BF00BF00BF7B
:10F5980000BF00BF00BF00BF00BF00BF00BF00BF6B
:10F5A80000BF00BF00BF00BF00BF00BF00BF00BF5B
:10F5B80000BF00BF00BF00BF00BF00BF00BF00BF4B
:10F5C80000BF00BF00BF00BF00BF00BF00BF00BF3B
:10F5D80000BF00BF00BF00BF013997D207214EFA14
:10F5E80001F0C607936119D500BF00BF00BF00BF77
:10F5F80000BF00BF00BF00BF00BF00BF00BF00BF0B
:10F6080000BF00BF00BF00BF00BF00BF00BF00BFFA
:10F6180000BF00BF00BF00BF00BF00BF00BF00BFEA
:10F6280000BF00BF00BF00BF00BF00BF00BF00BFDA
:10F6380000BF00BF00BF00BF00BF00BF00BF00BFCA
:10F6480000BF00BF936200BF00BF00BF00BF00BF84
:10F6580000BF00BF00BF00BF00BF00BF00BF00BFAA
:10F6680000BF00BF00BF00BF00BF00BF00BF00BF9A
:10F6780000BF00BF00BF00BF00BF00BF00BF00BF8A
:10F6880000BF00BF00BF00BF00BF00BF00BF00BF7A
:10F6980000BF00BF00BF00BF00BF00BF00BF00BF6A
:10F6A80000BF00BF00BF00BF00BF013997D20721CC
:10F6B8004CFA01F0C00793611ED500BF00BF00BF20
:10F6C80000BF00BF00BF00BF00BF00BF00BF00BF3A
:10F6D80000BF00BF00BF00BF00BF00BF00BF00BF2A
:10F6E80000BF00BF00BF00BF00BF00BF00BF03E0F6
:10F6F800440200200004004800BF00BF00BF00BF54
:10F7080000BF00BF00BF00BF00BF00BF00BF00BFF9
:10F7180000BF00BF00BF00BF00BF00BF00BF00BFE9
:10F72800936200BF00BF00BF00BF00BF00BF00BFA3
:10F7380000BF00BF00BF00BF00BF00BF00BF00BFC9
:10F7480000BF00BF00BF00BF00BF00BF00BF00BFB9
:10F7580000BF00BF00BF00BF00BF00BF00BF00BFA9
:10F7680000BF00BF00BF00BF00BF00BF00BF00BF99
:10F7780000BF00BF00BF00BF00BF00BF00BF00BF89
:10F7880000BF00BF00BF013992D20134082C7FF4BA
:10F79800AEAE62B600230193019BB3F57A6F06D231
:10F7A800019B01330193019BB3F57A6FF8D302B043
:10F7B80070BD00BF014803F061BA00BF1403002008
:10F7C80008B500F08DF806493320F8F767FE00B158
:10F7D80008BDBDE8084003490148FAF7CDBA00BFA3
:10F7E8003C060020A011002010B5114C0123332045
:10F7F8002370F8F77FFE002817DB0E493320F8F74F
:10F80800EDFE002811DB0C490A48F9F783F8F2EEFF
:10F81800000A70EE600A094A9FED090A0649054880
:10F82800F9F7ECF80223237010BDFF23237010BDF5
:10F8380010180020BC0F0020A0110020BC0C0020D4
:10F848003333733F014B1878704700BF10180020FE
:10F8580003460B2B084614D80C4A6FF0010C0CEB2E
:10F86800431C9444002301313CF8022F120A00F88B
:10F878001320BCF8002001F813200133102BF3D11A
:10F88800704720220021FCF7F1BA00BFBC0F00200E
:10F8980002460B2A08461AD800B50F4B9FED0F7A7F
:10F8A80003EB821C01310022FCEC017A67EE877AB7
:10F8B800FDEEE77A17EE903AC3F3072E00F812E050
:10F8C80001F812300132102AEED15DF804FB202233
:10F8D8000021FCF7CBBA00BFBC0C00200000C842D6
:10F8E800704700BF10B5FEF735FC0020FEF7E2FCBC
:10F8F80050B10620FEF7DEFC0446FEF787FCB4FA9A
:10F9080084F04009404210BDFEF780FC4FF0FF3004
:10F9180010BD00BF2DE9F041044664000D461746AE
:10F928001E46FEF717FC04F0FE00FEF7C3FC28B9DC
:10F93800FEF76CFC4FF0FF30BDE8F081280AFEF7B7
:10F94800B9FC0028F4D0E8B2FEF7B4FC0028EFD0E8
:10F95800FEF700FC44F00100C0B2FEF7ABFC002843
:10F96800E6D0A7B107F1FF38023E00240120FEF7D8
:10F9780053FD0546B4EB080018BF0120FEF74CFD07
:10F98800013440EA0520A74226F8020FEED1FEF71F
:10F998003DFC0020BDE8F081F0B5054683B00E4679
:10F9A8001446FEF7D7FB680000F0FE00FEF782FC65
:10F9B80028B9FEF72BFC4FF0FF3003B0F0BD300A3A
:10F9C800FEF778FC0028F4D0F0B2FEF773FC0028AC
:10F9D800EFD0200AFEF76EFC0028EAD0E0B2FEF76E
:10F9E80069FC0746FEF712FC002FE4D00DF1060370
:10F9F800012231462846FFF78DFF0028DBD1BDF8EC
:10FA08000630A34218BF6FF0010003B0F0BD00BF7D
:10FA180008B54FF400616620FCF77CFB002805DB85
:10FA2800BDE8084000216620FCF7A4BB08BD00BF64
:10FA380010B5084C012366202370FCF7DDFB002875
:10FA480005DB6620FCF7F4FB002800DB10BDFF2374
:10FA5800237010BD4024002038B50D4D2C78012CA2
:10FA680001D0204638BD6620FCF7B4FB00280CDB2B
:10FA78000128F6D1074B084A08496620FCF7E6FB3F
:10FA8800002802DB02242C70EBE7FF242C70E8E747
:10FA98004024002014180020181E002018240020DC
:10FAA80003462F2B084614D80C4A6FF0010C0CEBB8
:10FAB800431C9444002301313CF8022F120A00F839
:10FAC8001320BCF8002001F813200133102BF3D1C8
:10FAD800704720220021FCF7C9B900BF181E00207A
:10FAE80003462F2B084617D800B50D4A6FF0010CB6
:10FAF8000CEB431C9444002301313CF9022F4FEADC
:10FB0800420EC2F3C71200F8132001F813E00133C4
:10FB1800102BF2D15DF804FB20220021FCF7A6B9D6
:10FB2800141800202DE9F041044664000D461746DC
:10FB38001E46FEF70FFB04F0FE00FEF7BBFB28B9DC
:10FB4800FEF764FB4FF0FF30BDE8F081280AFEF7AE
:10FB5800B1FB0028F4D0E8B2FEF7ACFB0028EFD0E8
:10FB6800FEF7F8FA44F00100C0B2FEF7A3FB002844
:10FB7800E6D0A7B107F1FF38023E00240120FEF7C6
:10FB88004BFC0546B4EB080018BF0120FEF744FC07
:10FB9800013440EA0520A74226F8020FEED1FEF70D
:10FBA80035FB0020BDE8F08170B5064615460C46C9
:10FBB800FEF7D0FA700000F0FE00FEF77BFB4DB1B7
:10FBC800254408B90EE068B114F8010BFEF772FB82
:10FBD800AC42F8D1B0FA80F040094442FEF716FB77
:10FBE800204670BD4FF0FF34FEF710FB204670BD75
:10FBF80001F016BE70B582B0322604460D460B469B
:10FC0800024600960948782103F03CFB58B10748A2
:10FC180003F01EFBFEF722FF0448009678212B46CE
:10FC2800224603F02FFB02B070BD00BFC0020020C7
:10FC3800094B1A7802B9704700B583B00346002211
:10FC4800022101A88DF804208DF80530FFF7D2FFB6
:10FC580003B05DF804FB00BF610000200D4B1B786A
:10FC680003B101B9704710B58029A2B028BF80211F
:10FC780040230A460C4601460DF105008DF8043074
:10FC8800FCF74CF9611C89B201A8FFF7B3FF22B059
:10FC980010BD00BF610000200E4B1B7803B97047F0
:10FCA80000B583B001F00F030A09503804214FF062
:10FCB800000C10328DF805000DEB01008DF804C022
:10FCC8008DF806308DF80720FFF794FF03B05DF834
:10FCD80004FB00BF610000200F4B10B55A6942F4C5
:10FCE80000325A615B6988B04FF4C060122103F496
:10FCF8000033CDE902010193012202A94FF090409F
:10FD080004240323CDE904230694019B03F000F89F
:10FD1800FEF7A4FE08B010BD0010024030B583B055
:10FD2800FFF7DAFF322001F07BFD05239548964C5A
:10FD38000222782103F082FD051E0CBF0123002357
:10FD4800237001D003B030BD4FF42E43022101A827
:10FD5800ADF80430FFF74EFF2378002BF2D04FF4B4
:10FD68005543022101A8ADF80430FFF743FF23787B
:10FD7800002BE7D04FF40043022101A8ADF804306E
:10FD8800FFF738FF2378002BDCD04FF428430221FB
:10FD980001A8ADF80430FFF72DFF2378002BD1D050
:10FDA8004FF47C53022101A8ADF80430FFF722FF7D
:10FDB8002378002BC6D04FF45343022101A8ADF895
:10FDC8000430FFF717FF2378002BBBD0022101A8CE
:10FDD800ADF80450FFF70EFF2378002BB2D04FF494
:10FDE8008043022101A8ADF80430FFF703FF237810
:10FDF800002BA7D04FF40D43022101A8ADF8043021
:10FE0800FFF7F8FE2378002B9CD04FF4A053022173
:10FE180001A8ADF80430FFF7EDFE2378002B91D050
:10FE28004FF40053022101A8ADF80430FFF7E2FEB9
:10FE38002378002B86D04FF40073022101A8ADF877
:10FE48000430FFF7D7FE2378002B3FF47BAF4FF445
:10FE58002143022101A8ADF80430FFF7CBFE237837
:10FE6800002B3FF46FAF4FF44843022101A8ADF8CF
:10FE78000430FFF7BFFE2378002B3FF463AF4FF445
:10FE88005A43022101A8ADF80430FFF7B3FE2378E6
:10FE9800002B3FF457AF4FF49053022101A8ADF85F
:10FEA8000430FFF7A7FE2378002B3FF44BAF4FF445
:10FEB8000143022101A8ADF80430FFF79BFE237827
:10FEC800002B3FF43FAF4FF44F43022101A8ADF898
:10FED8000430FFF78FFE2378002B3FF433AF4FF445
:10FEE8005943022101A8ADF80430FFF783FE2378B7
:10FEF800002B3FF427AF4FF47143022101A8ADF85E
:10FF08000430FFF777FE2378002B3FF41BAF4FF444
:10FF18005B43022101A8ADF80430FFF76BFE23789C
:10FF2800002B3FF40FAF4FF48043022101A8ADF836
:10FF38000430FFF75FFE2378002B3FF403AF4FF444
:10FF48002443022101A8ADF80430FFF753FE2378BB
:10FF5800002B3FF4F7AE4FF42643022101A8ADF879
:10FF68000430FFF747FE2378002B3FF4EBAE4FF445
:10FF78002F43022101A8ADF80430FFF73BFE03B080
:10FF880030BD00BFC002002061000020411E00F10A
:10FF98001C0C002011F8012F0823504042B2002AFF
:10FFA800B8BF52004FEA4000B8BF82F0070203F121
:10FFB800FF33ACBFC0B2D0B213F0FF03EED18C4513
:10FFC800E8D170472DE9F041002488B0404D1E2249
:10FFD800694620462C70FEF775FC18B13D4B009A17
:10FFE8009A4202D008B0BDE8F0819DF80430062B93
:08FFF800F8D10DF1FF300DF10D
:020000040801F1
:100000001C0C224610F8011F08234A4051B2002957
:10001000B8BF49004FEA4202B8BF81F0070103F1BF
:10002000FF33ACBFD2B2CAB213F0FF03EED18445A6
:10003000E8D19DF81D109142D8D16C469C46012311
:100040002B70A6460FCC264F264E38607960BA60DA
:1000500007CCFB60238838617961BA61BB83B383C5
:10006000BEE80F0030607160B260BEE80700DFF8E4
:100070008C80F36030617161B2619DF810209DF851
:10008000113088F80020184D88F801309DF81300D1
:100090009DF812309DF814109DF8152088F8023054
:1000A0000CEB4C030CF1010CE8542B44BCF1080F91
:1000B00059709A70F4D10D480D4A9DF8174004709C
:1000C0000C490D4B9DF8194014709DF81A009DF8CD
:1000D0001B2008701A7089E70E0500204354525502
:1000E00010050020EC04002044020020DF01002065
:1000F0000D0500200C0500200B0500205C020020EF
:10010000F0B589B01E2200216846FBF7B3FE72B637
:10011000724C734922782378009106208DF80400F0
:100120008DF80520002B40F09D806E4B1B889BB204
:100130002278ADF806300A2A04BF6A4B1B88227861
:100140000CBF9BB20023052AADF8083004BF664BF4
:100150001B7822780CBFDBB20023052A8DF80A3009
:1001600000F0B180002322788DF80B30092A04BFFB
:100170005E4B1B7822780CBFDBB20023092A8DF876
:100180000C3000F09680002322788DF80D300A2A7A
:1001900004BF574B1B7822780CBFDBB200230A2A1E
:1001A0008DF80E3008BF534B534A08BF1978534B94
:1001B000147850788DF811000CBFC9B200218DF869
:1001C0000F1091781A788DF8121058788DF8132046
:1001D00099781A788DF810408DF814008DF8151064
:1001E00012B95A78002A3FD00123454A8DF81630BB
:1001F00012788DF8172043484349444A444B00780D
:10020000097812781B788DF818008DF819108DF880
:100210001A208DF81B3062B600210DF1FF3207A8BD
:1002200012F8013F082459404BB2002BBCBF5B00C1
:1002300083F007034FEA4101B8BFD9B204F1FF339D
:10024000A8BFC9B213F0FF04EED18242E8D1314D0C
:100250008DF81D101D2229466846FBF7FDFE40B9AA
:1002600009B0F0BD002363E79B78003B18BF012372
:10027000BBE7294F01F0D2FA3B6840F6B732C31A08
:1002800093420646ECD920461E226946FEF7ECFA58
:100290000028E5D06C460FCC28606960AA6007CCC6
:1002A000EB6023883E6028616961AA61AB8309B075
:1002B000F0BD1A48402102F027FEA0F10103B3FA75
:1002C00083F35B0960E710214FF0904002F01CFEC1
:1002D000A0F10103B3FA83F35B0944E72E05002084
:1002E0004354525538020020340200201C020020E2
:1002F00028020020000200205C02002044020020AE
:10030000DF0100201E0200200D0500200C0500204A
:100310000B050020EC0400204424002000040048C9
:10032000F0B5152A1C4F85B0054628BF15220026BA
:10033000A7FB0103DB0806F1100003EB830CA1EB24
:100340004C0C0DEB000E084634460CF1300C013617
:1003500009280EF80CCCF6B21946E9D8B24211D8E9
:1003600000206EB101AA01341444034614F801CDF3
:1003700005F803C0591CA242CBB2F7D13044C0B239
:1003800005B0F0BD921B02F0FF073A462021284637
:10039000FBF770FD3846E4E7CDCCCCCC70B5144605
:1003A000A0B0FFF77DFC2178684681B34FF0000CC8
:1003B0001C4E8646654613E03F2B2CD9CEF80050E4
:1003C0008EF8045014F8011F8EF805500CF1010C42
:1003D0000EF1060E5FFA8CFCA9B1BCF1150F1CD012
:1003E000A1F16102A1F12003192ADBB2E4D8203B7C
:1003F00003EB83039BB29919F2580B798EF8043002
:10040000CEF80020DEE70CEB4C0C4FEA4C01FFF776
:1004100029FC20B070BD0B46E9E77E21FFF722FCE6
:1004200020B070BDB453010808B50021FFF738FCB7
:10043000BDE8084001488021FFF714BC805C01083A
:10044000F0B5642B28BF6423802A144628BF80247B
:100450000D06A1B002D40D19802D2CDC1D4D14FB0E
:1004600003F3A5FB0335C5F347157AB36E46B446CF
:100470000023671E0CE0BB420DD001335FFA83FE00
:10048000AA4294BF5E224222A6450CF8012B0AD252
:10049000DAB2002BEFD101335FFA83FE7E22A6454C
:1004A0000CF8012BF4D3FFF7FBFB21463046FFF796
:1004B000D9FB21B0F0BDC1F18004064AE4B214FBBF
:1004C00003F3A2FB0325C5F34715CFE714466E4699
:1004D000E9E700BF1F85EB51F0B5154F154E3B788E
:1004E000192828BF002003EB800306EB4313840088
:1004F0000FCB85B06D4685E80F006C210520FFF716
:10050000CFFB28461021FFF7ADFB3B78E01806EB48
:10051000401310330FCB85E80F006C210620FFF746
:10052000BFFB10212846FFF79DFB05B0F0BD00BFC3
:10053000C101002080690108F0B589B001F06EF9B1
:10054000A14B1B68C01AC72825D8A04B93E803000D
:100550006C4684E8030000210846FFF7A1FB204613
:100560009B4C0821FFF77EFB2378102B00F2DC81E7
:10057000DFE813F015026A006A002402EF01F701B8
:1005800016001600DC01E701FF012C020D02DA0162
:10059000DA01DA0116006C46002300936360DAE7A3
:1005A0008C4B8D4A19688D4B002908BF1A460A21C9
:1005B0000020FFF7F3FE2478E4B20B2C0DD8DFE81F
:1005C00014F088010C000C000C005C0131010C00DF
:1005D0000C00D600A20076004B0000268049532470
:1005E0003346721C20336B44D6B203F8184C8C5D32
:1005F0003346002CF5D1774B7A491A687A4F8A42F4
:1006000002AD98BF1968A8190522FFF789FE30448A
:100610002022C0B2811800230DEB0106611C334477
:10062000CCB203F8182C3A5D2346002AF6D12044B8
:1006300008AB53FA80F000F8182C2A46002101205C
:10064000FFF7ACFE09B0F0BD624B684A1968634B16
:10065000002908BF1A46AAE7002665494824334600
:10066000721C20336B44D6B203F8184C8C5D3346B1
:10067000002CF5D15F4B5B491A685F4F8A4202AD8F
:1006800098BF1968A8190522FFF74AFE30442022B6
:10069000C0B2811800230DEB0106611C3344CCB2BB
:1006A00003F8182C3A5D2346002AF6D1BFE700264E
:1006B000524948243346721C20336B44D6B203F8A7
:1006C000184C8C5D3346002CF5D14D4B4D4F19889D
:1006D00002AD0322A81989B2FFF722FE304420237D
:1006E000C0B2C2180DEB0206621C3119D4B201F877
:1006F000183C3B5D002BF7D1204408AA52FA80F049
:1007000000F8183C99E700263F494C243346721CF8
:1007100020336B44D6B203F8184C8C5D3346002C62
:10072000F5D13A4B3A4A1B783A4F03EB830303EB7C
:1007300083018900A2FB012102AD0322A819C90986
:10074000FFF7EEFD30442023C0B2C2180DEB0206C5
:10075000621C3119D4B201F8183C3B5D002BF7D173
:10076000204408AA52FA80F000F8183C65E70026F9
:10077000294953243346721C20336B44D6B203F804
:10078000184C8C5D3346002CF5D1244B244F19882E
:1007900002AD0422A81989B2FFF7C2FD3044C0B2ED
:1007A0002023C2180DEB0206621C3119D4B201F8E5
:1007B000183C3B5D002BF7D1204408AA52FA80F088
:1007C00000F8183C39E700BFCC01002008510108AF
:1007D0002E05002040020020E4580108F4570108CB
:1007E0007C5901089F8601008459010814580108AA
:1007F00068590108D40100207059010830590108D6
:100800003A0200203C5901081C5901081C02002032
:1008100081808080285901085C590108E601002088
:10082000545901080026704952243346721C203363
:100830006B44D6B203F8184C8C5D3346002CF5D1CE
:100840006A4B6B4F196802AD0522A819FFF768FDC6
:1008500030442023C0B2C2180DEB0206621C3119CD
:10086000D4B201F8183C3B5D002BF7D1204408AA14
:1008700052FA80F000F8183CDFE600265D49562465
:100880003346721C20336B44D6B203F8184C8C5D8F
:100890003346002CF5D1584B584F198802AD04222D
:1008A000A81989B2FFF73CFD30442023C0B2C2181A
:1008B0000DEB0206621C3119D4B201F8183C3B5D05
:1008C000002BF7D1204408AA52FA80F000F8183C17
:1008D000B3E64B4A54260023013420336B44E4B280
:1008E00003F8186C165D2346002EF5D1454B464F94
:1008F000198802AD0322281989B2FFF711FD20449F
:100900002023C0B2C2180DEB0204721CA119D6B28A
:1009100001F8183CBB5D002BF7D1304408AA52FA0D
:1009200080F000F8183C88E6384A40E6384B1A78E0
:10093000022A57D01978374A344B012918BF1A4672
:1009400035E6354B354A1978304B002908BF1A4631
:100950002DE6334B334A1978334B002918BF1A461A
:1009600025E6324B324A1978324B002918BF1A4615
:100970001DE6314A13889BB2002B29D0214B1988E0
:1009800013888AB29BB29A4222D22C4A0FE62C4B91
:100990002C4A19682C4B002908BF1A4607E626493D
:1009A0000B889BB2E3B1174B244A18880B88264D5D
:1009B00081B29BB2994228BF2A46F8E5204B234AD0
:1009C0001968214B002908BF1A46F0E5204AEEE5D8
:1009D0001B4B204A19681C4B002908BF1A46E6E544
:1009E000194AE4E51C4AE2E5085901082C020020F6
:1009F00010590108485901083602002054590108CD
:100A0000F45801083A020020FC5801087458010803
:100A1000E8010020045801081C020020D4580108F5
:100A20003502002034580108B4580108340200206F
:100A300044580108A45801083802002084580108CD
:100A40004002002054580108F457010824580108B6
:100A500094580108C45801086458010870B5234D22
:100A6000A0B006460024E0B20021FFF719F90134D6
:100A700080212846FFF7F6F8082CF4D180221C4983
:100A80001C4D6846FBF74EFA00210846FFF708F9AF
:100A900080216846FFF7E6F8802217496846FBF791
:100AA00041FA00210120FFF7FBF880216846FFF79B
:100AB000D9F8042E28BF002606EB8606022405EB93
:100AC000C615802229466846FBF72CFA20460021ED
:100AD0000134FFF7E5F8E4B280216846FFF7C2F879
:100AE000072C05F18005ECD120B070BD805C0108B9
:100AF00010510108005D01089051010808B5144A21
:100B0000144B002111701B78134ADBB21370137859
:100B1000012B11D013780F2B4FF0AE0008D0FFF748
:100B20008BF88120FFF788F8CF20FFF785F8AF20FA
:100B3000BDE80840FFF780B8AF20FFF77DF88120BF
:100B4000FFF77AF8BDE808400F20FFF775B800BF3F
:100B5000DE010020DD010020DF0100202DE9F04151
:100B6000A84D2B78192BA0B048D0FFF7E5FCA64B79
:100B70001B7803F0FF04002B40F0AC822B78182B7D
:100B80001FD8DFE813F01900CE0362045B0454049D
:100B90004D0446043F04D40331040404FE03F80367
:100BA000F203EC03E603E003DA031C04160410046A
:100BB0000A042A0423043804944A10210220FFF76F
:100BC000EDFB934A00210320FFF7E8FB2E78F6B2F5
:100BD000102E00F2A680DFE816F0A8006400640082
:100BE000640055030203640064004102BD02430136
:100BF00016026400A400A400A40064006D468022D4
:100C00008449854E2846FBF78DF900210846FFF7F9
:100C100047F880212846FFF725F880227F4928469B
:100C2000FBF780F900210120FFF73AF880212846E0
:100C3000FFF718F80224204600210134FFF730F8AE
:100C4000E4B280213046FFF70DF8082CF3D1DFF82D
:100C50000882734F02240CE0FBF764F90021304650
:100C6000FFF71EF8013480212846FEF7FBFF072C12
:100C70000FD098F8003013F0010FE6B24FF0800269
:100C800007EBC4112846E7D080220021FBF7F2F8D9
:100C9000E4E7644A0421204620B0BDE8F041FFF7B4
:100CA0007DBB72B6604A614B1768D3F8008062B6AC
:100CB000002F00F025845E495E4BB94228BF3946BB
:100CC00053260022013480326A44E4B202F8806C78
:100CD0001E5D2246002EF5D105220DEB0400FFF724
:100CE0001FFB20AA031952FA83F3052103F8806C35
:100CF0006A460846FFF752FBB8F1000F09D064209E
:100D00003346A7FB00014246FAF714FFC0F1640620
:100D1000F6B23346552205210720FFF791FB2878CC
:100D20006BE0454A0A210520B6E7444A13889BB286
:100D3000B3F57A7F38BFB2F80080414A34BF1FFA5A
:100D400088F840F2E73854240023013680336B449E
:100D5000F6B203F8804C945D3346002CF5D1394F40
:100D600039886D4689B20322A819FFF7D9FA831989
:100D7000DBB25E1C80336B44F6B22F2203F8802C6A
:100D80004146A8190322FFF7CBFA0644F1B201F15C
:100D90008003DFF8C8C020260DEB0300631C021996
:100DA000DCB202F8806C1CF80460002EF6D12144FD
:100DB00020AB53FA81F3052108462A4603F8806CDC
:100DC000FFF7ECFA204B214A1978214B0620002925
:100DD00018BF1A460521FFF7E1FA3B881D49642038
:100DE0009BB200FB03F3A1FB031307205522C3F3BF
:100DF00007230521FFF724FB304620B0BDE8F04172
:100E0000FFF76ABB2E0500201E020020285A0108A9
:100E1000B85B010810520108805C0108905201087B
:100E200000660108EC59010840020020580000202B
:100E30009F860100D45B0108705C01083802002025
:100E4000F45801083A020020D0010020A0590108FE
:100E500090590108C5B3A291C1010020D05B0108DF
:100E6000A34A13889BB2B3F57A7F38BF1788A14A8B
:100E700034BFBFB240F2E7374E260023013480333F
:100E80006B44E4B203F8806C165D2346002EF5D166
:100E9000994B19886D4689B203222819FFF740FA49
:100EA0000444E4B204F180036B440134E4B22F2221
:100EB000394603F8802C28190322FFF731FA04443D
:100EC000E4B204F1800320A901346B4451FA84F4A4
:100ED0004322052103F8802C08462A4604F8806C3A
:100EE000FFF75CFA854A4C2706F1800301366B4414
:100EF000F6B203F8807C975D002FF5D1804B814AD4
:100F00001B78DFF84C8203EB830303EB830189003A
:100F1000A2FB0121C9090322A819FFF701FA06441F
:100F2000F6B206F180036B44252203F8802C0136CB
:100F3000754BF6B219680422A819FFF7F1F90644B7
:100F4000F6B206F1800352240DEB03027B1C17441A
:100F500007F8804CDFB218F80740002CF6D120AB20
:100F60003E4453FA86F62A4606F8804C05210620B0
:100F7000FFF714FA654A482604F18001631C0DEB63
:100F8000010404F8806CDCB2165D002EF4D1604BD5
:100F90001B7803EB830303EB83015A4B8900A3FB0C
:100FA0000131C90903222819FFF7BAF90444E4B250
:100FB000584A04F180036B4401341168E4B22522DD
:100FC00003F8802C28190422FFF7AAF90444E4B29C
:100FD00004F1800252230DEB0201721C0E4406F84C
:100FE000803CD6B218F80630002BF6D120AA344443
:100FF00052FA84F407202A46052104F8803CFFF7C2
:10100000CDF90A20F9E60521434A0846FFF7C6F95B
:10101000424949220023013480336B44E4B203F88F
:10102000802C0A5D2346002AF5D13D4B3D491A68C4
:101030006D468A4298BF196805222819FFF770F992
:1010400020AA031952FA83F3002607202A46052115
:1010500003F8806CFFF7A2F90B20CEE6324B1A782A
:10106000012A00F0F9811978304A314B022908BF72
:101070001A4605210846FFF791F92E4B2E4A18789B
:101080002E4B0521002818BF1A460620FFF786F9C7
:101090002B4A50250023013480336B44E4B203F81B
:1010A000805C155D2346002DF5D1264B198804225E
:1010B00089B20DEB0400FFF733F920AA031952FAA5
:1010C00083F3072005216A4603F8805CFFF766F981
:1010D000082092E61C4A0A210220FFF75FF91B4A0A
:1010E0000A21032020B0BDE8F041FFF757B900BF47
:1010F000380200202C5C01083A020020345C010810
:10110000280200208180808020020020405C0108AD
:1011100000020020F8010020545C0108645C010812
:10112000D40100209F860100E8010020BC5901087D
:10113000DC590108D0010020A0590108905901088C
:10114000485C0108E6010020005A0108145A010811
:101150003C5C0108C14A50250023013480336B44B4
:10116000E4B203F8805C155D2346002DF5D1BC4E3A
:10117000032231780DEB0400FFF7D2F80319DBB23C
:1011800003F180020DEB0200013320AA52FA83F32F
:101190000521252400F8804C6A46084603F8805C47
:1011A000FFF7FCF8AF4BB04A1878B04B0521002888
:1011B00018BF1A460620FFF7F1F83378AC4803EB66
:1011C000830303EB83039B00A0FB0303552207204B
:1011D0000521C3F3C713FFF733F909200DE6A54A2C
:1011E00052260023013480336B44E4B203F8806C50
:1011F000165D2346002EF5D19F4B6D4619680522DA
:101200002819FFF78DF820AA031952FA83F3052154
:1012100008462A4603F8806CFFF7C0F8914B924AC3
:101220001978924B0620002918BF1A460521FFF7AE
:10123000B5F8924953243346721C80336B44D6B2BE
:1012400003F8804C8C5D3346002CF5D18C4B032287
:101250001978A819FFF764F88319DBB203F180024B
:101260000DEB0201013320AA52FA83F3252701F87E
:10127000807C07202A46052103F8804CFFF78EF872
:101280000520BAE57F4B56260022013480326A449D
:10129000E4B202F8806C1E5D2246002EF5D17A4B36
:1012A00019886D46032289B22819FFF739F820AA58
:1012B000031952FA83F3052103F8806C08462A4685
:1012C000FFF76CF871494F2306F1800201366A443A
:1012D000F6B202F8803C8B5D002BF5D16C4A6D496B
:1012E0001278002A6C4A06F180000ABF11464F248A
:1012F00046241A46684401330244DBB202F8804CAB
:10130000CC5C1A46002CF6D120AA334452FA83F35F
:1013100007202A46052103F8804CFFF73FF80420F8
:101320006BE55E4A10210220FFF738F849E45C4A79
:1013300010210220FFF732F843E45A4A102102201C
:10134000FFF72CF83DE4584A10210220FFF726F859
:1013500037E4564A10210220FFF720F831E4544ABE
:1013600010210220FFF71AF82BE4524A1021022024
:10137000FFF714F825E4504A10210220FFF70EF879
:101380001FE44E4A10210220FFF708F819E44C4AE6
:1013900010210220FFF702F813E44A4A102102202C
:1013A000FEF7FCFF0DE4484A10210220FEF7F6FF8D
:1013B00007E4464A10210220FEF7F0FF01E4444A08
:1013C00010210220FEF7EAFFFFF7FBBB414A102184
:1013D0000220FEF7E3FFFFF7F4BB3F4A1021022093
:1013E000FEF7DCFFFFF7EDBB3C4A10210220FEF7C1
:1013F000D5FFFFF7E6BB3A4A10210220FEF7CEFFE9
:10140000FFF7DFBB374A10210220FEF7C7FFFFF7C7
:10141000D8BB354A10210220FEF7C0FFFFF7D1BB31
:10142000324A10210220FEF7B9FFFFF7CABB304A4B
:1014300010210220FEF7B2FFFFF7C3BB2D4A102197
:101440000220FEF7ABFFFFF7BCBB2B4A10210220A6
:10145000FEF7A4FFFFF7B5BB284A0AE6205C0108A7
:101460001C020020D0010020A05901089059010859
:1014700081808080085C01082C020020145C010837
:1014800034020020F05B010836020020005C0108F5
:1014900035020020B8590108B0590108385A01082E
:1014A000C85A0108385B0108A85A0108285B0108DE
:1014B000185B0108085B0108B85A0108F85A0108CE
:1014C000E85A0108785B0108685B0108585B01086D
:1014D000485B0108985B0108885B0108D85A01083D
:1014E000A85B0108985A0108885A0108785A01082F
:1014F000685A0108585A0108485A0108CC5901088D
:1015000005210846044AFEF749FF642355220521B8
:101510000720FEF795FF02E4E05B01080B4B1B7808
:10152000052B11D172B60A4A00211368116062B608
:10153000084A4FF4C87101FB03F31360116842F2CB
:101540000F73994288BF1360704700BF2E050020BB
:10155000300200202C0200200A4B1B780A2B10D1ED
:1015600072B6094A00211368116062B6074AC821A1
:1015700001FB03F31360116842F20F73994288BFB5
:10158000136070472E050020240200202002002056
:101590000E4B1B78092B04D110B50D4C23780BB9D9
:1015A00010BD704700F03AF90A4B1B68C01AFA28C0
:1015B000F6D9094B09481B680022227040215A6362
:1015C00001F0A8FC064B01221A7010BD2E05002068
:1015D0001C0200201802002008040020000400481B
:1015E0001E0200200F4B1B78052B04D110B50E4CAA
:1015F00023780BB910BD704700F010F90B4B1B6836
:10160000C01AFA28F6D90A4B0A481B680022227031
:101610004FF400715A6301F07DFC074B01221A70F0
:1016200010BD00BF2E05002034020020080200205B
:1016300008040020000400481E0200200C4B1A7809
:101640001AB11B78132B00D0704710B5094C2388B2
:101650009BB203B910BD00F0E1F8074B1B68C01A3C
:10166000FA28F7D9054B0021012221801A7010BDFC
:101670002E05002038020020F00100201E0200206C
:101680000B4B1B780A2B05D110B50A4C23889BB253
:101690000BB910BD704700F0C1F8074B1B68C01AAA
:1016A000FA28F6D9054B0021012221801A7010BDBD
:1016B0002E05002038020020EC0100201E02002030
:1016C0000D4B1B780A2B04D110B50C4C23780BB9A9
:1016D00010BD704700F0A2F8094B1B68C01AB0F5A6
:1016E0007A7FF5D9074B084A186801210023237037
:1016F0004363117010BD00BF2E050020280200209A
:1017000004020020080400201E0200200A4B1B785F
:101710000A2B10D172B6094A00211368116062B613
:10172000074AC82101FB03F31360116842F20F73EB
:10173000994288BF136070472E050020FC010020ED
:10174000F801002008B50E4B1B780A2B12D10D4B67
:101750001B780A2B0FD90C4B1B6863B900F05EF89D
:101760000A4A126840F6B833801A984202D9084BE8
:1017700001221A7008BD00F051F8044B186008BD32
:101780002E05002000020020F8010020482400203F
:101790001E020020704700BF38B50E4A0E4B12786B
:1017A000054618684FF47A73B3FBF2F3B0FBF3F01D
:1017B00001F0CCF908B90F2D01D9012038BD04463C
:1017C000024629464FF0FF3001F076F9034B2046E0
:1017D0001D6038BD62000020500000206400002021
:1017E000074A08B5136843F010031360032001F0A3
:1017F00051F90F20FFF7D0FFFFF7CCFF002008BD05
:1018000000200240034A044B11681B780B4413600C
:10181000704700BF4C24002062000020014B186874
:10182000704700BF4C24002038B50446FFF7F6FF90
:10183000631C054602D0044B1B781C44FFF7EEFFE7
:10184000401BA042FAD338BD62000020704700BFA1
:10185000026838B5936803F00303012B01D0002020
:1018600038BD1368DC07FAD5936803F00D03012B2C
:10187000044609D0236C43F010032364636C43F0E7
:1018800001036364012038BD9368032143F0020320
:1018900093601160FFF7C2FF23689B68D907054674
:1018A000DDD5FFF7BBFF401B0228236802D99A68E9
:1018B000D207DFD49B68DB07F3D4D0E703689A68CC
:1018C00012F00C0F01D100207047DA6870B5950155
:1018D000044604D5008B40F20112904234D06029B6
:1018E0009A6844D0500706D59A68920703D49A683C
:1018F00042F010029A600C2935D09A68100706D57C
:101900009A68920703D49A6842F020029A606C2980
:1019100029D10C25FFF782FF236806469B681D42EC
:1019200023D0FFF77BFF831B0B2B2368F6D99A6824
:101930002A42F3D0236C43F010032364636C43F01A
:1019400001036364012070BD1A68500606D4124A70
:1019500001E0013AEED019684906FAD540221A6032
:101960009A6856070FD40425D4E7002070BD1607E7
:1019700001D40825CEE79A689507FAD49A6842F010
:1019800020029A60F5E79A689507ECD49A6842F0CD
:1019900010029A60E7E700BF00940900026838B5BA
:1019A000936803F00303012B044626D09168154B7E
:1019B000194209D0236C43F010032364636C43F095
:1019C00001036364012038BD936843F00103936011
:1019D000FFF724FF236805461B68D9070BD4FFF7E0
:1019E0001DFF431B022B2368F6D91A68D207E1D5E5
:1019F0001B68D907F3D5002038BD1368D807D5D5A3
:101A00000020F9E73F00008030B597B00023019334
:101A1000D0B1036C13F01003044618D1056C002DEF
:101A200000F0998002689168CD0040F18280916851
:101A300088007ED4216CC90600D463B1236C23F0E6
:101A4000120343F010032364012017B030BD036C70
:101A5000DA06F3D4026893685B07EFD4236C23F4AF
:101A6000817343F00203B2F1A04F2364814B00F075
:101A7000DE809A4200F0E28003F540739A4277D00C
:101A80007D498A4200F0EC80936803F00303012B48
:101A900000F0E88079488368616823F440330B43A1
:101AA0008360D4E902130B43616B607E013918BF78
:101AB000012143EA403343EA013394F8201001291D
:101AC00000F09980A16A01290CD06D48824200F093
:101AD000A28000F58070824200F09D80E06A184389
:101AE00040EA0103916811F00C0F0CD1D16821F488
:101AF000804121F00201D16094F83010207E49002D
:101B000041EA80310B43D0685E49014020691943A6
:101B10000128D16077D0136B23F00F0313630020EB
:101B20006064236C23F0030343F00103236417B0C4
:101B300030BD236C23F0120343F010032364636C65
:101B400043F001036364236C236C23F0120343F01E
:101B50001003236478E7C0E91255456480F83C50CF
:101B6000FFF774FE22689368DB0012D52B465AE714
:101B7000414B42489168029301F00301012958D07A
:101B8000996801F00301012985D11B68DD0788D41C
:101B900081E72046FFF75CFE226C12F0100F03462F
:101BA00022687FF440AF00287FF43DAF216C364DB2
:101BB00021F4885121F0020141F002012164906872
:101BC000296820F040509060906840F0805090600C
:101BD0002E48A0FB0101890C01EB81014900019114
:101BE000019900293FF41FAF019901390191019931
:101BF0000029F9D117E728BB616A013943EA41415D
:101C000041F480335EE7116BE36921F00F01013B82
:101C10000B43136383E7B1F5307F1ED0B1F5807FAE
:101C200025D0B1F5E07F08BF4FF4807156E7184822
:101C3000A0E71168C9073FF534AFA1E714484FF09A
:101C4000A04397E7216C21F0220141F0200121649B
:101C5000616C41F00101616434E74FF4E0713DE7EC
:101C6000064887E71368DB073FF51BAF12E74FF421
:101C7000307133E7000100500005005000070050AC
:101C80000004005007C0F0FF5000002083DE1B431B
:101C90000003005038B503689D6815F004052BD18A
:101CA00090F83C30012B044626D0012380F83C30CC
:101CB000FFF774FEE8B9226C236822F4706222F008
:101CC000010242F48072B3F1A04F226416D0354A6B
:101CD00093425DD0344A9268D10611D033498B4289
:101CE0000ED0226C42F480122264CA68920114D58C
:101CF0000DE084F83C5038BD022038BD2C4A926873
:101D0000226C22F480122264DA68950105D5226CD7
:101D100022F4405242F480522264226C12F4805227
:101D20001CBF626C22F00602626400211C22B3F127
:101D3000A04F84F83C101A6018D01A4A934215D06C
:101D4000194A9168C9060CD0916801F01F01052954
:101D500007D0926802F01F02092A02D0134A934268
:101D6000C9D19A6842F004029A6038BD104A91685D
:101D7000CC06F6D0916801F01F010529F1D09268D8
:101D800002F01F02092AECD0B3F1A04FE9D038BD10
:101D900002F500729268D506B2D0226C4FF0A041D5
:101DA000A0E700BF000100500007005000040050F1
:101DB0000003005090F83C30012B1DD0012310B5DA
:101DC0006C2180F83C300446FFF778FD18B1002301
:101DD00084F83C3010BD2046FFF73AFD0028F6D1CC
:101DE000236C23F4885323F0010343F0010323649D
:101DF000002384F83C3010BD022070472DE9F041EB
:101E000044690368082C05460E460FD0B3F1A04F75
:101E10005CD04248424A4349834218BF0A4691680F
:101E2000CC063AD1DA68D0073BD40C24B3F1A04FEA
:101E300049D03A4A934250D03A4A9268D20647D1A2
:101E4000DF68FFF7EBFC2A6880461368234204D161
:101E5000731C16D113682342FCD02B6C43F400731F
:101E60002B64D36807F4005103F440630B4302D1A1
:101E70001368180739D47B0400D414600020BDE82F
:101E8000F081C6B913682340DFD12A6C85F83C3055
:101E900042F004022A640320F1E7926812F4404FF2
:101EA000C3D02B6C43F020032B64002385F83C3017
:101EB0000120BDE8F081FFF7B1FCA0EB0800B042C3
:101EC0002A68C2D9DEE7164A9268B9E7144AA6E73B
:101ED000154A9342B4D0D768B3E702F5007292680E
:101EE000D106ADD04FF0A042F5E7936813F0040F90
:101EF0002B6C0AD123F480732B642B6CD904BAD4D5
:101F00002B6C43F001032B64B5E743F020032B64F3
:101F10006B6C43F001036B64ADE700BF0001005040
:101F20000003005000070050000400500368186CC4
:101F3000704700BFF8B590F83C30012B40D0012726
:101F400080F83C7004460D46FFF782FC06460028E8
:101F500031D1236827649A68BD4222F080429A609A
:101F600003D19A6842F080429A609A6842F0004237
:101F70009A60FFF753FC236805469B68002B14DA30
:101F8000FFF74CFC431B0A2B2368F6D99A68002AFA
:101F9000F3DA236C002223F0120343F0100301262E
:101FA00084F83C2023643046F8BD236C23F00303FF
:101FB00043F001032364002384F83C303046F8BD2D
:101FC00002263046F8BD00BF70B490F83C2097B0B0
:101FD0000346012A4FF00000019000F0EA80012042
:101FE0001A6883F83C00906840073ED44D680C683E
:101FF00005EB4500042D4FEA400000F28D80156B83
:102000004FF01F0C0CFA00FC25EA0C0504FA00F056
:1020100028431063906810F00C0F3AD1092C88689F
:1020200004EB440500F2888056694FF0070CA84085
:102030000CFA05F526EA050528435061D0680D69BC
:102040004E69C0F3C1004000013D86404FEA846CF8
:10205000032D00F23F81DFE815F013000F010501A9
:10206000FB001568ED0740F18D801A6C42F02002EC
:102070001A640120002283F83C2017B070BC70471E
:10208000156EA648284040EA0C00304340F000405E
:102090001066906800F00300012800F08580CD688C
:1020A0000120012D00FA04F000F08780D2F8B01072
:1020B00021EA0001C2F8B010B2F1A04F00F09980FF
:1020C00097498A424FD0102C00F09C809549112CE2
:1020D00040F089808868C5011CD4B2F1A04F9048B7
:1020E00049D0824245D09048824200F0F1808F4D25
:1020F000AA4240D0906800F00300012848D112683D
:10210000D207B2D4102C05D0112C03D08A6842F427
:1021100080028A600020ADE7092D19D90E2D00F24A
:102120008C80956B3C381F26864025EA060504FA0C
:1021300000F0284390636DE796691E3D4FF0070C51
:10214000A8400CFA05F526EA05052843906175E7D5
:10215000556B1E381F26864025EA060504FA00F056
:102160002843506356E7102C7149B0D188680002AB
:10217000D0D44FF0A0409568029005F00305012DE2
:102180003FF46FAF856805F00305012D00F09B80DB
:10219000102C7BD0112CB9D1B2F1A04FBAD18A68E2
:1021A00042F080728A60B5E71068C6077FF577AFA6
:1021B000B0E7022017B070BC70478D68D2F8B0103D
:1021C000092C41EA0001C2F8B01021D904EB440007
:1021D00091691B380726854006FA00F021EA0001C4
:1021E0002943916168E7122C94D18868400291D408
:1021F00073E7102C4E497FF46AAF8868050289D4D2
:102200004748B8E74749886806027FF56CAF81E721
:10221000601C516900EB40000726854006FA00F07B
:1022200021EA00012943B2F1A04F51613FF472AF9E
:102230003B498A427FF44AAF6CE7D56B5A381F2678
:10224000864025EA060504FA00F02843D063E1E65B
:10225000D56E3248284040EA0C00304340F0004040
:10226000D06616E7956E2D48284040EA0C003043B2
:1022700040F0004090660CE7556E2848284040EA40
:102280000C00304340F00040506602E7B2F1A04F2E
:102290007FF440AF274A284C12688868A4FB0242AA
:1022A000920C02EB8202520040F40000886001921E
:1022B000019A002A3FF42EAF019A013A0192019A45
:1022C000002AF9D126E70068C6073FF5CEAE5FE7E2
:1022D000164850E7106E00F0F840604514D0506E7C
:1022E00000F0F840604514D0906E00F0F840604572
:1022F00024D0D06E00F0F84060457FF4CAAED06EB6
:1023000020F00040D066C4E6106E20F00040106659
:10231000E5E7506E20F000405066E5E700F0FF83EF
:10232000000100500007005000040050000500505C
:10233000000300505000002083DE1B43906E20F00D
:1023400000409066D5E700BF704700BF00287BD0F3
:1023500038B590F820300446002B72D022681368FC
:1023600043F001031360FFF759FA054604E0FFF755
:1023700055FA401B0A285BD823685A68D107F6D55E
:102380001A6822F002021A60FFF748FA054604E0D4
:10239000FFF744FA401B0A284AD823685A68920774
:1023A000F6D4227E012A1A680CBF42F0800222F085
:1023B00080021A60627E012A1A680CBF42F0400255
:1023C00022F040021A60A27E012A1A680CBF42F075
:1023D000200222F020021A60E27E012A1A680CBF55
:1023E00022F0100242F010021A60227F012A1A68BD
:1023F0000CBF42F0080222F008021A60627F012A34
:102400001A680CBF42F0040222F004021A60D4E9F8
:102410000220216902430A4360696168024301396D
:102420000A4300200121DA61606284F8201038BD7F
:10243000636A052243F40033636284F8202001209C
:1024400038BDFFF781FF89E70120704770B490F82D
:1024500020200468013A012A07D9426A034642F45F
:102460008022012070BC5A627047D4F800324A6959
:10247000CD6943F00103C4F8003202F01F000123CC
:102480008340D4F81C0220EA0300C4F81C02D8439D
:10249000002D3DD1D4F80C52CE680540C4F80C5242
:1024A0008D8804EBC20245EA0645C2F840528E68A8
:1024B0000D8845EA0645C2F844528A6912BBD4F831
:1024C00004220240C4F804220A69AAB9D4F81422EA
:1024D0001040C4F814020A6A012A04D1D4F81C225C
:1024E0001343C4F81C32D4F8003223F00103002057
:1024F000C4F8003270BC7047D4F814221A43C4F8F0
:102500001422E8E7D4F804221A43C4F80422DBE7D3
:10251000012DD2D1D4F80C520E681D43C4F80C52D0
:102520008D8804EBC20245EA0645C2F840528E6827
:102530008D8945EA0645C2F84452BEE738B590F8A1
:102540002030012B044605D0436A43F40023436244
:10255000012038BD0268022380F82030136823F080
:1025600001031360FFF75AF9054604E0FFF756F937
:10257000431B0A2B07D823685B6813F00103F5D1CE
:102580006362184638BD636A052243F40033636210
:1025900084F82020DCE700BF30B490F820C0056844
:1025A0000CF1FF3CBCF1010FAC6839D814F0E05FCE
:1025B00006D1436A43F400134362012030BC7047E4
:1025C000C4F301640120A04018608B686BB3C86835
:1025D0000343486843EAC00304F1180000012B508C
:1025E00005EB041C0B69CCF884310B7D012B4FEA01
:1025F000041105D1DCF8843143F48073CCF88431C4
:102600006B185168C3F88C111268C3F88821DCF884
:10261000803143F00103002030BCCCF8803170479A
:10262000436A43F480234362C7E7CB68086843EA00
:10263000405004F118031B01E850D1E790F8202026
:10264000013A012A034605D9426A42F48022012058
:102650005A627047CA0704D50068826842F0800257
:102660008260880704D51868826842F4004282605C
:102670004A0704D51A68936843F400039360002066
:10268000704700BF90F82030013B012B01D900209A
:102690007047036898689A689B681201C0F380606D
:1026A00048BF0130DB00F3D50130704790F820C0FF
:1026B0000CF1FF3CBCF1010F6BD870B5046841B957
:1026C000E568AD0708D1436A43F400134362012073
:1026D00070BD2569AE07F6D004EB011C4FEA011E60
:1026E000DCF8B05105F004059560002D57D0DCF8FA
:1026F000B051ED085560DCF8B05105F00205D56029
:10270000DCF8B4512D0758BFDCF8B451DCF8B461E3
:1027100054BF05F00F05082515617444DCF8B45169
:10272000C6F3072696612D0CD4F8B86155611E706A
:1027300002687244D2F8B821120A5A7002687244D0
:10274000D2F8B821120C9A7002687244D2F8B821FB
:10275000120EDA7002687244D2F8BC211A71026853
:102760007244D2F8BC21120A5A7102687244D2F83B
:10277000BC21120C9A7102687244D2F8BC21120E6C
:10278000DA71026881B9D36843F02003D360002076
:1027900070BD436A43F48023436201207047DCF834
:1027A000B0516D0D1560A6E7136943F02003136166
:1027B000EDE700BF90F82020013A012A034605D931
:1027C000426A42F4802201205A62704702685369CB
:1027D0000B43002053617047704700BF704700BF34
:1027E000704700BF704700BF704700BF704700BF11
:1027F000704700BF704700BF704700BF704700BF01
:10280000704700BF2DE9F84F03685C69D3F8048076
:102810009F68D3F80CB0D3F81090D3F818A014F038
:10282000010605461FD0F90700F19B800026F90537
:102830000BD52B684FF480729A60BA0500F1DE80E8
:102840007B0540F1D18046F40056F9030BD52B6887
:102850004FF480329A60BA0300F1D4807B0340F1D8
:10286000C88046F40046210702D51BF0100F72D134
:10287000620702D51BF0080F7ED1A30704D52B6891
:10288000DB689F0740F09880600602D519F0100FB2
:102890005BD1A10602D519F0080F74D1E20603D569
:1028A0002B681B699B077CD1A70302D518F0100F7A
:1028B0007BD1E00302D518F0080F6BD1210440D57D
:1028C00018F0040F2B683AD0E20544BF0AF0010269
:1028D0001643A70574D4610504F400622BD51AF0E1
:1028E000040F28D046F00406002A77D01AF0700AA8
:1028F00074D0BAF1400F00F0A88000F28780BAF1DE
:10290000200F00F0BD80BAF1300F00F0B080BAF1B6
:10291000100F40F095809A69042122F070029A61AC
:1029200046F0080659606B6A334328466B62FCF731
:1029300009FCBDE8F88F12B11AF0700AD9D104224F
:102940005A60002EEFD1BDE8F88F2B68102246F4B4
:1029500080661A619DE72B68102246F40076DA60E3
:1029600086E701229A60BA0735D47B0739D43E073F
:102970005BD54FF480565AE72B680822DA60284668
:10298000FFF736FF79E72B6808221A612846FFF720
:1029900033FF83E72B6808225A602846FFF730FF91
:1029A0008CE72846FFF726FF7EE72B6810225A6047
:1029B0002846FFF723FF7CE72846FAF7CFF863E7BE
:1029C0001AF0020F87D0600546F0020604F4006298
:1029D00085D41AB18AE7FFF7FFFE27E704225A6081
:1029E000A1E74FF4006622E7380525D546F4804676
:1029F0002BE738031CD546F4803634E72846FFF72A
:102A0000EDFE22E72846FFF7EBFE2CE7BAF1500F68
:102A100024D0BAF1600F13D19A69042122F0700218
:102A20009A6146F4807659607DE7FFF7DBFEFDE6AC
:102A30002846FFF7DBFE16E72846FFF7D5FE04E73A
:102A40009A6922F070029A6179E79A69042122F06A
:102A500070029A6146F04006596064E79A69042161
:102A600022F070029A6146F0800659605BE79A692D
:102A7000042122F070029A6146F02006596052E764
:102A80009A69042122F070029A6146F0100659609A
:102A900049E700BF0749CA6803024FF6FF0003F485
:102AA000E0630240134343F0BF6343F40033CB6061
:102AB000704700BF00ED00E01B4BDB68C3F302234F
:102AC00000B5C3F1070EBEF1040F03F1040C28BFDB
:102AD0004FF0040EBCF1060F1CD9A3F1030C4FF00C
:102AE000FF3303FA0CF322EA03024FF0FF3303FA39
:102AF0000EF321EA030303FA0CF313431B0100282E
:102B0000DBB20ADB00F1604000F5614080F8003381
:102B10005DF804FB00229446E7E7044A00F00F004A
:102B2000024413765DF804FB00ED00E0FCEC00E0ED
:102B3000002807DB4109044A00F01F0001238340FD
:102B400042F82130704700BF00E100E00138B0F1E9
:102B5000807F01D30120704710B44FF0E023074C71
:102B600058614FF0F00C84F823C000220721104672
:102B70009A615DF8044B1961704700BF00ED00E0F9
:102B8000002833D0D0E90121034610B4D0E9030472
:102B90000A4302435869196822430243D3E90640B5
:102BA000224302430868124C6FF30D100243A14206
:102BB0000A6011D90F4A1048104C0A44A0FB0202C7
:102BC000120992004FF4807100201984C3E90F426A
:102BD0005DF8044B98637047094A07480A44A0FB14
:102BE00002021209A4F207449200EBE701207047A9
:102BF00007040240F8FBFDBFCDCCCCCC0004024062
:102C0000F8FFFDBF70B490F82040012C09D090F877
:102C100021C00124A44580F8204005D0002380F87D
:102C20002030022070BC7047022580F821500468D3
:102C3000C66B00258563256825F001052560056CB8
:102C40000CFA05F5756063604368102BC36A0BBF0F
:102C5000A260A160E160E26053B1236843F00E031B
:102C60002360236843F001030020236070BC704799
:102C7000236843F00A032360236823F004032360DE
:102C8000EFE700BF70B4C66B026C316804680423C0
:102C900093400B4225680ED015F0040F0BD022682C
:102CA000920603D4226822F004022260C26A736092
:102CB000CAB170BC1047022393400B4215D015F0E7
:102CC000020F12D02268920606D4226822F00A026D
:102CD0002260012280F82120826A7360002180F83E
:102CE0002010002AE5D170BC7047082393400B42A6
:102CF000F9D02B07F7D52368016B23F00E0323606F
:102D0000012303FA02F24FF4807472600484836337
:102D10000029E8D070BC08472DE9F04F0C6885B059
:102D2000002C00F0828000234FF0010B0BFA03FE11
:102D30001EEA040A75D04D6805F0030C5A000326FC
:102D40000CF1FF3806FA02F7B8F1010F6FEA070736
:102D50006ED9BCF1030F40F0BF800CFA02F2D0F83C
:102D600000C00CEA07073A4315F4403F026058D010
:102D70005F4FBA6942F00102BA61BA6902F001021A
:102D80000392039A23F0030202F1804202F580329B
:102D900003F0030C97684FEA8C0C0F2606FA0CFE22
:102DA000B0F1904F27EA0E0717D0524EB04200F014
:102DB0008580514EB04200F08880DFF844E17045D4
:102DC00075D0DFF840E170450CBF4FF0040E4FF0B6
:102DD000050E0EFA0CFC47EA0C079760474A92680A
:102DE000EE026FEA0A07454E54BF3A404AEA020231
:102DF000B260F268AE02414E54BF3A404AEA020263
:102E0000F2607268AE033D4E54BF3A404AEA020295
:102E100072603268ED03394D54BF3A404AEA02020B
:102E20002A60013334FA03F280D105B0BDE8F08F97
:102E3000D0F80890CE6809EA070906FA02F848EACD
:102E40000908C0F80880D0F804808E6828EA0E08C7
:102E5000C5F3001E0EFA03FE4EEA080EC0F804E0A9
:102E6000D0F80C8006FA02FE08EA07084EEA080EBF
:102E7000BCF1020FC0F80CE07FF46FAF0E694FEAAF
:102E8000D30803F0070E00EB88084FEA8E0E06FA0F
:102E90000EF6D8F8209001960F2606FA0EFE019E37
:102EA00029EA0E0946EA090EC8F820E055E74FF076
:102EB000030E0EFA0CFC47EA0C078EE74FF0010EEA
:102EC0000EFA0CFC47EA0C0787E74FF0020E0EFAE9
:102ED0000CFC47EA0C0780E7D0F80C808E6808EA03
:102EE000070806FA02FE4EEA080EC0F80CE034E7C6
:102EF000001002400004004800080048000401409F
:102F0000000C0048001000480369194214BF01205A
:102F1000002070470AB1816170478162704700BF2D
:102F2000436901EA030221EA030141EA02418161A6
:102F3000704700BF044A5169014200D1704708B58B
:102F40005061FCF719F908BD00040140F8B50368A9
:102F50009C6914F0100C054641D0164610220F460D
:102F6000DA619C6914F0200479D1781C4DD19A69FA
:102F70009106FCD52022DA619A6944F0040CD4054C
:102F80004FF001002FD457053AD54FF48061D96135
:102F90004CF0080C960504D54FF400724CF0020C6E
:102FA000DA619A69910744BF00229A629A69D2074E
:102FB00003D49A6942F001029A615A6829490A4089
:102FC0005A606B6C002243EA0C0320216B6485F885
:102FD000402085F8411085F842200120F8BD9A690B
:102FE000D4056046CFD54FF48071D96151054CF0BE
:102FF000010CCFD54FF48061D9614CF0080CC9E7C2
:103000009405C9D40028CCD1F8BDFEF707FC801B7D
:10301000B8422B6804D81FB19A699206A5D5A9E7D2
:10302000586895F8422099690C04D2B20BD5410436
:1030300009D4202A07D05A6842F480425A60FEF729
:10304000EDFB2B6806469A6992068AD4FEF7E6FBEA
:10305000831B192B2B68F6D99A6920248CE700244E
:1030600088E700BF00E800FE70B5036804460D461F
:10307000164605E0FFF76AFF00BB6A1C08D123680B
:103080009B699B07324629462046F3D5002070BD38
:10309000FEF7C4FB801BA842236801D8002DEFD1A6
:1030A0009A6912F00202EBD1636C84F8402020216F
:1030B0000B43636484F8411084F84220012070BD02
:1030C0002DE9F843DDF820901E4605460368884642
:1030D000174605E0FFF73AFF68BB731C0ED12B685B
:1030E0009C6938EA04040CBF01230023BB424A4612
:1030F00031462846EED00020BDE8F883FEF78EFB6F
:10310000A0EB0900B0422B6801D8002EE8D19A69E3
:1031100038EA02020CBF01220022BA42E0D16B6CF5
:10312000002243F0200320216B6485F8402085F8BD
:10313000411085F842200120DEE700BF03689B694B
:103140009B0629D470B505460C4616460DE0FEF7E1
:1031500065FB801BA042296800D81CB98B6913F05D
:1031600020030DD08B699B0608D4324621462846A1
:10317000FFF7ECFE0028EAD0012070BD002070BDF2
:103180006A6C85F8403020210A436A64012085F882
:10319000411085F84230F0E700207047704700BFCB
:1031A000002854D010B590F84130044603F0FF02D7
:1031B000002B47D02368242284F8412019686268D4
:1031C00021F0010122F0706219601A619A68E168C9
:1031D00022F4004201299A60A26809D042F4044214
:1031E00002299A6007D15A6842F400625A6006E0E8
:1031F00042F400429A605A6822F400625A605968A8
:10320000226941F0007141F4004159606169D86858
:103210000A43A16920F4004042EA0122E169D86032
:10322000206ADA6001431960196841F001011960F0
:1032300000222023626484F84130226384F8422013
:10324000104610BD80F84020FFF7A8FFB2E701202C
:10325000704700BF704700BFB0B10268242310B5AB
:1032600080F84130136823F0010304461360FFF730
:10327000F1FF0023636484F8403084F84130236315
:1032800084F84230184610BD012070472DE9F04700
:10329000994690F8413082B0202B0A9E40F09080F1
:1032A00090F84030012B044600F08A804FF0010A6C
:1032B00080F840A00F469046FEF7B0FA5246054609
:1032C000009019234FF400412046FFF7F9FE002833
:1032D00072D1212384F84130102384F84230606495
:1032E000A4F82A90638D2268C4F824809BB2FF2B37
:1032F0006063C7F3090767D8638D9BB22385002BF2
:1033000040F08D8053684A490B403B4343F00073C3
:1033100043F400535360638D9BB22A4631462046E6
:10332000002B38D0FFF7A0FE002845D1616A236842
:1033300011F8012B9A62638D228D6162013B9BB271
:103340006385638D013A92B29BB22285002BE2D055
:10335000002AE0D18021009533462046FFF7B0FED9
:10336000FF2148BB638DDFF8D0C022689BB28B423F
:10337000604647D95368218503EA0C033B4343F079
:10338000FF7343F480335360638D9BB22A4631460A
:103390002046002BC6D1FFF7D1FE68B92368254D22
:1033A0002021D9615A682A405A6084F8411084F873
:1033B000400084F8420000E0012002B0BDE8F08740
:1033C000022002B0BDE8F087FF232385FE214FF4E1
:1033D0007F034FF0807018F801CBC2F828C0218518
:1033E000618DDFF84CC0C4F82480013989B2618551
:1033F00051683B4301EA0C010B43034343F4005380
:10340000536088E7638D51689BB22385DBB247EA3E
:10341000034301400B4343F0007353607BE7013BE0
:1034200099B24B1CDBB21B044FF00070D3E700BF16
:10343000009800FC00E800FE009C00FC2DE9F04F25
:10344000994690F8413083B0202BBDF834A00E9FF0
:1034500040F0A7800C9B0446002B00F09B80BAF143
:10346000000F00F0978090F84030012B00F0998019
:103470004FF0010B80F840B00D469046FEF7CEF9B4
:103480005A460646009019234FF400412046FFF7A4
:1034900017FE002840F081800C9B6362212384F892
:1034A0004130226862496063402384F8423060649E
:1034B000A4F82AA053680B405FFA89F143EA01435C
:1034C000C5F309052B4343F0807343F40053536065
:1034D000394632462046FFF7C7FD002865D1B9F1CD
:1034E000010F236865D15FFA88F29A6200963B4625
:1034F000002280212046FFF7E3FD002855D1638D8F
:1035000022689BB2FF2B70D953684A490B402B436A
:1035100043F0FF7343F48033FF212185536003E0C0
:10352000638D9BB2002B6ED0324639462046FFF7A2
:103530009BFD002831D1616A236811F8012B9A6242
:10354000638D228D6162013B9BB26385638D013A7D
:1035500092B29BB22285002BE2D0002AE0D18021DA
:1035600000963B462046FFF7ABFDFF21A8B9638DCF
:10357000DFF8C0C022689BB28B42604628D95368EE
:10358000218503EA0C032B4343F0FF7343F480339C
:103590005360C5E74FF400736364012003B0BDE8D6
:1035A000F08F022003B0BDE8F08F002384F8403094
:1035B000F3E74FEA18229A62394632462046FFF76F
:1035C00053FD0028F1D122685FFA88F393628DE7FA
:1035D000638D51689BB22385DBB245EA034301400A
:1035E0000B4343F0007353609AE7638D11485168B1
:1035F0009BB22385DBB245EA034301400B4343F012
:103600000073536090E7324639462046FFF796FD37
:103610000028C2D12368084D2021D9615A682A4068
:103620005A6084F8411084F8400084F84200B5E7FD
:10363000009800FC009C00FC00E800FE2DE9F04F23
:10364000994690F8413083B0202BBDF834A00E9FEE
:1036500040F0A8800C9B0446002B00F09C80BAF13F
:10366000000F00F0988090F84030012B00F09A8015
:103670004FF0010B80F840B00D469046FEF7CEF8B3
:103680005A460646009019234FF400412046FFF7A2
:1036900017FD002840F082800C9B6362222384F88F
:1036A0004130226864496063402384F8423060649A
:1036B000A4F82AA053680B405FFA89F143EA01435A
:1036C000C5F309052B4343F4005353603946324692
:1036D0002046FFF7C9FC002868D1B9F1010F236823
:1036E00068D15FFA88F29A6200963B460022402138
:1036F0002046FFF7E5FC002858D1638D22689BB275
:10370000FF2B73D953684C490B402B4343F0807314
:1037100043F4923301212185536003E0638D9BB212
:10372000002B73D000963B46002204212046FFF771
:10373000C7FC002832D12268636A526A1A70638D0E
:10374000228D616A013B9BB26385638D013A92B21F
:1037500001319BB261622285002BDFD0002ADDD1CE
:10376000802100963B462046FFF7AAFC0121A8B91C
:10377000638DDFF8CCC022689BB2FF2B604628D94E
:103780005368218503EA0C032B4343F0807343F411
:1037900080335360C2E74FF400736364012003B0C9
:1037A000BDE8F08F022003B0BDE8F08F002384F85D
:1037B0004030F3E74FEA18229A62394632462046F3
:1037C000FFF752FC0028F1D122685FFA88F3936278
:1037D0008AE7638D51689BB22385DBB245EA0343D8
:1037E00001400B4343F00073536097E7638D124829
:1037F00051689BB22385DBB245EA034301400B438A
:1038000043F0007343F4105353608BE7324639465C
:103810002046FFF793FC0028C0D12368074D2021E4
:10382000D9615A682A405A6084F8411084F84000EF
:1038300084F84200B3E700BF009800FC00E800FEF7
:10384000009C00FC2DE9F04784B004460020039062
:1038500094F84100202867D1174622689946936959
:1038600013F4004360D194F8400001285CD0C1F308
:103870000906012184F8401046F00078242184F8DC
:10388000411048F420586364E368012B06BF46F0FA
:10389000007343F4005343465360FDF7BFFF0546F2
:1038A00020688369826903F0200302F01002134349
:1038B0001CD1B9F1FF3F11D0FDF7B0FF401B4845C7
:1038C00045D8B9F1000F08D141E0B9F1FF3F05D06B
:1038D000FDF7A4FF401B484539D8206881698369FA
:1038E00001F0200103F010031943EED0836913F0B7
:1038F000100A1DD100954B46524620212046FFF765
:10390000DFFB002831D0636C042B04D12368202214
:10391000DA61C4F844A0039B01330393039B039B28
:10392000BB4214D22268AFE7022004B0BDE8F087A2
:103930001023C361002200954B4620212046FFF74B
:10394000BFFB0028E7D123682022DA61E3E72023C8
:1039500084F84130636C43F020036364012000234A
:1039600084F8403004B0BDE8F08722682023D3619A
:1039700084F8413084F84000D7E700BF28B338B559
:10398000D0E90031826804464CF6CC40186045F21C
:103990005550186059609A60FDF740FF236805464E
:1039A000DA6851070AD0FDF739FF401B2728236842
:1039B000F6D9DA685207F3D0032038BD1969E268F6
:1039C000914204D01A61002038BD012070474AF6A8
:1039D000AA221A60F7E700BF03684AF6AA2200206D
:1039E0001A607047024A136843F48073136070478B
:1039F00000700040002800F0BB822DE9F04303680E
:103A0000D90783B004464BD5AC494A6802F00C0292
:103A1000042A00F05D814A6802F00C02082A00F0D6
:103A20005381D4E90132B3F5803F15D0002B00F06B
:103A30008981B3F5A02F00F03682A04B196821F4DC
:103A400080311960196821F480211960D96A21F048
:103A50000F010A43DA6209E098490B6843F48033A6
:103A60000B60CB6A23F00F031343CB62FDF7D6FE46
:103A7000924F05464FF40038012605E0FDF7CEFED3
:103A8000401B642800F25A8198FAA8F33A6898FA21
:103A9000A8F3B3FA83F306FA03F31342EED02368D4
:103AA0009F073FD5854A516811F00C0F00F0CB807D
:103AB000516801F00C01082900F0C1802269002A38
:103AC00000F09481012595FAA5F3B3FA83F303F18D
:103AD000845303F584139B00784F1D60FDF79EFE11
:103AE0004FF00208064605E0FDF798FE801B02280D
:103AF00000F2248198FAA8F33A6898FAA8F3B3FA86
:103B000083F305FA03F31342EED03968F82292FAF0
:103B1000A2F26369B2FA82F2934021F0F8021343F1
:103B20003B6023681D0729D4580753D5634BDA69D6
:103B3000D10000F1C180DA6942F08052DA61DB69BC
:103B400003F080530193019B01255D4E3368DA0534
:103B500040F1E480E368012B00F06C81002B00F061
:103B60001781052B554B1A6A00F0A98122F001023A
:103B70001A621A6A22F004021A6260E1A269002A3B
:103B800074D0012696FAA6F24E4BDFF83081B2FAD5
:103B900082F213449B0002251E60FDF73FFE07469C
:103BA00005E0FDF73BFEC01B022800F2C78095FA36
:103BB000A5F395FAA5F395FAA5F3D8F8242095FA7C
:103BC000A5F3B3FA83F306FA03F31342E9D02368AB
:103BD0005807ABD4E36973B3384D6A6802F00C023E
:103BE000082A00F04F81022B4FF0807300F06F81A4
:103BF00093FAA3F3B3FA83F303F1845303F5841325
:103C00009B0000221A60FDF709FE4FF00077044682
:103C1000012605E0FDF702FE001B022800F28E805F
:103C200097FAA7F32A6897FAA7F3B3FA83F306FA89
:103C300003F31342EED1002003B0BDE8F0835268D5
:103C4000D6033FF53BAF022292FAA2F11B49086866
:103C500092FAA2F20121B2FA82F201FA02F20242CF
:103C60004BD022698A4248D00120E5E7012797FA24
:103C7000A7F1144BDFF84480B1FA81F10B449B00AB
:103C800002251A60FDF7CAFD064604E0FDF7C6FDF1
:103C9000801B022852D895FAA5F395FAA5F395FA58
:103CA000A5F3D8F8242095FAA5F3B3FA83F307FA1D
:103CB00003F31342EAD18AE7002546E700100240E9
:103CC00000700040208190104A68D2037FF5A9AEB1
:103CD0004FF4003292FAA2F1A649086892FAA2F2D1
:103CE0000121B2FA82F201FA02F202423FF4D8AEA6
:103CF0006268002A7FF4D4AEB6E79E4DF8212868AA
:103D000091FAA1F16269B1FA81F120F0F8008A40DC
:103D100002432A601D077FF507AF2FE7336843F49E
:103D200080733360FDF77AFD07463368DB053FF5A6
:103D300011AFFDF773FDC01B6428F6D9032003B053
:103D4000BDE8F0838B4D2B6823F480332B602B6808
:103D500023F480232B60EB6A23F00F031343EB6201
:103D6000FDF75CFD4FF400380646012704E0FDF73F
:103D700055FD801B6428E1D898FAA8F32A6898FAC0
:103D8000A8F3B3FA83F307FA03F31342EFD186E6FD
:103D9000784E336A23F001033362336A23F004035D
:103DA0003362FDF73BFD4FF0020907464FF0010873
:103DB00006E0FDF733FD41F28833C01B9842BDD8C1
:103DC00099FAA9F399FAA9F3326A99FAA9F3B3FA1D
:103DD00083F308FA03F31342EBD1002D3FF4FAAE5C
:103DE000644AD36923F08053D361F3E6012696FA3F
:103DF000A6F3B3FA83F303F1845303F584139B0012
:103E00005C4F1A60FDF70AFD4FF00208054604E01A
:103E1000FDF704FD401B022890D898FAA8F33A68F1
:103E200098FAA8F3B3FA83F306FA03F31342EFD137
:103E3000236877E64F4A136A43F001031362FDF7E4
:103E4000EDFCDFF8308106464FF00209012707E05C
:103E5000FDF7E4FC41F28833801B98423FF66EAFD9
:103E600099FAA9F399FAA9F3D8F8202099FAA9F3B5
:103E7000B3FA83F307FA03F31342E9D0002D3FF4BA
:103E8000A9AEADE7012B3FF4EFAE6B68226A03F4F5
:103E9000803191427FF4E8AE606A03F47013181A1F
:103EA00018BF0120C8E603F18043A3F53C3319682D
:103EB00041F480211960196841F48031C5E542F070
:103EC00004021A621A6A42F001021A62B7E793FA10
:103ED000A3F3B3FA83F303F1845303F584139B0034
:103EE00000221A60FDF79AFC4FF000780646012781
:103EF00005E0FDF793FC801B02283FF61FAF98FA00
:103F0000A8F32A6898FAA8F3B3FA83F307FA03F33D
:103F10001342EED1D4E908136A680B4322F47412F9
:103F200013436B604FF0807393FAA3F3B3FA83F3F8
:103F300003F1845303F584139B000E4E1F60FDF7BD
:103F40006DFC4FF000770446012505E0FDF766FCA7
:103F5000001B02283FF6F2AE97FAA7F3326897FAF1
:103F6000A7F3B3FA83F305FA03F31342EED062E644
:103F700001207047001002400E4A536803F00C0104
:103F8000082901D00C487047C3F383410B48D26A1B
:103F9000405CDB0309D50A49074B02F00F028A5C3B
:103FA000B3FBF2F303FB00F07047064B03FB00F09A
:103FB000704700BF0010024000127A00107601081E
:103FC0000076010800093D00002800F08D80504A6D
:103FD000136803F007038B422DE9F0410D460446B8
:103FE0000CD2136823F007030B431360136803F02C
:103FF00007038B4202D00120BDE8F08123689807B7
:1040000006D54449A0684A6822F0F00202434A609B
:10401000D9072CD56268012A68D0022A0CBF4FF05C
:104020000073022393FAA3F13A49086893FAA3F3C1
:104030000121B3FA83F301FA03F30342DBD0354ED7
:10404000736823F0030313437360FDF7E7FB41F24A
:104050008838074604E0FDF7E1FBC01B404554D813
:104060007368626803F00C03B3EB820FF3D1284A44
:10407000136803F00703AB4209D9136823F0070361
:104080002B431360136803F00703AB42B3D12368DB
:104090005A0706D51F49E0684A6822F4E0620243E5
:1040A0004A601B0707D51B4A2169536823F46053F4
:1040B00043EAC1035360FFF75FFF164BF0225B68D2
:1040C00092FAA2F2B2FA82F203F0F003124C134910
:1040D000D340134AE35C20FA03F308681360FDF74A
:1040E0005BFB0020BDE8F081012070474FF40033F6
:1040F00093FAA3F10749096893FAA3F3B3FA83F398
:1041000002FA03F30B429AD175E7032074E700BF6C
:1041100000200240001002402053010864000020EB
:10412000500000202DE9F0430368DD0383B004460E
:1041300040D57D4BDA69D00040F1B6807B4D2B68CD
:10414000D9054FF0000640F1BF80DFF8DC816168DF
:10415000D8F8203013F4407320D001F440729A4212
:104160001CD0D8F820104FF4803321F4407093FA1B
:10417000A3F26F4FB2FA82F23A4492000125156021
:1041800093FAA3F3B3FA83F33B449B0000221A6033
:10419000CB07C8F8200000F1AB806168624A136A5F
:1041A00023F440730B4313621EB1D36923F0805391
:1041B000D3612368DF0706D55B49A0680A6B22F04C
:1041C000030202430A639E0706D55749E0680A6B5B
:1041D00022F4403202430A635D0706D55249206942
:1041E0000A6B22F4402202430A63980606D54E4920
:1041F000E0690A6B22F0100202430A63990306D5B4
:104200004949A06B4A6822F4800202434A605A0678
:1042100006D54549206A0A6B22F0200202430A6350
:104220001F0706D5404960690A6B22F44012024319
:104230000A63DE0606D53C49A0690A6B22F44002F7
:1042400002430A639D0506D53749E06A4A6822F4AD
:10425000000202434A60180606D53349606ACA6AFA
:1042600022F4F8720243CA62D90506D52E49A06A23
:10427000CA6A22F478520243CA62DA0406D52A498D
:10428000206B0A6B22F4807202430A639B0403D4FE
:10429000002003B0BDE8F083234A616B136B23F465
:1042A00000730B431363F3E7DA69204D42F0805249
:1042B000DA61DB6903F080530193019B2B68D90518
:1042C0004FF001063FF541AF2B6843F480732B603C
:1042D000FDF7A4FA07462B68DA053FF536AFFDF780
:1042E0009DFAC01B6428F6D9032003B0BDE8F08313
:1042F000FDF794FA4FF00209074699FAA9F399FAE3
:10430000A9F3D8F8202099FAA9F3B3FA83F305FAB0
:1043100003F313427FF441AFFDF780FA41F2883393
:10432000C01B9842E9D9DFE700100240007000404E
:10433000008190102DE9F04383B01F4614460A9E79
:104340000D468046FDF76AFA3E44361AFDF766FAD6
:104350002C4B1A68C2F3CB3206FB02F28146019263
:10436000D8F80020936835EA03030CBF012300232B
:10437000A34209D07B1C0BD1936835EA03030CBF21
:10438000012300239C42F7D1002003B0BDE8F08355
:10439000FDF744FAA0EB0900B04208D2019B002BC4
:1043A000019B03F1FF3308BF00260193D8E7D8E94A
:1043B00000315A68B1F5827F22F0E0025A6014D0D1
:1043C000D8F82820B2F5005F07D11A6822F400520D
:1043D0001A601A6842F400521A600122002388F819
:1043E0005D2088F85C300320CFE7D8F80820B2F5CC
:1043F000004F02D0B2F5806FE2D11A6822F040027D
:104400001A60DDE7500000202DE9F04F83B0984698
:10441000002316468DF803300C9C07460D46FDF729
:10442000FDF94444A4EB0009FDF7F8F9384BD7F83F
:1044300000B01A6802EB8202C2EBC2031B0D09FB3B
:1044400003F3824601935A4693682B40B34216D039
:10445000B5F5C06F0AD0B8F1FF3F1ED1946805EAE8
:10446000040C66450BD0B5F5C06FF7D15EB1B8F15D
:10447000FF3F12D1936803F4C0639E42F6D100203F
:1044800003B0BDE8F08F9BF80C30DBB28DF8033041
:10449000B8F1FF3F9DF80330E0D0FDF7BFF9A0EB86
:1044A0000A0048450AD2019B3A68002B019B03F1A0
:1044B000FF3308BF4FF000090193C5E7D7E900318A
:1044C0005A68B1F5827F22F0E0025A6013D0BA6ACE
:1044D000B2F5005F07D11A6822F400521A601A6818
:1044E00042F400521A600122002387F85D2087F809
:1044F0005C300320C4E7BA68B2F5004F02D0B2F5D1
:10450000806FE4D11A6822F040021A60DFE700BF32
:104510005000002070B582B00D46164600920B4642
:1045200000224FF4C0510446FFF76EFF80B90246E7
:1045300000962B4680212046FFF7FCFE024638B944
:1045400000962B464FF4C0612046FFF75DFF20B177
:10455000236E43F020032366032002B070BD00BF2A
:10456000704700BF002800F09480426A2DE9F84FA0
:104570000446002A5AD00023C0E9043394F85D3081
:1045800003F0FF01002B5CD02168E568022384F86A
:104590005D300B68B5F5E06F23F040030B6057D832
:1045A0006BD1A66A4FF4805C06F40057636802F092
:1045B000100EA26803F4827302F4044213432269CA
:1045C00002F002021343626902F0010243EA020BA5
:1045D000D4E90602236A00F4007A02F0380803F0F6
:1045E00080094BEA0A0343EA0803626B43EA0903C2
:1045F0003B4302F008020B60000C05F4706300F00E
:1046000004001A43024342EA0E02B6F5005F42EA92
:104610000C0226D04A60CB69002023F400630122FB
:10462000CB61206684F85D20BDE8F88F4368B3F560
:10463000827FA3D0C26194F85D3003F0FF01002BAC
:10464000A2D184F85C102046FFF78AFF626A9BE7DC
:10465000B5F5706F1FD1A66A4FF0000C06F4005735
:10466000A4E7236B7BB9B5F5E06F17D90223236369
:104670000B6843F400630B6007E04FF4805C002795
:10468000A7623E4692E7022BF2D0A38D4A600B61EF
:10469000C1E7012070474FF0000CF0E701232363CE
:1046A000F3E700BF90F85D30012B70D1002970D086
:1046B000002A6ED010B50446D8B294F85C30012BB5
:1046C0007BD084F85C00A068A28700234FF0030C25
:1046D000B0F5004F84F85DC0C4E913332366A163CD
:1046E000E28723642268A4F84430A4F8463007D156
:1046F000136823F040031360136843F4804313608E
:10470000A36AB3F5005F07D1136823F40053136065
:10471000136843F400531360606D294BC362294B47
:104720008362294B036300234363536823F480436C
:104730005360E368B3F5E06F0FD84369B3F5806F5A
:104740000BD1E38F13F0010F53682DD123F4804375
:104750005360E38FC3F34E03E387E38F0C329BB2C6
:10476000FEF750FAB8B923681A68520603D41A68DB
:1047700042F040021A60002284F85C205A6842F03D
:1047800020025A605A6842F002025A6010BD0220AC
:10479000704701207047236E002243F0100384F815
:1047A0005C202366012010BD43F480435360E38FF7
:1047B000C3F34E030133E387CFE7022010BD00BFF0
:1047C000D547010809480108E5470108704700BFBF
:1047D000704700BF08B5406AFFF7FAFF08BD00BF89
:1047E000704700BF406A026808B5536823F00303AE
:1047F0005360036E012143F01003036680F85D10DF
:10480000FFF7EEFF08BD00BF30B5054683B0446A30
:10481000FDF704F82B681B689B0622D42368024628
:10482000586820F020005860586820F00200586056
:1048300064212046FFF76EFE18B1236E43F020037B
:104840002366A36833B922680193D3680193936800
:104850000193019B01230022E28784F85D30236EDF
:1048600023B92046FFF7B2FF03B030BD2046FFF763
:10487000B7FF03B030BD00BF90F85D00704700BFC8
:10488000036A026A22F00102026270B4446882691B
:104890000D6822F4803222F073022A438D6823F0DF
:1048A00002032B43134DA8420FD005F50065A84223
:1048B0000BD005F54065A84207D005F58065A842F4
:1048C00003D005F58065A8420DD1CD6823F008031B
:1048D0002B43D1E9056524F4407446EA050C23F026
:1048E00004034CEA040449684460826170BC41637B
:1048F00003627047002C0140036A026A22F480724E
:10490000026270B44468C2690D6822F4803222F0F9
:1049100073022A438D6823F4007343EA0523144D80
:10492000A8420FD005F50065A8420BD005F54065FB
:10493000A8420ED00F4DA8420BD005F58065A842C5
:104940000FD106E0CD6823F4006343EA052323F486
:104950008063D1E9056524F4405446EA050C44EA35
:104960000C1449684460C26170BCC1630362704743
:10497000002C014000440140036A026A22F4805284
:10498000026230B44468C2690D6822F0807222F479
:10499000E64242EA05228D6823F4005343EA0533D8
:1049A0000F4DA8420FD005F50065A8420BD005F5C4
:1049B0004065A84207D005F58065A84203D005F5FB
:1049C0008065A84204D14D6924F4804444EA8514EA
:1049D00049684460C26130BC01640362704700BF33
:1049E000002C0140036A026A22F48032026230B471
:1049F0004468426D0D6822F4803222F070022A432E
:104A00008D6823F4003343EA05430F4DA8420FD0CD
:104A100005F50065A8420BD005F54065A84207D012
:104A200005F58065A84203D005F58065A84204D14C
:104A30004D6924F4803444EA0524496844604265A1
:104A400030BC816503627047002C0140036A026A32
:104A500022F48012026230B44468426D0D6822F084
:104A6000807222F4E04242EA05228D6823F40013AA
:104A700043EA05530F4DA8420FD005F50065A84243
:104A80000BD005F54065A84207D005F58065A84222
:104A900003D005F58065A84204D14D6924F4802433
:104AA00044EA852449684460426530BCC1650362BC
:104AB000704700BF002C0140704700BF90F83D30A8
:104AC000012B22D103681649022280F83D20DA68C2
:104AD0008B4242F00102DA6019D0B3F1804F16D058
:104AE000104A934213D002F5806293420FD002F530
:104AF000963293420BD002F54062934207D01A6877
:104B000042F001021A600020704701207047996846
:104B1000054A0A40062AF6D0B2F5803FEFD1F2E707
:104B2000002C0140000400400700010010290AD8B1
:104B3000DFE801F0190909094F09090957090909AD
:104B40005F090909670090F84330012B6AD10B1FF8
:104B50000C2B5ED8DFE803F0415D5D5D495D5D5D76
:104B6000515D5D5D590090F83E30012B5AD1022312
:104B700080F83E30036801F01F01186A01228A4064
:104B800020EA02001862186A2E4902438B421A6218
:104B900043D02D4A934240D002F5406293423CD02C
:104BA00002F5806293423FD002F5806293423BD08F
:104BB000B3F1804F3DD19968244A0A40062A06D0B5
:104BC000B2F5803F03D01A6842F001021A6000205B
:104BD000704790F83F30012B24D1022380F83F30FA
:104BE000C8E790F84030012B1CD1022380F84030F8
:104BF000C0E790F84130012B14D1022380F84130F6
:104C0000B8E790F84230012B0CD1022380F84230F3
:104C1000B0E7022380F84330ACE75A6C42F400421C
:104C20005A64C8E7012070475A6C42F400425A6443
:104C3000C9E7074A9342BED002F580629342BAD0D8
:104C4000C1E700BF002C0140003401400700010013
:104C500000040040704700BFFFF768BF704700BF07
:104C6000704700BF704700BF704700BF036870B552
:104C7000DE681D69A907044601D5B20751D46A0749
:104C800001D573073AD4280701D5310724D4EB06A0
:104C900001D5F00610D4E90701D5F20763D42B063D
:104CA0004CD5300667D4680601D571066DD4AA06C6
:104CB00001D5B3064ED470BD23686FF010021A619F
:104CC00008222277DB6913F4407F204671D0FFF77A
:104CD000C7FF00232377DEE723686FF008021A611D
:104CE00004222277DB699A0720465FD1FFF7B6FFDF
:104CF0002046FFF7B7FF00232377C8E723686FF04C
:104D000004021A61022222779B6913F4407F204635
:104D100049D1FFF7A3FF2046FFF7A4FF0023237725
:104D2000B1E76FF002021A61012202779B699907CD
:104D300033D0FFF795FF00232377A0E7EA05B2D52C
:104D40003306B0D523686FF480721A61204600F0F4
:104D5000CBF9A8E723686FF0200220461A61BDE86E
:104D6000704000F0BDB923686FF001021A6120465F
:104D7000FAF7A6FA93E723686FF080021A612046DB
:104D800000F0B0F9E9058ED5DCE723686FF040024A
:104D90001A612046FFF768FF89E7FFF75FFF2046AB
:104DA000FFF760FFC7E7FFF75BFFB7E7FFF758FFC5
:104DB000A1E7FFF753FF2046FFF754FF89E700BF45
:104DC000304A0368904230B422D0B0F1804F3AD0DC
:104DD000A2F59432904236D002F58062904232D0F1
:104DE00002F59632904213D0274A90423CD002F509
:104DF0008062904238D002F58062904234D00A68D6
:104E00008C684969C46223F080030B43826211E01D
:104E10004C68CA6823F07003234323F440731343A0
:104E20008A684C69C2620A68826223F08003234365
:104E30000A6902630268012142F00402026030BC88
:104E40004161036070474A68CC6823F070031343E4
:104E500023F440734A69234323F080038C6813438F
:104E60000A68C4628262E5E7CC684A698D68C562F7
:104E700023F44073234323F0800313430A688262C0
:104E8000D6E700BF002C01400040014070B310B5D0
:104E900090F83D30044603F0FF0213B3214602238D
:104EA00084F83D3051F8040BFFF78AFF012384F8A2
:104EB000483084F83E3084F83F3084F8403084F83D
:104EC000413084F8423084F8433084F8443084F828
:104ED000453084F8463084F8473084F83D3000206F
:104EE00010BD80F83C20FFF7E7FDD7E701207047B1
:104EF00070B310B590F83D30044603F0FF0213B3D1
:104F00002146022384F83D3051F8040BFFF758FF87
:104F1000012384F8483084F83E3084F83F3084F828
:104F2000403084F8413084F8423084F8433084F8CB
:104F3000443084F8453084F8463084F8473084F8AB
:104F40003D30002010BD80F83C20FFF783FED7E7FE
:104F500001207047036A026A22F01002026270B4F4
:104F6000446882690D6822F0807222F4E64242EAC7
:104F700005228D6823F0200343EA0513144DA8424F
:104F80000FD005F50065A8420BD005F54065A84295
:104F90000ED0104DA8420BD005F58065A8420FD168
:104FA00006E0CD6823F0800343EA051323F04003B5
:104FB000D1E9056524F4406446EA050C44EA8C0412
:104FC00049684460826170BC81630362704700BFBE
:104FD000002C01400044014038B590F83C30012BD2
:104FE0007CD0012304460D4680F83C30142A0CD8AE
:104FF000DFE802F0220B0B0B320B0B0B430B0B0BFE
:10500000530B0B0B640B0B0B10000120002384F8D7
:105010003C3038BD0068FFF719FD436D2A6943F441
:1050200000634365436D23F480634365436D43EA46
:10503000022343650020E9E70068FFF721FC83694C
:105040002A6943F008038361836923F004038361C1
:10505000836913438361EDE70068FFF77BFF836992
:105060002A6943F400638361836923F48063836165
:10507000836943EA02238361DCE70068FFF73CFCB5
:10508000C3692A6943F00803C361C36923F00403B9
:10509000C361C3691343C361CCE70068FFF76CFCCD
:1050A000C3692A6943F40063C361C36923F480635D
:1050B000C361C36943EA0223C361BBE70068FFF72A
:1050C00091FC436D2A6943F008034365436D23F067
:1050D00004034365436D13434365ABE7022038BDCA
:1050E000704700BF704700BF704700BFF8B500BFF2
:1050F000F8BC08BC9E467047F8B500BFF8BC08BCB9
:045100009E46704710
:10510800000414D5D51404000000FEFEFE000000C3
:10511800000000000000FEFEFE000000FEFEFE860D
:1051280086868686868686867878780000000606D3
:1051380006060606FEFEFE06060606060600000031
:10514800F8F8F80606060606060606060606060027
:105158000000E000000000E0E0000010F8F80000A7
:1051680000000000000000000000000010F8F80037
:1051780000008080808080808000F008080808088F
:105188001000F8080808080000001F1F1F60606072
:105198006060606060601F1F1F0000007F7F7F01EC
:1051A8000101070707191919606060000000000075
:1051B800000000007F7F7F0000000000000000006A
:1051C8001F1F1F60606060606060606060606000FA
:1051D8000000030408080403030000080F0F080078
:1051E8000000000C0C0C000000000000080F0F0865
:1051F8000000000000000000000007080808080878
:1052080004000F0808080F0000000000000000005C
:105218000000000000000000F80606060600FE80F8
:105228008080FE00FE8686860600F80606060600D2
:10523800FE80601806000000000000000606FE065A
:105248000600FE060606F800000000000000000048
:1052580006FE0600FE000000FE00FE18E018FE0034
:10526800FE8686867800FE8686860600FE86868608
:10527800780078868686060000000000000000009E
:105288000000000000000000000000000000000016
:1052980000000000000000001F60606060007F01E7
:1052A80001017F007F61616160001F6060606000D4
:1052B8007F010618600000000000000060607F6049
:1052C80060007F6060601F00000000000000186040
:1052D800601F00001F6060601F007F0001007F00EA
:1052E8007F01010100007F61616160007F01071992
:1052F8006000606161611E000000000000000000A5
:105308000000000000000000000000000000F03F66
:1053180059F3F8C21F6EA50100000000000000004C
:1053280001020304060708097400400182003601DF
:1053380092002C01A4002201B9001801D2000E012C
:10534800EF0004011101FA003901F0006801E600DC
:10535800A001DC00E201D2003002C8008D02BE00CC
:10536800FB02B4007D03AA001504A000C504960042
:105378008F058C00720682006D07780079086E0030
:105388008F096400A40A5A00AD0B5000A00C460017
:10539800740D3C00250E3200B20E28001D0F1E00B1
:1053A8006B0F1400A20F0A00C70F000000000000D6
:1053B8000000004F00000700070000147F147F144E
:1053C800242A7F2A12231308646236495522500082
:1053D80005030000001C2241000041221C001408A3
:1053E8003E081408083E08080000000000000000FD
:1053F800000000606000003E5149453E00427F4089
:105408000042615149462141454B311814127F1021
:1054180027454545393C4A49493001710905033654
:1054280049494936064949291E00363600000056C2
:1054380036000008142241001414141414004122E8
:1054480014080201510906324979413E7E111111B1
:105458007E7F494949363E414141227F4141221CD4
:105468007F494949417F090909013E4149497A7FF4
:105478000808087F00417F41002040413F007F0825
:105488001422417F404040407E020C027E7F040887
:10549800107F3E4141413E7F090909063E415121A5
:1054A8005E7F09192946464949493101017F0101B1
:1054B8003F4040403F1F2040201F3F4038403F634F
:1054C80014081463070870080761514945435C3A9A
:1054D8002D205B000000000000000000000000001C
:1054E80000000000000000404040404092492492E3
:1054F80049269249349249369249A49249A692493A
:10550800B49249B6924D24924D26924D34924D361E
:10551800924DA4924DA6924DB4924DB692692492A2
:1055280069269269349269369269A49269A6926949
:10553800B49269B6926D24926D26926D34926D364E
:10554800926DA4926DA6926DB4926DB69349249310
:1055580049269349349349369349A49349A69349D4
:10556800B49349B6934D24934D26934D34934D36B9
:10557800934DA4934DA6934DB4934DB6936924933C
:1055880069269369349369369369A49369A69369E4
:10559800B49369B6936D24936D26936D34936D36E9
:1055A800936DA4936DA6936DB4936DB69A49249A9E
:1055B80049269A49349A49369A49A49A49A69A4951
:1055C800B49A49B69A4D249A4D269A4D349A4D3636
:1055D8009A4DA49A4DA69A4DB49A4DB69A69249AB2
:1055E80069269A69349A69369A69A49A69A69A6961
:1055F800B49A69B69A6D249A6D269A6D349A6D3666
:105608009A6DA49A6DA69A6DB49A6DB69B49249B1F
:1056180049269B49349B49369B49A49B49A69B49EB
:10562800B49B49B69B4D249B4D269B4D349B4D36D0
:105638009B4DA49B4DA69B4DB49B4DB69B69249B4B
:1056480069269B69349B69369B69A49B69A69B69FB
:10565800B49B69B69B6D249B6D269B6D349B6D3600
:105668009B6DA49B6DA69B6DB49B6DB6D24924D24D
:105678004926D24934D24936D249A4D249A6D24978
:10568800B4D249B6D24D24D24D26D24D34D24D365D
:10569800D24DA4D24DA6D24DB4D24DB6D26924D2A1
:1056A8006926D26934D26936D269A4D269A6D26988
:1056B800B4D269B6D26D24D26D26D26D34D26D368D
:1056C800D26DA4D26DA6D26DB4D26DB6D34924D30F
:1056D8004926D34934D34936D349A4D349A6D34913
:1056E800B4D349B6D34D24D34D26D34D34D34D36F8
:1056F800D34DA4D34DA6D34DB4D34DB6D36924D33B
:105708006926D36934D36936D369A4D369A6D36922
:10571800B4D369B6D36D24D36D26D36D34D36D3627
:10572800D36DA4D36DA6D36DB4D36DB6DA4924DA9C
:105738004926DA4934DA4936DA49A4DA49A6DA498F
:10574800B4DA49B6DA4D24DA4D26DA4D34DA4D3674
:10575800DA4DA4DA4DA6DA4DB4DA4DB6DA6924DAB0
:105768006926DA6934DA6936DA69A4DA69A6DA699F
:10577800B4DA69B6DA6D24DA6D26DA6D34DA6D36A4
:10578800DA6DA4DA6DA6DA6DB4DA6DB6DB4924DB1E
:105798004926DB4934DB4936DB49A4DB49A6DB492A
:1057A800B4DB49B6DB4D24DB4D26DB4D34DB4D360F
:1057B800DB4DA4DB4DA6DB4DB4DB4DB6DB6924DB4A
:1057C8006926DB6934DB6936DB69A4DB69A6DB693A
:1057D800B4DB69B6DB6D24DB6D26DB6D34DB6D363F
:1057E800DB6DA4DB6DA6DB6DB4DB6DB652454144C1
:1057F8005920202020202020200000004C49474824
:1058080054204F4E202020202000000044495350AF
:10581800454E53494E472020200000004452495627
:10582800494E4720202020202000000053454152A7
:105838004348494E472020202000000049444C4559
:10584800202020202020202020000000524F5441FA
:1058580054494E4720202020200000005343414E49
:105868004E494E4720202020200000005354414E2E
:10587800444259202020202020000000484541545F
:10588800494E472E2E2E20202000000041524D4523
:105898004420202020202020200000004452494C91
:1058A8004C494E47202020202000000050415254EF
:1058B800205049434B454420200000005052494E97
:1058C80054494E472020202020000000454E4752D2
:1058D8004156494E47202020200000004752495099
:1058E80050494E47202020202000000054454D50AC
:1058F8003A200000204320202020202020200000E3
:1059080052504D3A20000000202020202020202046
:10591800202000004C41534552205057523A200055
:105928002025202020202000484F54454E443A206E
:10593800000000002043202020202020000000003C
:1059480056414355554D3A200000000020202020A4
:10595800202020005354524F42453A2000000000B6
:10596800484954533A20000020202020202020209D
:105978002000000053544550533A20002020202096
:105988002020202000000000454E4453544F503A38
:105998002048495420200000454E4453544F503A63
:1059A800204F50454E20000046494C4C0000000056
:1059B8004F4B00004C494748543A204F4646202058
:1059C800202000004C494748543A2046495845444D
:1059D800202000004C494748543A205354524F4223
:1059E80045200000434845434B204944204A554D33
:1059F80050455253000000005B204352495449432C
:105A0800414C204552524F52205D000020535953BB
:105A180054454D20424C4F434B4544200000000064
:105A280054313220534F4C4445522049524F4E0076
:105A380050415354452044495350454E5345520014
:105A48004C49515549442044495350454E535200FE
:105A5800534352455744524956455220202020006E
:105A680056414355554D205049434B555020200031
:105A78004452494C4C20424C3432363020202000CD
:105A8800475249505045522047494D42414C200009
:105A980047524950504552204E454D41203134001F
:105AA80056414355554D2047524950204C472000F8
:105AB800534D54205049434B26504C4143452000F8
:105AC800414F4920494E5350454354494F4E2000B9
:105AD8004C415345522044494F44452031305700EA
:105AE8003344205052494E54455220205634200009
:105AF8005343414E2050524F424520202020200041
:105B0800454C454354524F4D41474E455420200083
:105B180053504F542057454C4445522020202000D4
:105B2800434F4E464F524D414C20434F4154200065
:105B3800464C59494E472050524F4245202020009C
:105B4800555620435552494E4720202020202000FA
:105B5800484F5420414952205245574F524B20003C
:105B680050524553532D46495420494E53525400E0
:105B78004352494D50494E472041435455415400E2
:105B8800544845524D414C20494E535045435400CA
:105B98005041535445204A455454494E472020000B
:105BA800554C545241534F4E49432057454C44009D
:105BB8002D2D2D2D2D2D2D2D2D2D2D2D2D2D2D2D0D
:105BC8002D2D2D2D0000000020430000535445507A
:105BD800532052454D3A20005354415455533A20CE
:105BE800524541445900000056414355554D204106
:105BF80044433A20000000004F424A3A2000000087
:105C08005245414C2052504D3A20000053455450C3
:105C18004F494E543A200000504F5745523A2020E1
:105C2800202000004E4F5A5A4C453A004C46414EEF
:105C38003A00000052504D004846414E3A000000DC
:105C4800504552494F443A200000000053544154F3
:105C580055533A2041524D4544200000494D50418A
:105C68004354533A202000004255532043414E20CC
:105C78004F4E4C494E450000000000000000000057
:105C8800000000000000000000000000000000000C
:105C980000000000000000000000000000000000FC
:105CA80000000000000000000000000000000000EC
:105CB80000000000000000000000000000000000DC
:105CC80000000000000000000000000000000000CC
:105CD80000000000000000000000000000000000BC
:105CE80000000000000000000000000000000000AC
:105CF800000000000000000000000000000000009C
:105D080000000000000000000000000F7F7F0F006F
:105D1800000000000000000000000000000000007B
:105D2800000000000000000000000000000000006B
:105D3800000000000000000000000000000000005B
:105D4800000000000000000000000000000000004B
:105D5800000000000000000000000000000000003B
:105D6800000000000000000000000000000000002B
:105D78000000000000000000000000000000FCFC23
:105D8800FC1C1C1C1C1C1C1C1C1C1C1C1C1C1C1C6B
:105D98001C1C1C1C1C1C1C1C1CFCFCFC000000000B
:105DA80000000000000000000000000000000000EB
:105DB80000000000000000000000000000000000DB
:105DC80000000000000000000000000000000000CB
:105DD80000000000000000000000000000000000BB
:105DE80000000000000000000000000000000000AB
:105DF8000000000000000000000000000000FFFF9D
:105E0800FF00007F7F7F7F7F7F7F00000000000012
:105E18007F7F7F7F7F7F7F0000FFFFFF0000000004
:105E28000000000000000000F0F0F000000000009A
:105E3800000000000000000000000000000000005A
:105E4800000000000000000000000000000000004A
:105E5800000000000000000000000000F0F0F0303A
:105E680030F0F0E00000E0F0F03030F0F0E000302A
:105E780030F0F0F030303000000000000000FFFF8C
:105E8800FF000000C0C0C0C0C0C0C0C0C0C0C0C00B
:105E9800C0C0C0C0C0C0000000FFFFFF000000007D
:105EA80000000000C0C00000FFFFFF00FFFFFF0070
:105EB80000FFFFFF00009EDFDF636323FFFFFEFF9D
:105EC800FFFF0203FFFFFE0000FEFFFF3333BFBFEB
:105ED800BE00FFFFFF0203FFFFFE0000FFFFFF18E9
:105EE80018FFFFE70000FFFFFF0000FFFFFF0000B3
:105EF80000FFFFFF00000000000000000000FFFF9F
:105F0800FFE0E0E0E1E1E1E1E1E1E1E1E1E1E1E15E
:105F1800E1E1E1E1E1E1E0E0E0FFFFFF0000000096
:105F2800000000000F0F0C0C0F0F0700070F0F0CDD
:105F3800040F0F0F0000070F0F0C0C040F0F0F0FAB
:105F48000F0F00000F0F0F0000070F0F0C0C0F0FA3
:105F580007000F0F0F00000F0F0F00000F0F0F0C9F
:105F68000C0F0F070000070F0F0C0C0F0F07000096
:105F7800000F0F0F000000000000000000000000EC
:105F880000000000000000000F7F7F0F00000000ED
:105F980000000000000000000000000000000000F9
:105FA80000000000000000000000000000000000E9
:105FB80000000000000000000000000000000000D9
:105FC80000000000000000000000000000000000C9
:105FD80000000000000000000000000000000000B9
:105FE80000000000000000000000000000000000A9
:105FF8000000000000000000000000000000FCFCA1
:10600800FC1C1C1C1C1C1C1C1C1C1C1C1C1C1C1CE8
:106018001C1C1C1C1C1C1C1C1CFCFCFC0000000088
:106028000000000000000000000000000000000068
:106038000000000000000000000000000000000058
:106048000000000000000000000000000000000048
:106058000000000000000000000000000000000038
:106068000000000000000000000000000000000028
:106078000000000000000000000000000000FFFF1A
:10608800FF00007F7F7F7F7F7F7F00000000000090
:106098007F7F7F7F7F7F7F0000FFFFFF0000000082
:1060A8000000000000000000F0F0F0000000000018
:1060B80000000000000000000000000000000000D8
:1060C80000000000000000000000000000000000C8
:1060D800000000000000000000000000F0F0F030B8
:1060E80030F0F0E00000E0F0F03030F0F0E00030A8
:1060F80030F0F0F030303000000000000000FFFF0A
:10610800FF000000F0F0F0F0F0F0F0F0F0F0F0F048
:10611800F0F0F0F0F0F0000000FFFFFF00000000DA
:1061280000000000C0C00000FFFFFF00FFFFFF00ED
:1061380000FFFFFF00009EDFDF636323FFFFFEFF1A
:10614800FFFF0203FFFFFE0000FEFFFF3333BFBF68
:10615800BE00FFFFFF0203FFFFFE0000FFFFFF1866
:1061680018FFFFE70000FFFFFF0000FFFFFF000030
:1061780000FFFFFF00000000000000000000FFFF1C
:10618800FFE0E0E0E3E3E3E3E3E3E3E3E3E3E3E3C4
:10619800E3E3E3E3E3E3E0E0E0FFFFFF0000000008
:1061A800000000000F0F0C0C0F0F0700070F0F0C5B
:1061B800040F0F0F0000070F0F0C0C040F0F0F0F29
:1061C8000F0F00000F0F0F0000070F0F0C0C0F0F21
:1061D80007000F0F0F00000F0F0F00000F0F0F0C1D
:1061E8000C0F0F070000070F0F0C0C0F0F07000014
:1061F800000F0F0F0000000000000000000000006A
:1062080000000000000000000000000F7F7F0F006A
:106218000000000000000000000000000000000076
:106228000000000000000000000000000000000066
:106238000000000000000000000000000000000056
:106248000000000000000000000000000000000046
:106258000000000000000000000000000000000036
:106268000000000000000000000000000000000026
:106278000000000000000000000000000000FCFC1E
:10628800FC1C1C1C1C1C1C1C1C1C1C1C1C1C1C1C66
:106298001C1C1C1C1C1C1C1C1CFCFCFC0000000006
:1062A80000000000000000000000000000000000E6
:1062B80000000000000000000000000000000000D6
:1062C80000000000000000000000000000000000C6
:1062D80000000000000000000000000000000000B6
:1062E80000000000000000000000000000000000A6
:1062F8000000000000000000000000000000FFFF98
:10630800FF00000C0C0C0C0C0C0C00000000000032
:106318000C0C0C0C0C0C0C0000FFFFFF0000000024
:106328000000000000000000F0F0F0000000000095
:106338000000000000000000000000000000000055
:106348000000000000000000000000000000000045
:10635800000000000000000000000000F0F0F03035
:1063680030F0F0E00000E0F0F03030F0F0E0003025
:1063780030F0F0F030303000000000000000FFFF87
:10638800FF000000C0C0C0C0C0C0C0C0C0C0C0C006
:10639800C0C0C0C0C0C0000000FFFFFF0000000078
:1063A80000000000C0C00000FFFFFF00FFFFFF006B
:1063B80000FFFFFF00009EDFDF636323FFFFFEFF98
:1063C800FFFF0203FFFFFE0000FEFFFF3333BFBFE6
:1063D800BE00FFFFFF0203FFFFFE0000FFFFFF18E4
:1063E80018FFFFE70000FFFFFF0000FFFFFF0000AE
:1063F80000FFFFFF00000000000000000000FFFF9A
:10640800FFE0E0E0E1E1E1E1E1E1E1E1E1E1E1E159
:10641800E1E1E1E1E1E1E0E0E0FFFFFF0000000091
:10642800000000000F0F0C0C0F0F0700070F0F0CD8
:10643800040F0F0F0000070F0F0C0C040F0F0F0FA6
:106448000F0F00000F0F0F0000070F0F0C0C0F0F9E
:1064580007000F0F0F00000F0F0F00000F0F0F0C9A
:106468000C0F0F070000070F0F0C0C0F0F07000091
:10647800000F0F0F000000000000000000000000E7
:1064880000000000000000000000000000000F7F76
:106498007F0F000000000000000000000000000066
:1064A80000000000000000000000000000000000E4
:1064B80000000000000000000000000000000000D4
:1064C80000000000000000000000000000000000C4
:1064D80000000000000000000000000000000000B4
:1064E80000000000000000000000000000000000A4
:1064F8000000000000000000000000000000FCFC9C
:10650800FC1C1C1C1C1C1C1C1C1C1C1C1C1C1C1CE3
:106518001C1C1C1C1C1C1C1C1CFCFCFC0000000083
:106528000000000000000000000000000000000063
:106538000000000000000000000000000000000053
:106548000000000000000000000000000000000043
:106558000000000000000000000000000000000033
:106568000000000000000000000000000000000023
:106578000000000000000000000000000000FFFF15
:10658800FF00007F7F7F7F7F7F7F0000000000008B
:106598007F7F7F7F7F7F7F0000FFFFFF000000007D
:1065A8000000000000000000F0F0F0000000000013
:1065B80000000000000000000000000000000000D3
:1065C80000000000000000000000000000000000C3
:1065D800000000000000000000000000F0F0F030B3
:1065E80030F0F0E00000E0F0F03030F0F0E00030A3
:1065F80030F0F0F030303000000000000000FFFF05
:10660800FF000000F0F0F0F0F0F0F0F0F0F0F0F043
:10661800F0F0F0F0F0F0000000FFFFFF00000000D5
:1066280000000000C0C00000FFFFFF00FFFFFF00E8
:1066380000FFFFFF00009EDFDF636323FFFFFEFF15
:10664800FFFF0203FFFFFE0000FEFFFF3333BFBF63
:10665800BE00FFFFFF0203FFFFFE0000FFFFFF1861
:1066680018FFFFE70000FFFFFF0000FFFFFF00002B
:1066780000FFFFFF00000000000000000000FFFF17
:10668800FFE0E0E0E3E3E3E3E3E3E3E3E3E3E3E3BF
:10669800E3E3E3E3E3E3E0E0E0FFFFFF0000000003
:1066A800000000000F0F0C0C0F0F0700070F0F0C56
:1066B800040F0F0F0000070F0F0C0C040F0F0F0F24
:1066C8000F0F00000F0F0F0000070F0F0C0C0F0F1C
:1066D80007000F0F0F00000F0F0F00000F0F0F0C18
:1066E8000C0F0F070000070F0F0C0C0F0F0700000F
:1066F800000F0F0F00000000000000000000000065
:10670800000000000000000000000000FCFCFC7C11
:106718007C7C7C7C7C7C7C7C7C7C7C000000FCFC25
:10672800FC7C7C7C7C7C7C7C7C7C80808000000089
:10673800FCFCFC7C7C7C7C7C7C7C7C7C8080800081
:1067480000008080807C7C7C7C7C7C7C7C7C808065
:1067580080000000FCFCFC7C7C7C7C7C7C7C7C7C61
:1067680080808000000000000000000000000000A1
:106778000000000000000000000000000000000011
:10678800000000000000000000000000FFFFFF0004
:106798000000000000000000000000000000FFFFF3
:1067A800FF000000000000000000FFFFFF000000E5
:1067B800FFFFFF000000000000000000FFFFFF00D7
:1067C8000000FFFFFF000000000000000000FFFFC6
:1067D800FF000000FFFFFF000000000000000000B5
:1067E800FFFFFF00000000000000000000000000A4
:1067F8000000000000000000000000000000000091
:10680800000000000000000000000000FFFFFF3E45
:106818003E3E3E3E3E3E3E3E000000000000FFFF82
:10682800FF3E3E3EFEFEFE3E3E3E010101000000F0
:10683800FFFFFF3E3E3EFEFEFE3E3E3E01010100E2
:106848000000FFFFFF000000000000000000FFFF45
:10685800FF000000FFFFFF3E3E3EFEFEFE3E3E3EC6
:10686800010101000000000000000000000000001D
:106878000000000000000000000000000000000010
:10688800000000000000000000000000FFFFFF0003
:106898000000000000000000000000000000FFFFF2
:1068A800FF000000070707F8F8F8000000000000E4
:1068B800FFFFFF000000070707F8F8F800000000D6
:1068C8000000FFFFFF000000000000000000FFFFC5
:1068D800FF000000FFFFFF000000070707F8F8F8B7
:1068E80000000000000000000000000000000000A0
:1068F8000000000000000000000000000000000090
:106908000000000000000000000000001F1F1F1F03
:106918001F1F1F1F1F1F1F1F1F1F1F0000001F1FDC
:106928001F0000000000000000001F1F1F000000E3
:106938001F1F1F0000000000000000001F1F1F0095
:1069480000000000001F1F1F1F1F1F1F1F1F000028
:10695800000000001F1F1F000000000000000000D2
:106968001F1F1F00000000000000000000000000C2
:10697800000000000000000000000000000000808F
:10698800C0E0F0F87C3A140800806018040E1F0F6D
:106998000703010000000000000000000000008064
:1069A800C0E0F4FA7D38140800806018040E1F0F48
:1069B8000703010000000000000000000000008044
:1069C800C0E0F4FA7D38110600806018040E1F0F2D
:1069D8000703010000000000000000000000008024
:1069E800C0E0F0F87C3A110600806018040E1F0F12
:1069F800070301000000000000000000F809090F6B
:106A08000F0909F800000000000000000302CEFE94
:106A1800FECE02030000000000000000F80A0A0E83
:106A28000F0909F8000000000000000003E2EEFE74
:106A3800FECE02030000000000000000F80A0A0E63
:106A48000E0A0AF8000000000000000003E2EEFE53
:106A5800FEEEE2030000000000000000F809090F44
:106A68000E0A0AF800000000000000000302CEFE33
:106A7800FEEEE2030000000000000000F809090F24
:106A88000F0909F8000000000000000003024EFE94
:106A9800FE4E02030000000000000000F80A0A0E83
:106AA8000F0909F8000000000000000003028EDE54
:106AB800FE4E02030000000000000000F80A0A0E63
:106AC8000E0A0AF8000000000000000003028EDE33
:106AD8009E0E02030000000000000000F809090FE4
:106AE8000E0A0AF8000000000000000003024EFE33
:106AF8009E0E02030000000000000000000080C09D
:106B0800E07C22414141221C40A0583C0E07030171
:106B1800000000000000000000000000000080C02D
:106B2800E07C22414141221CA060583C0E07030131
:106B3800000000000000000000000000000080C00D
:106B4800E07C2241C141221CA060685C0E07030161
:106B5800000000000000000000000000000080C0ED
:106B6800E07C2241C141221C40A0685C0E07030161
:106B78000000000000000000000000C0C0C0C0FF0E
:106B8800FFC0C0C0C0000000000000010F1F1F1F91
:106B98001F1F1F0F0100000000000000808080FF01
:106BA800FF8080800000000000000000031F1F1FFE
:106BB8001F1F1F030000000000000000000000FF6E
:106BC800FF000000000000000000000000071F1F79
:106BD8001F1F07000000000000000000000000FF69
:106BE800FF00000000000000000000000000001F7F
:106BF8001F000000000000000000FEC2C2C2C2C2A6
:106C0800C242427E000000000000000000000204B2
:106C1800C8102000000000000000FEC2C2C2C2C2AC
:106C2800C242427E00000000000000000000201068
:106C3800C8040200000000000000FEC2C2C2C2C2B6
:106C4800C242427E00000000000000000000020472
:106C5800C8102000000000000000FEC2C2C2C2C26C
:106C6800C242427E00000000000000000000201028
:106C7800C80402000000000000C0F0180C04C6C6DA
:106C8800C6C6040C18F0C00000030F183020636358
:106C980063632030180F030100C0F0180C04C6C647
:106CA800C6C6040C18F0C00000030F183020636338
:106CB800E3632030180F030000C0F0180C04C6C6A8
:106CC800C6C6040C18F0C00001030F183020636317
:106CD80063632030180F030000C0F0180C04C6C707
:106CE800C6C6040C18F0C00000030F1830206363F8
:106CF80063632030180F030000C0C0C0C080BFA16C
:106D0800A1BF80C0C0C0C00000FFFFFFFF0000009F
:106D1800000000FFFFFFFF00000000C0C0C0FFA18F
:106D2800A1BF80C0C0C0C000000000FFFFFFFF7807
:106D3800000000FFFFFFFF00000000C0C0C0FFA16F
:106D4800A1FFC0C0C0000000000000FFFFFFFF78E7
:106D580078FFFFFFFF00000000C0C0C0C080BFA1D7
:106D6800A1FFC0C0C000000000FFFFFFFF0000003F
:106D780078FFFFFFFF00000000804024289050B0FB
:106D8800B0509028244080000001020404090A0D34
:106D98000D0A0904040201008080C2242890D0F062
:106DA800B0509028244080000001020404090B0F11
:106DB8000D0A0904040201008080C2242890D0F042
:106DC800F0D0902824C280800001020404090B0F2F
:106DD8000F0B09040402010000804024289050B0E1
:106DE800F0D0902824C280800001020404090A0D12
:106DF8000F0B090404020100000000008060100C61
:106E0800820C10608000000000000000000384581D
:106E1800E058840300000000000000008060D0EC0F
:106E2800E20C106080000000000000008083455BD9
:106E3800E058840300000000000000008060D0ECEF
:106E4800E2ECD06080000000000000008083455B19
:106E5800E35B458380000000000000008060100CA8
:106E680082ECD0608000000000000000000384581D
:106E7800E35B4583800000000000000000001F7FE6
:106E88007F1F0000000000000000028AAAAAAAAA28
:106E9800AAAAAAAA8A0200000000808080808080B6
:106EA800001F0000000000000000028AAAAAAAAA87
:106EB800AAAAAAAA8A020000000080808080808096
:106EC800809FFFFF9F8000000000028AAAAAAAAA4A
:106ED800AAAAAAAA8A0200000000000000001F7FD8
:106EE800FF9FFFFF9F8000000000028AAAAAAAAAAB
:106EF800AAAAAAAA8A020000808080C0201088CF8F
:106F0800CF881020C080808001010103040811F39C
:106F1800F3110804030101018080C0B0080884CF80
:106F2800CF881020C08080800101030D101021F34C
:106F3800F3110804030101018080C0B0080884CF60
:106F4800CF840808B0C080800101030D101021F320
:106F5800F32110100D030101808080C0201088CF1C
:106F6800CF840808B0C0808001010103040811F330
:106F7800F32110100D0301010000000000E0E0FF04
:106F8800E0E0E00000000000000000382828282881
:106F980028282828380000000000000000C0C0FF92
:106FA800C0C0C000000000000000003828292929BE
:106FB800292929283800000000000000008080FFEF
:106FC800808080000000000000000038282B2B2B58
:106FD8002B2B2B28380000000000000000C0C0FF49
:106FE800C0C0C0000000000000000038282929297E
:106FF80029292928380000000000808000000000AE
:10700800000000000080800000707F7F7C18303016
:107018003030187C7F7F7F000000808000000000F7
:10702800000000000080800000707F7F7CF8303016
:107038003030F87C7F7F7F000000808000000000F7
:10704800000000000080800000707F7F7CF83030F6
:107058003030F87C7F7F7F000000808000000000D7
:10706800000000000080800000707F7F7C183030B6
:107078003030187C7F7F7F0000000001071C70C043
:10708800808040701C070100000000000004E77FBA
:107098003F0C04000000000000000001071C7040C5
:1070A800000040701C070100000000000000000202
:1070B800080000000000000000000001071C70C06C
:1070C800808040701C070100000000000004E77F7A
:1070D8003F0C04000000000000000001071C704085
:1070E800000040701C0701000000000000000002C2
:1070F8000800000000000000000000000000CF7F32
:10710800CF8F0000000000000000241E661D133809
:1071180011071A661F220000000000000000CF7F40
:10712800CF8F0000000000000000241E661D1338E9
:1071380011071A661F220000000000000000CF7F20
:10714800CF8F0000800000000000221F661D237002
:1071580021071A651B210000000000000000CF7FF6
:10716800CF8F0000000000000000241E661D1338A9
:1071780011071A661F22000030F8F8B0B0F8F8B00E
:10718800B0F8F8B0B0F8F8B0000000000070505047
:107198005F5050700000000020F0F0A0A0F0F0A0B8
:1071A800A0F0F0A0A0F0F0A0000000000070505087
:1071B8005F5050700000000030F8F8B0B0F8F8B038
:1071C800B0F8F8B0B0F8F8B0000000000070505007
:1071D8005F5050700000000010B8B89090B8B89098
:1071E80090B8B89090B8B890000000000070505067
:1071F8005F5050700000000000000000040E1C38B2
:1072080070E0C08000000000000C30C0300C0000AE
:1072180000000103070F030000000000040E1C1803
:107228003060E0C080808000000C30C0300C00006E
:10723800000000010307010000000000040E1C18F4
:107248003060E0C080808000000C30C0300C00004E
:10725800000000010307010000000000040E1C38B4
:1072680070E0C08000000000000C30C0300C00004E
:1072780000000103070F0300000000000018FCFED7
:10728800FEFC180000000000000001122420013D4F
:107298000101202412010000000000000018FCFE7B
:1072A800FEFC180000000000000102122440017DCD
:1072B8000101402412020100000000000018FCFE39
:1072C800FEFC180000000000000102122440017DAD
:1072D8000101402412020100000000000018FCFE19
:1072E800FEFC180000000000000001122420013DEF
:1072F800010120241201000000000000607CFFFF53
:10730800FFFF7C600000000000000000002A14005D
:1073180000142A000000000000000000607CFFFF4D
:10732800FFFF7C60000000000000000000142A003D
:10733800002A14000000000000000000607CFFFF2D
:10734800FFFF7C600000000000000000002A14001D
:1073580000142A000000000000000000607CFFFF0D
:10736800FFFF7C60000000000000000000142A00FD
:10737800002A1400000000000000000000FF8181C6
:107388008181FF000000000000000000041C7FFF56
:107398007F3F0C04000000000000000000FF818116
:1073A8008181FF00000000000000000008187FFF36
:1073B8007F3F1808000000000000000000FF8181E6
:1073C8008181FF00000000000000000010307FFFF6
:1073D8007F3F3010000000000000000000FF8181A6
:1073E8008181FF00000000000000000008187FFFF6
:1073F8007F3F18080000000000030C1C3870E0C034
:10740800C0E070381C0E0700000000000000737F09
:107418000F7F70000000000000030C1C3870E0C0F3
:10742800C0E070381C0E07000000000000707F0FDD
:10743800030F7E700000000000030C1C3870E0C0D1
:10744800C0E070381C0E070000000000707E0F03BB
:1074580003030E7E7000000000030C1C3870E0C0AF
:10746800C0E070381C0E07000000000000707F0F9D
:10747800030F7E70000000000000F01010905050C4
:10748800505E9E1E1EFE000000001F1010131415F3
:1074980014141310101F00000000F010109050502A
:1074A800505E9E1E1EFE000000001F1010131414D4
:1074B80014141310101F00000000F010109050500A
:1074C800505E9E1E1EFE000000001F1010131415B3
:1074D80014141310101F00000000F01010905050EA
:1074E800505E9E1E1EFE000000001F101013141494
:1074F80014141310101F000000000007FFFFFFFF07
:10750800FFFFFFFF070000000000000000307BFFC6
:10751800FF7B30000000000000000007FFFFFFFFB6
:10752800FFFFFFFF07000000000000000070FBFBEA
:10753800FBFB70000000000000000007FFFFFFFFDA
:10754800FFFFFFFF07000000000000000060F3F3EA
:10755800F3F360000000000000000007FFFFFFFFDA
:10756800FFFFFFFF07000000000000000060F3F3CA
:10757800F3F3600000000000000000C0FCFFFFFF04
:10758800FFFFFFFCC00000005454544400000303F4
:107598000303000044545454000000C0FCFFFFFFE4
:1075A800FFFFFFFCC00000005454544400000303D4
:1075B8000303000044545454000000C0FCFFFFFFC4
:1075C800FFFFFFFCC00000005454540000000303F8
:1075D8000303000000545454000000C0FCFFFFFFE8
:1075E800FFFFFFFCC0000000545454440000030394
:1075F8000303000044545454010203040506070819
:10760800090A0B0C0D0E0F100203040506070809E2
:087618000A0B0C0D0E0F1010FF
:087620004445FF7F010000005A
:04762800F1810008E4
:04762C00C981000808
:10763000040000200000000084000020EC00002076
:1076400054010020000000000000000000000000C5
:10765000000000000000000000000000000000002A
:10766000000000000000000000000000000000001A
:10767000000000000000000000000000000000000A
:1076800000127A000100000001000000FF00838565
:08769000FF01010010000000E1
:040000050800C0B57A
:00000001FF
