:020000040800F2
:1080000000A0002085870008D58700084DA900083A
:10801000D5870008D5870008D58700080000000034
:10802000000000000000000000000000D5870008EC
:10803000D587000800000000D5870008A1AA000825
:10804000D5870008D5870008D5870008D5870008A0
:10805000D5870008D5870008D5870008D587000890
:10806000D587000891AA0008D5870008D5870008A1
:10807000D587000885AF0008D5870008D587000898
:10808000D5870008D5870008D5870008D587000860
:1080900041A90008D5870008D587000899AA0008DB
:1080A000D5870008D5870008D5870008D587000840
:1080B000D5870008A5AA0008D5870008D58700083D
:1080C000D5870008D5870008D5870008D587000820
:1080D000D5870008D5870008D5870008D587000810
:1080E000D5870008D5870008D5870008D587000800
:1080F000D5870008D5870008D5870008D5870008F0
:10810000000000000000000000000000D58700080B
:10811000D5870008D5870008D5870008D5870008CF
:10812000D5870008D5870008D5870008D5870008BF
:10813000D5870008D5870008000000000000000077
:10814000D5870008D5870008D58700080000000003
:10815000000000000000000000000000000000001F
:108160000000000000000000D5870008D587000847
:10817000D58700080000000000000000000000009B
:0881800000000000D587000893
:108188000348044B834202D0034B03B1184770479E
:108198001400002014000020000000000548064BD1
:1081A8001B1AD90F01EBA301491002D0034B03B1ED
:1081B8001847704714000020140000200000000039
:1081C80010B5064C237843B9FFF7DAFF044B13B117
:1081D8000448AFF300800123237010BD180000206D
:1081E80000000000B003010808B5044B1BB10449A6
:1081F8000448AFF30080BDE80840CFE70000000066
:108208001C000020B003010853B94AB9002908BF6F
:1082180000281CBF4FF0FF314FF0FF3000F06AB963
:10822800ADF1080C6DE904CE00F006F8DDF804E0C5
:10823800DDE9022304B070472DE9F047089D0E469A
:1082480004460F46002B4AD194468C45B2FA82F276
:1082580060D942B1C2F12003974020FA03F30CFA27
:1082680002FC1F4394404FEA1C4E1FFA8CF6B7FBE2
:10827800FEF1230C0EFB117743EA074301FB06F0DE
:1082880098420AD91CEB030301F1FF3780F01581EE
:10829800984240F21281023963441B1AA4B2B3FB1C
:1082A800FEF00EFB103344EA034400FB06F6A64238
:1082B8000AD91CEB040400F1FF3380F00081A642C8
:1082C80040F2FD806444023840EA0140A41B0021CA
:1082D8001DB1D4400023C5E90043BDE8F0878B42B7
:1082E80005D90DB1C5E9000100210846F5E7B3FA43
:1082F80083F1002946D1B34202D3824200F2F580CD
:10830800841A66EB030201201746002DE5D0C5E963
:108318000047E2E7002A40F09380A1EB0C034FEA04
:108328001C471FFA8CFE0121B3FBF7F607FB16303A
:10833800230C43EA00430EFB06F0984208D91CEBD5
:10834800030306F1FF3802D2984200F2D080464675
:108358001B1AA4B2B3FBF7F007FB103344EA03443B
:108368000EFB00FEA64508D91CEB040400F1FF3300
:1083780002D2A64500F2B6801846A4EB0E0440EAE5
:108388000640A5E7C1F120078B4022FA07FC4CEA1A
:10839800030C06FA01FE20FA07F426FA07F344EA6A
:1083A8000E0400FA01F84FEA1C404FEA1449B3FBE7
:1083B800F0FE1FFA8CF600FB1E3349EA03430EFB5E
:1083C80006F9994502FA01F20BD91CEB03030EF1E9
:1083D800FF3A80F08580994540F28280AEF1020E26
:1083E8006344A3EB0909A4B2B9FBF0F300FB1399AA
:1083F80044EA094403FB06F6A64208D91CEB040428
:1084080003F1FF3068D2A64266D9023B644443EACE
:108418000E40A41BA0FB02E6B4427346B14652D3F9
:108428004FD05DB1B8EB030264EB090404FA07F717
:1084380022FA01F31F43CC40C5E9007400214CE740
:10844800C2F1200120FA01F30CFA02FC26FA01F12C
:10845800964033434FEA1C471FFA8CFEB1FBF7F0F6
:1084680007FB1016190C41EA064100FB0EF68E4276
:1084780004FA02F408D91CEB010100F1FF382DD2EF
:108488008E422BD902386144891B9BB2B1FBF7F6A7
:1084980007FB161143EA014306FB0EF1994208D97E
:1084A8001CEB030306F1FF3814D2994212D9023E9D
:1084B80063445B1A46EA004136E73946EDE618465A
:1084C80002E7F045ADD2BEEB020366EB0C060138BD
:1084D800B146A6E74646ECE7034698E74046D3E7A9
:1084E800D6467EE76444023847E708460DE7023E71
:1084F80063442DE7704700BF70B50F4B0F4DAB427B
:10850800A3EB050607D0B610002455F8043B013448
:108518009847A642F9D807F047FF094D094B5E1B5B
:10852800AB424FEAA60606D0002455F8043B0134B6
:108538009847A642F9D870BDA8210108A8210108CA
:10854800A8210108AC210108830730B547D0541E83
:10855800002A3ED0CAB2034601E0013C39D303F8F1
:10856800012B9D07F9D1032C2CD9CDB205EB05259C
:108578000F2C05EB054535D9A4F1100222F00F0C9C
:1085880003F1100EE6444FEA121C1A46C2E90055E0
:10859800C2E9025510327245F8D10CF1010214F00B
:1085A8000C0F03EB021204F00F0C13D0ACF1040310
:1085B80023F003030433134442F8045B9342FBD1D2
:1085C8000CF003042CB1C9B21C4403F8011BA342EC
:1085D800FBD130BD64461346002CF4D1F9E70346BD
:1085E8001446C0E71A46A446E0E700BF844641EABD
:1085F800000313F003036DD1403A41D351F8043B13
:1086080040F8043B51F8043B40F8043B51F8043B64
:1086180040F8043B51F8043B40F8043B51F8043B54
:1086280040F8043B51F8043B40F8043B51F8043B44
:1086380040F8043B51F8043B40F8043B51F8043B34
:1086480040F8043B51F8043B40F8043B51F8043B24
:1086580040F8043B51F8043B40F8043B51F8043B14
:1086680040F8043B51F8043B40F8043B51F8043B04
:1086780040F8043B51F8043B40F8043B403ABDD273
:10868800303211D351F8043B40F8043B51F8043B15
:1086980040F8043B51F8043B40F8043B51F8043BD4
:1086A80040F8043B103AEDD20C3205D351F8043BA4
:1086B80040F8043B043AF9D2043208D0D2071CBF70
:1086C80011F8013B00F8013B01D30B880380604699
:1086D800704700BF082A13D38B078DD010F003030F
:1086E8008AD0C3F10403D21ADB071CBF11F8013B7F
:1086F80000F8013B80D331F8023B20F8023B7BE7CE
:10870800043AD9D3013A11F8013B00F8013BF9D2F8
:108718000B7803704B7843708B7883706046704792
:10872800032A30B415D941EA0004A40784460B464D
:1087380004D0541E0FE0043A032A08D919466046AB
:1087480053F8044B5CF8045BA542F4D0F1E76046AB
:108758001946541E7AB1431E0139021901E09A42A2
:1087680009D013F8010F11F801CF6045F7D0A0EB3D
:108778000C0030BC7047002030BC7047DFF834D0A4
:1087880000F026F80C480D490D4A002302E0D458A1
:10879800C4500433C4188C42F9D30A4A0A4C002343
:1087A80001E013600432A242FBD3FFF7A5FE00F0FC
:1087B8001BF8FEE700A000200000002014000020A5
:1087C800B0210108180000209C040020FEE70000EA
:1087D800034AD2F8883043F47003C2F888307047EF
:1087E80000ED00E0000000002DE9F04F2DED028BB8
:1087F800AF4BB04AB04D9A60B1B004F04FF901F0F8
:1088080033FE01F065FE02F031FC01F08BFC01F053
:10881800D3FE01F0C3FD01F0A3FF01F05FFD01F0FD
:108828008FFD2A7800230321CDE90B31CDE90D33E3
:108838000F937AB12B78042B02D02B780A2B09D10D
:1088480001239E480B930BA905F0C4FB0B2002F0F3
:108858002BF809E001244FF090400BA90B9405F088
:10886800B9FB204602F020F82B780A2B00F09782FB
:108878002B78052B08D02B78092B05D02B78122BB9
:1088880002D02B78132B03D140F67F4001F096FFDE
:1088980006AB039310AB13AC02932B780B2B00F0B1
:1088A8006F822B78012B20D02B78022B1DD02B78B0
:1088B800032B1AD02B78062B17D02B78072B14D024
:1088C8002B780A2B11D02B780C2B0ED02B78102B51
:1088D8000BD00023CDE913331193082201237748E5
:1088E80002991092129305F075FB7549754FDFF8E0
:1088F80008820323C7E90013384640F2E733BB6018
:1089080006F09AF902F0D4FB02F026FD01F0FCFA19
:1089180001F07EFB002003F069FADDF808A00026CC
:10892800384606F0B7F9002E00F06E817207F3B2F0
:1089380000F0968103F08AFF013603F0B1FF04F0DE
:108948001DF803F0D9FF03F0F9FF01F047F901F032
:1089580005FA642004F0C6F8322EE1D15A4B0024FF
:108968001C70E0B2013402F027FF082CF9D19FED0A
:108978004E8B0026DFF884B1544CDFF884A1B14651
:10898800B04637464F4806F085F99BF80030002B73
:1089980052D104F0A1F84E4B1B78002BA0EB070036
:1089A8000CBF4FF4FA736423984280F0238104F0DB
:1089B80093F8A0EB0900132800F2068104F08CF864
:1089C800801BB0F5FA7F80F0F98004F085F8A0EB01
:1089D8000800952800F2A2803E4B1B78002B40F03F
:1089E8009A8002F0CBF83C4B1B78002B40F08A8031
:1089F8002B78082B27D09AF80030002BC2D004F02F
:108A08006BF8364B1B68C01A0028BBDB00228AF8BB
:108A18000020114602EB42030132E1542344082AA4
:108A280059709970F6D102F03FF9264806F032F9EC
:108A38009BF80030002BACD0002329488BF800307D
:108A480004F0DAFEA5E7274B1B78002BD3D0254B83
:108A580000221A70244B198889B2012938BF0121D4
:108A6800B1F5FA7F28BF4FF4FA71204B187802EB62
:108A78004203C0B2E0541E4800782344C0B2587084
:108A88001C4800780132C0B2082A9870EDD10191D3
:108A980002F00AF904F020F80199104B014419601A
:108AA80001238AF80030A6E700000000000000005B
:108AB80000ED00E000800008A50300200004004845
:108AC80000300040D800002004000020B80000203A
:108AD8009200002052000020500000205400002086
:108AE8003C0300204C0000205A0000204F000020CA
:108AF8004E0000204D000020000F010891000020CA
:108B08005800002002F092F810B1B94A00231370FF
:108B180002F0CAF86CE703F0B9F962E703F0DCFF8A
:108B2800804601F00BF801F033F803F055FE03F02E
:108B380071FE03F049FFAF4A13780133DBB2022B11
:108B480007D9AD4A1378013303F003031370A94A18
:108B58000023137003F0CAF92B7800228DED128BD5
:108B68008DF85420002B62D02B780A2B00F09380CC
:108B78002B78042B00F0C8802B78052B00F0D480CC
:108B88002B78092B00F0E7802B78082B7FF424AF93
:108B98009A4B1B788DF8143040F25513109398486F
:108BA8000123149304F0CCFE00283FF415AF039B77
:108BB8000299934805AA04F04DFE0DE703F08CFFD7
:108BC800064602F063FC00E703F086FF814601F0E9
:108BD80005F801F0C3F803F039FE03F061FE03F075
:108BE800CDFE03F00DFF03F087FE03F0A7FE00F0B3
:108BF80087FFE3E603F070FF4FF4004107464FF0AC
:108C0800904005F0EBFAD2E603F020FE03F048FEB0
:108C180003F0B4FE03F070FE03F090FE00F0DEFFF8
:108C280001F09CF8642003F05DFF012678E6754AA0
:108C38001388C3F307238DF8143013888DF8153083
:108C48006E4B1B788DF8163040F2351310936C4834
:108C58000323149304F074FE00283FF4BDAEA6E786
:108C6800C3F3C10303EB830308EBC3190224802277
:108C780049465046FFF7BAFC20460021013402F06D
:108C8800D5F9E4B28021504602F0B2F9072C09F177
:108C98008009ECD14EE65B4A59481388C3F3072391
:108CA8008DF8143013888DF8153040F27513109331
:108CB8000223149304F044FE00285AD1524A504823
:108CC80013681B0A8DF8143013688DF8153040F2BC
:108CD800771310930223149304F032FE002841D135
:108CE8004A4A474813681B0A8DF8143013688DF8F0
:108CF800153040F2791310930223149304F020FEE8
:108D080000283FF469AE52E7414A1388C3F30723AA
:108D18008DF8143013888DF815303E4B1B788DF87C
:108D2800163040F2451391E740F24713109303239E
:108D3800149372B6384B1B6862B65BBAADF8143040
:108D48002E4B2F481B788DF8163004F0F9FD0028BB
:108D58003FF442AE2BE7294B1B788DF8143040F2D4
:108D680065131BE7039B0299254805AA04F072FDC9
:108D7800B6E7039B0299224805AA04F06BFD9DE71C
:108D880000231393082263604FF40413CDE91023E2
:108D9800224802990123129305F01CF9A5E540F633
:108DA800FF1001F00BFD06A8032100262022022354
:108DB800039009910127014613AC4FF09040CDE98B
:108DC800062308960A9705F005F901F037FD10AB60
:108DD800139602936660194640224FF404134FF02D
:108DE8009040CDE91023129705F0F4F855E500BF3F
:108DF80050000020340000203500002044000020EE
:108E08003C030020AE000020940000206C000020ED
:108E1800AA000020A9000020A000002000040048AB
:108E2800274B1A68B2F5A87F00D070471B69022B40
:108E3800FBD92449244AB1F8013024480978117033
:108E48005BBA03801378012BD9B214D01378022BA4
:108E580014D000231E4A194603EB430C02EB0C0006
:108E68000133082B02F80C1041708170F4D1194BB2
:108E780001221A707047184B1970704700B572B606
:108E88001649174A174B91F800E092F800C0187875
:108E98005FFA8EFE5FFA8CFCC0B262B60C4A002103
:108EA80001EB4103013102F803E01344082983F878
:108EB80001C09870F4D1074B01221A705DF804FBC9
:108EC80020030020180300205C0000205A00002026
:108ED800B8000020500000204C0000204F00002067
:108EE8004E0000204D00002038B53D4C3D4B224639
:108EF800002104F039FD00B138BD03F0EDFD3A4D15
:108F08003A4B186000F040FA2B781BB12368B3F590
:108F1800807FF1D100F0DCF82B78002BECD1344BBA
:108F28001B78182BE8D801A252F823F0A98F000863
:108F3800998F0008998F0008998F0008018F000801
:108F4800E18F0008998F0008998F0008D98F0008D1
:108F5800D18F0008C98F0008018F0008998F000879
:108F6800B18F0008A18F0008018F0008998F0008B1
:108F7800018F0008C18F0008B98F0008018F000811
:108F8800018F0008018F0008018F0008A18F0008D9
:108F9800BDE8384000F01EBCBDE8384000F04ABDCE
:108FA800BDE8384000F004BDBDE8384000F072B8B4
:108FB800BDE8384000F098BBBDE8384000F014BD6B
:108FC800BDE8384000F052BCBDE8384000F0BEBBF8
:108FD800BDE83840FFF724BFBDE8384000F00AB8C4
:108FE80020030020180300209200002040000020E9
:108FF800A503002038B51F4B1A68B2F5A07F00D032
:1090080038BD1B69012BFBD91B4B1B78002BF7D1F3
:109018001A4D1B4C2B78237003F05EFD6A78194BB0
:10902800A2F10102B2FA82F21860520910214FF03F
:10903800904005F0CDF82378134A144940F67F4054
:1090480000FB03F3A2FB032309681148DB094B6308
:10905800237803F0FF0233B1BDE8384001224FF412
:10906800007105F0B5B8BDE838404FF4007105F05F
:10907800AFB800BF20030020040000201803002020
:10908800A80000207C0000208180808080020020D1
:10909800000400480B4B1A68B2F5D87F00D070471F
:1090A8001B69002BFBD0084B1B78002BF7D1074B13
:1090B8001A78003A4FF002014FF0904018BF012291
:1090C80005F086B8200300200400002018030020C3
:1090D8002DE9F041994D2B68B3F5C07F92B03ED091
:1090E800B3F5C17F6FD0B3F5C97F09D0B3F5807FE1
:1090F80003D12B69082B00F0AC8012B0BDE8F081D9
:109108002B69042BF9D18E4B1A78E32AF5D15A78BA
:10911800A52AF2D19A78E02AEFD1DE78FF2EECD199
:109128001D2231460AA8FFF70FFA1D220AA90020BE
:1091380000F0B0FF0024834B83481C701D22214699
:10914800FFF702FA81481D223146FFF7FDF98048F2
:1091580004F0F6FB002840F0DC802B68C6E72B699A
:10916800012BCAD9764A1478072CA04603F1FF339D
:1091780028BF4FF0070898452BD8002204214FF04C
:1091880090408DF8108005F023F8002C00F09C80AA
:109198006B4F04AE002417F8010F00F0F5FE013400
:1091A800E4B2444506F8010FF5D34FF09040012290
:1091B800042105F00DF8664804F0C2FB98BB2B6843
:1091C800B3F5C17F8FD1624804F0BAFB60B92B6850
:1091D80089E75FFA83F8002204214FF090408DF868
:1091E800108004F0F5FFD3E74FF40041594804F02C
:1091F800E9FFA0F10100B0FA80F0400940F28312C3
:1092080001230021002600278DF808000A920E93FA
:109218008DF83C1004AB02AA0AA94D48CDE90C67A9
:1092280004F018FBD3E708F101085FFA88F240F26E
:1092380081100021002600270A900E928DF83C101C
:1092480002AB04AA0AA94248CDE90C6704F002FB64
:10925800B5E73B4F404B414A79783878187001247C
:109268005970B9789970147003F036FC3C4B3D493D
:10927800FA783D4E3D4D00F51C50103008601A70CC
:109288003B4A3B79147033703A4C7B792B703A4ADD
:10929800BB7923701278FB79082A17D037496BB34A
:1092A8000022307802EB4203C0B2C85428780B443D
:1092B800C0B2587020780132C0B2082A9870F0D134
:1092C8002F4B01221A7018E7A0466EE72D4B1B782A
:1092D800022BF5D172B632782B782078D5B2DCB271
:1092E800C0B262B62549002202EB42030132CD54D6
:1092F8000B44082A5C709870F6D1E1E71A4603EB34
:10930800430408190133082B0A5542708270F6D1BC
:10931800D6E740F29113049300220023CDE90623F7
:109328000822089201AB6A4404A9094802948DF8FE
:109338002440039404F08EFA0FE700BF20030020B6
:109348001803002084030020880300206403002001
:109358003C03002000080048D00000203C0000200A
:1093680051000020380000204F0000204E0000204F
:10937800520000204D000020A5030020B800002066
:10938800500000205C00002010B59C4C2368B3F509
:10939800FE6F8AB000F0BA80B3F5FF6F1CD0B3F54A
:1093A800887F23D0B3F5C87F2AD0B3F5D07F66D0A5
:1093B80040F2A11293426AD0B3F5D17F71D040F246
:1093C800A312934275D0B3F5D27F7BD040F2A51299
:1093D80093427DD00AB010BD894804F0B1FA002844
:1093E80040F056812368B3F5887FDBD1844804F0C8
:1093F800A7FA002840F022812368B3F5C87FD4D1AA
:109408007F4804F09DFA002835D07E4B7E49DA88E3
:10941800097858798DF80810197E8DF809008DF8AB
:109428000A1002B91A89987A8DF80C20110A8DF859
:109438000B1000B9187BDA7A597B93F80EC08DF8B7
:109448000D000A434FF000010CBF0B460123082012
:109458008DF80E3040F29113CDE9061104930DEB0F
:10946800000208908DF8241065488DF80FC001ABF4
:1094780004A904F0EFF92368B3F5D07F98D12369E4
:109488002BB1624B1B78042B01D8614A13705C48DE
:1094980004F056FA002840F09B802368B3F5D17F8A
:1094A8008DD123692BB1594B1B780C2B01D8594A04
:1094B8001370534804F044FA002870D12368B3F5B8
:1094C800D27F83D123691BB1504A534B12781A704B
:1094D8004B4804F035FA00283FF47CAF4E4B00218E
:1094E8001B788DF80530032040F2A512CDE906114E
:1094F80002248DF8040004928DF8241002AB01AA0E
:1095080004A93F48089404F0A5F963E72269042AEE
:109518007FF45CAF3D4A1178B0297FF450AF5178A1
:1095280007297FF445AF91781D297FF441AFD278A0
:109538005A2A7FF43DAF394A394B12681B683948BB
:109548000024546340215C63012204F041FE354845
:1095580022464FF4007104F03BFE224602214FF0F0
:10956800904004F035FE304B1B78092B00F0A580A5
:1095780000232E4A049302E0049B01330493049BC6
:109588009342F9D9BFF34F8F29492A4BCA6802F48D
:10959800E0621343CB60BFF34F8F00BFFDE7264A5D
:1095A8001C4B12781B788DF80420002140F2A31080
:1095B8000222CDE906118DF80530049008928DF845
:1095C800241002AB01AA04A90D4804F043F975E779
:1095D8000F4B00211A788DF8042040F2A1130120C6
:1095E800CDE90611049308908DF8241002AB01AA66
:1095F80004A9034804F02EF94FE700BF2003002018
:109608003C03002088030020840300201803002066
:1096180083030020820300208103002080020020B1
:109628003402002000040048A5030020FFE10400E4
:1096380000ED00E00400FA050C0000202248234950
:10964800234A0078234B097812781B788DF8040098
:10965800003918BF0121003A18BF0122003B18BF8A
:1096680001238DF8051040F2111000218DF8062015
:109678000422CDE906118DF80730049008928DF880
:10968800241002AB6A4404A9134804F0E3F8B3E6D3
:10969800124A134B0021CDE9022340F2F970082247
:1096A800CDE90611049008928DF8241001AB6A44A4
:1096B80004A9094804F0CEF894E60A482246402155
:1096C80004F086FD54E700BFA503002092000020A7
:1096D80091000020040000203C030020000303CC7C
:1096E8000100010100040048114B1A68B2F5F07F2F
:1096F80000D070471B69022BFBD90E4B1B78002B3F
:10970800F7D110B50C4C0D4A23885BBA138003F0CF
:10971800E3F9A3780A4A0B4C40F67F4101FB03F3B7
:10972800A2FB0323084922680860DB09536310BDC4
:10973800200300200400002018030020AC000020B3
:10974800818080808002002064000020194B1A6804
:10975800B2F5B07F00D070471B69012BFBD970B5FB
:10976800154B1B7803F0FF0403B170BD134D144E65
:109778002B78337003F0B0F96A78124B012A18601D
:109788000DD0114B11481B68A2F10102B2FA82F206
:109798005C635209BDE87040402104F019BD34787B
:1097A8000B4B40F67F4101FB04F4A3FB0434E409AE
:1097B800E7E700BF20030020040000201803002072
:1097C800900000208C000020800200200004004847
:1097D80081808080F8B51E4B1A68B2F5907F00D062
:1097E800F8BD1B69042BFBD91A4B1B7803F0FF0546
:1097F800002BF5D172B6184E18483478184F20212E
:1098080004F0E0FCA4F10104B4FA84F46409A04271
:109818002246124818BF3D60202104F0D9FCD6F832
:10982800013013B93B6062B6F8BD0E4A0E4D0B48C5
:1098380000241BBA1360082122463B602C7004F0F8
:10984800C7FC06482246402104F0C2FCEBE700BFF3
:109858002003002004000020180300200004004812
:10986800B400002008000020B0000020404AF8B5ED
:109878001368B3F5B87F22D040F273118B4203D13D
:109888001369002B4DD1F8BDB3F5BC7FFBD113692B
:10989800002BF8D0374A384B12781A701B78374AA1
:1098A800374903EB8300C3EB40230968A2FB03237A
:1098B800DB094B6303F010F9324B1860F8BD1369EC
:1098C800052BE0D92B4C304A23885BBA138003F070
:1098D80003F92E4A2E4B10601B7803F0FF06002B6D
:1098E800D1D172B6A5782B482B4F202104F06AFC01
:1098F800A5F10105B5FA85F56D09A8422A464FF08C
:109908002001244818BF3E6004F062FC2379E17806
:1099180062791B0243EA0143134317D13B6062B6E5
:10992800F8BD144A1D4B12781A701B78134A1C494B
:1099380003EB8300C3EB40230968A2FB0323DB0985
:109948004B6303F0C9F8174B1860F8BD164A174D5A
:109958001360002422460F483B6008212C7004F055
:1099680037FC0C482246402104F032FCD7E700BF00
:1099780020030020180300207400002081808080CC
:109988003402002068000020AC00002060000020A5
:109998000400002000040048B40000209C000020BF
:1099A800800200207800002008000020B00000207D
:1099B80008B5094B1A68B2F5987F00D008BD1B6935
:1099C800012BFBD9054B064A1B885BBA138003F0B1
:1099D80083F8044B186008BD2003002018030020FA
:1099E800AC000020640000200D4B1A68B2F5E87F37
:1099F80000D070471B69002BFBD00A4B1B78002B4B
:109A0800F7D1094B094A1B78094940F67F4000FB0A
:109A180003F30968A2FB0323DB094B63E9E700BFF3
:109A2800200300200400002018030020818080808B
:109A38008002002070B52A4C23788BB9294B1A680C
:109A4800B2F5E07F0DD0B2F5007F09D11B69022B7A
:109A580006D9254B1B781BB9244B1B78182B28D00B
:109A680070BD1B69022BFBD91F4B1B78002BF7D14C
:109A78001E4B1B780E2BF3D11D4D2B78012BEFD1EC
:109A88001C48082104F09EFB01280646E8D1B5F8D9
:109A98000130194A5BBA138003F01EF8174B18609F
:109AA800267032460221BDE870404FF0904004F025
:109AB8008FBB0F4B1D78012DD2D1B3F801300E4A60
:109AC8005BBA138003F008F80C4B186025702A461F
:109AD8000221BDE870404FF0904004F079BB00BF10
:109AE800880000202003002004000020A503002097
:109AF8001803002000040048800000208400002093
:109B080010B50B4C237803B910BD02F0E5FF094AE4
:109B1800094B12681B88801A9BB29842F4D3002222
:109B280002214FF0904004F053FB0023237010BD36
:109B380088000020840000208000002008B50F4B1A
:109B48001B78042B00D008BD0D4803F001FA0C481F
:109B5800022103F0B1FA48B1094803F089FA09482B
:109B6800082104F02FFB084B187008BD044803F0C7
:109B78003BFB064B80B21880EEE700BFA503002030
:109B8800E800002000040048A9000020AA000020E6
:109B980008B50E4B1A784AB11A78052A06D01A78F1
:109BA800092A03D01B78082B00D008BD08480821D3
:109BB80004F008FB074BB0FA80F01A78400982429B
:109BC80008BF054A187008BF107008BDA50300201B
:109BD800000400480D00002044000020564B1A786D
:109BE80012B11B78132B49D12DE9F043002283B021
:109BF80002214FF0904004F0EBFA00230193019BFF
:109C0800B3F5207F06D2019B01330193019BB3F585
:109C1800207FF8D3494803F09BF94848022103F014
:109C28004BFA002854D0464E01233370454D434823
:109C380003F01EFA2B889BB2B3F5DF7F1FD233786F
:109C480003F0FF0423BB404F97F80080B8F1000FE2
:109C580020D03E4B3E491C600A882B889BB292B2AA
:109C6800023B9A424FDA01243C70224602214FF00F
:109C7800904003B0BDE8F04304F0AABA704701234E
:109C880000222A803370337803F0FF04002BDAD0E7
:109C98000022EBE7DFF8B490D9F80030002B3CD075
:109CA80002F01AFFD9F800302949C01A40F6B83333
:109CB8009842D1D9274B0A881B8892B205339A4219
:109CC800CADD0123424602214FF090403370D0E7AD
:109CD8001A4803F089FA40F6E973A0F110029A4293
:109CE800A1D84FF4E17202FB00F01B4B1849144E47
:109CF80000F2FF70A3FB0023C01A03EB5003C3F369
:109D0800CF230B8092E70A882B889BB292B202334A
:109D18009A420BDD00233B70A7E702F0DDFE0C49F9
:109D28000C4B0A88C9F800001A8095E73C78003C7B
:109D380018BF012499E700BFA5030020E800002010
:109D480092000020AC000020B4030020B0030020E3
:109D5800AE000020AE030020010110002DE9F843F9
:109D6800604B1B780A2B01D0BDE8F8835E4803F0EE
:109D7800EFF85D48022103F09FF9044600284AD015
:109D88005A4E012333705A4D574803F071F92B8806
:109D98009BB2B3F5967F29D8337803F0FF04002BE4
:109DA8005FD1544F97F80090B9F1000F23D1DFF835
:109DB8005081D8F80030002B5BD102F08DFE4E495F
:109DC8004E4B0A88C8F800001A800A882B889BB274
:109DD80092B2023B9A4212DA01243C7022460221D6
:109DE800BDE8F8434FF0904004F0F2B90022012397
:109DF8002A803370D0E7424B3F491C60E5E70A8868
:109E08002B889BB292B202339A424DDC3C78003CDC
:109E180018BF0124E2E7344803F0E6F940F6E97395
:109E2800A0F110029A42ABD883B2742B3FD940F606
:109E3800C67293423ED8334A05B22346171D32F9FB
:109E48002310A94202EB830603DC37F92340AC4216
:109E580032DA0133202BF2D100232749234E0B801D
:109E680091E7BDE8F843002202214FF0904004F04A
:109E7800AFB902F031FED8F800301F49C01A40F6D9
:109E8800B8339842A1D91D4B0A881B8892B2053372
:109E98009A429ADD012333704A460221BDE8F8430D
:109EA8004FF0904004F094B900233B7096E74FF4CC
:109EB800A073D2E72346D0E7B6F90250B6F90630C8
:109EC800641A5B1B401A03FB00F004EBD4735B10AD
:109ED8000028B8BF5B42034493FBF4F32B449BB2C6
:109EE800BBE700BFA5030020E80000209200002087
:109EF800AC000020AC030020AE000020A603002028
:109F0800A8030020E00501081C4B30B55A691C4D18
:109F180042F480225A615B6989B003F480234FF4CC
:109F280040601121CDE90201002401931448019AEF
:109F38000494032302A9CDE9053404F04BF8104832
:109F480001224FF4806104F043F94FF4FA6400E011
:109F580084B14FF48061284604F034F9013C0128AB
:109F6800A4B2F5D1064801224FF4006104F030F99B
:109F780009B030BD034B01221A70F3E7001002400C
:109F880000040048B50300202DE9F04100241F4ECD
:109F980082B080460725274648FA05F212F00102EA
:109FA80018BF01224FF40041304604F011F9002295
:109FB8000421304604F00CF90097009B132B05D8B8
:109FC800009B01330093009B132BF9D90122042134
:109FD800304604F0FDF84FF48071304604F0F2F892
:109FE80064000128E4B201D144F001040197019B07
:109FF800132B05D8019B01330193019B132BF9D92E
:10A00800013DC9D2204602B0BDE8F08100040048F5
:10A01800F0B51E4D87B00024012204214FF0904076
:10A02800CDE90044CDE90244049404F0D1F80122BA
:10A038002846042104F0CCF80127032304266946A6
:10A048004FF0904003930096CDE9017403F0C2FFEE
:10A0580069462846009603F0BDFF4FF4004669465E
:10A068002846009603F0B6FF4FF480720023694635
:10A078002846CDE90023029703F0ACFF0448009678
:10A088006946029403F0A6FF07B0F0BD000400483B
:10A09800000800485AB32DE9F043DFF8588085B02E
:10A0A80081460E461546322706E02D1BA144ADB267
:10A0B8001FFA89F92644B5B109F01F04C4F1200438
:10A0C800A4B2AC4228BF2C46CDE901470096022332
:10A0D8004A46A021404604F00FFB0028E5D00020A6
:10A0E80005B0BDE8F083012005B0BDE8F08301208C
:10A0F800704700BF3801002000B585B08446322380
:10A10800CDE90123009102236246A021044804F00E
:10A11800F3FBB0FA80F0400905B05DF804FB00BF1E
:10A12800380100202DE9F047DFF85C81514FDFF856
:10A138005C9188B00A254FF0FF0A002601214046AD
:10A1480004F040F80221B0FA80F44046640904F0B3
:10A1580039F808B944F002041021384604F032F8FE
:10A1680008B944F004048021384604F02BF808B9F3
:10A1780044F008044FF40051484604F023F808B9A5
:10A1880044F0100454450CD10136F6B2032E0AD01F
:10A19800022002F0A7FC6B1E13F0FF0503D0A246B5
:10A1A800CCE70126F4E7344B182C1C7004D8334B49
:10A1B8001C7008B0BDE8F0871F2C1DD02F49304B0C
:10A1C8002C4819240C70012240211A7004F000F860
:10A1D800284800224FF4007103F0FAFF25480022B6
:10A1E800402103F0F5FF002202214FF0904008B013
:10A1F800BDE8F04703F0ECBF1D2269460020FFF7D9
:10A208007BFF18B11F4B009A9A421DD01B491C4B6B
:10A21800184819240C70012240211A7003F0D8FF45
:10A22800144800224FF4007103F0D2FF11480022B5
:10A23800402103F0CDFF002202214FF0904003F0AF
:10A24800C7FF08B0BDE8F0879DF80430052BDDD1C5
:10A25800684601F065F89DF81C308342D6D19DF818
:10A268001A20013AD2B2182AD0D8044B1A7008B072
:10A27800BDE8F087000400480C000020A50300207A
:10A28800920000204354525500140048000800482A
:10A298000E4A0F48D16930B441F48001D161D269C6
:10A2A8000C4C0D4982B002F480020192019D0023FA
:10A2B8000122C0E90041C0E90232C0E90433C0E923
:10A2C8000633036202B030BC04F0C8B80010024084
:10A2D80038010020005800402A231000144B15496B
:10A2E8005A6930B542F001025A615B69124C83B079
:10A2F80003F00103019300258023019810222046D2
:10A30800C4E90253C4E90012C4E90455C4E9065576
:10A3180003F094FD2A4603210D2003F02BFD0D20A8
:10A3280003F064FD054B63625C6503B030BD00BF9C
:10A3380000100240300002408C010020D0010020B3
:10A34800134A1448916930B441F48051916192697B
:10A35800114982B002F4805201924FF48272C0E92E
:10A368000012019D4FF4007200234FF4E064202195
:10A3780082610722C0E90234C0E90433C0E9071347
:10A38800C0E90933C26202B030BC05F049BA00BF67
:10A3980000100240D0010020003001402F4BF0B5E2
:10A3A800DA692F4C42F00072DA61DB6991B003F090
:10A3B8000073009302274FF4C0510126CDE901171D
:10A3C800009801A9032209234FF09040CDE90362C8
:10A3D800059303F0FFFD234A04230025C4E9002365
:10A3E8004FF080734FF44022C4E902534FF48013B6
:10A3F800C4E904234FF00123A36120464FF480737E
:10A40800A38303F001F906A92046CDE90B55CDE950
:10A418000655CDE908550D960A950E9603F074F980
:10A42800204603F0E9F93946204603F021FB4FF4B2
:10A438000441204603F01CFB2A463146142003F051
:10A4480099FC142003F0D2FC2A463146162003F06A
:10A4580091FC162003F0CAFC11B0F0BD00100240B8
:10A468003C0300200064004030B5A1B00024202245
:10A47800002107A8FEF768F821463C2210A8CDE97C
:10A488000144CDE903440594FEF75EF80122102348
:10A49800CDE90A2302254FF4601306A80F93069509
:10A4A8000D9504F005FC0F23019329464FF48063B2
:10A4B80001A8CDE903430295059404F0E3FE602367
:10A4C80010A8CDE91744109304F08AFF21B030BDDD
:10A4D80070B500258CB0CDE90655CDE90855324C4C
:10A4E8000A95A36943F00103A361A36903F001037B
:10A4F8000093009B636943F400336361636903F469
:10A5080000330193019B636943F4802363616369AA
:10A5180003F480230293029B636943F4800363611D
:10A52800636903F480032A4603934FF400414FF014
:10A538009040039B012603F04BFE4FF4004306A90D
:10A548004FF09040CDE90636CDE9085503F042FDBD
:10A558000322002306A915480896CDE9062303F02F
:10A5680039FD06A912489023069303F033FDE369E9
:10A5780043F08053E361E36903F080530493049B41
:10A5880004F08EFB63690B4843F40023636163693D
:10A5980003F400234FF40052059306A9059B069285
:10A5A80003F018FD0CB070BD001002400014004804
:10A5B800000400480008004870B5002486B0664DC5
:10A5C8006648049422462021CDE90044CDE902449E
:10A5D80003F0FEFD2B78092B00F0B0802B78052BBB
:10A5E80000F0B2802B78192B00F09C805B48012288
:10A5F800402103F0EDFD4FF418710123CDE900135C
:10A608000022032355486946CDE9022303F0E2FC02
:10A618002B78012B14D02B78022B11D02B78032BFD
:10A628000ED02B78062B0BD02B78072B08D02B7845
:10A638000A2B05D02B780C2B02D02B78102B10D19D
:10A6480046480022082103F0C3FD08200121CDE976
:10A6580000010022032341486946CDE9022303F0A3
:10A66800B9FC00223D48022103F0B2FD02256946EB
:10A678003A48009503F0AEFC002229464FF090407E
:10A6880003F0A6FD69464FF09040009503F0A2FC48
:10A6980080230024CDE900350326052369464FF0C1
:10A6A80090400493CDE9024603F094FC4FF4807384
:10A6B8000093694606234FF09040CDE90363CDE946
:10A6C800015403F087FC0125224610214FF09040E9
:10A6D800CDE90154CDE9034403F07AFD102369461E
:10A6E8004FF09040009303F075FC4FF40413694653
:10A6F80008224FF09040CDE90023029503F06AFC50
:10A7080022462146092003F035FB092003F06EFBA1
:10A7180022463146172003F02DFB172003F066FB75
:10A7280006B070BD22460D48402103F051FD0B488C
:10A7380022464FF4007103F04BFD5CE707482246C0
:10A74800402103F045FD56E7044822464FF40071C6
:10A7580003F03EFD4FE700BFA503002000040048BA
:10A76800134B1449DA6930B542F00202DA61DB6949
:10A77800114C83B003F00203019300254FF47A7360
:10A78800019825613F222046C4E90012C4E902531A
:10A7980005F0DAFC2A4602211D2003F0EBFA1D2001
:10A7A80003F024FB204603B0BDE8304005F0E4BACE
:10A7B8000010024000040040CC02002030B5002404
:10A7C8008BB0CDE90244CDE90444CDE90644184BE9
:10A7D80008949A69174D42F400629A619B696C610A
:10A7E80003F40063014601932846134B019A2B603A
:10A7F800C5E90314C5E9014405F0D8FC60230293B8
:10A8080000220023CDE9062302A922462846CDE9E5
:10A8180003440594089405F03DFD2146284605F0BB
:10A8280079FB2A68536C43F4004353640BB030BD82
:10A838000010024080020020002C014030B50024A6
:10A848008BB0CDE90244CDE90444CDE90644144B6C
:10A858000894DA69134D42F00102DA61DB696C6031
:10A8680003F0010301934FF0804240F6FF1328469E
:10A87800C5E9024301992A602C6105F097FC002381
:10A888006022CDE9022302A92246284604940694B0
:10A8980005F000FD2146284605F03CFB0BB030BD15
:10A8A8000010024034020020F0B5002489B0CDE940
:10A8B8000244CDE90444CDE906441A4B1A4D5A69BD
:10A8C80042F080525A615B692C8303F080530193F4
:10A8D8004FF0A0432B604FF40033012607466B600E
:10A8E80028460423019AEE61C5E90443C5E90244F8
:10A8F80085F82040AE6285F830406C6302F0E2F9DA
:10A90800052302A92846CDE90363CDE9054402974A
:10A91800079402F0B7FC2146284602F069FC09B00A
:10A92800F0BD00BF00100240E8000020014B0122EA
:10A938001A70704791000020014803F0C1B800BFA9
:10A948003C030020044B4FF090416FF0A0504FF0B3
:10A95800FF3208601A60FEE70004004800000000AB
:10A9680030B5082889B014D0402801D009B030BDCE
:10A978003B4B1B780A2BF9D102F0AEF8394A136821
:10A98800C31A012BF2D9384910600B6801330B60E8
:10A99800ECE7334B1A780B2A12D01A78052A33D0F1
:10A9A8001B780A2BE2D102F097F8304A1368C31AD1
:10A9B800012BDBD92E4910600B6801330B60D5E7FA
:10A9C80002F08AF82B4A1368C31A012BCED99FEDDF
:10A9D800227B952301241060029327488DF80040BC
:10A9E80000238DED047B06948DF81C3002F0A8FF3F
:10A9F800B8B101AB6A46204802A902F02BFF1F4AF2
:10AA0800136801331360B1E702F066F81C4A136853
:10AA1800C31A012BAAD91B4910600B6801330B60BC
:10AA2800A4E721461448144D02F066FF022112489B
:10AA380002F062FF1048042102F05EFF4FF47A74BE
:10AA480003E0013CA4B2002CD3D0284602F078FFE2
:10AA58000028F6D0CDE700BF00000000000000008D
:10AA6800A5030020B803002070000020BC030020CC
:10AA780098000020C40300203C0300204800002068
:10AA8800C0030020A4000020082003F0B1BB00BFD1
:10AA9800402003F0ADBB00BF02F012B8014805F03A
:10AAA80043BA00BFCC0200202D4B02689A4200D066
:10AAB800704770B52B4B1B7803F0FF056BB92A4C18
:10AAC80023684BB1294E337813BB2948012208214A
:10AAD80003F07EFB0123337070BD234B2448002410
:10AAE800012240211C6003F073FB224B1B6803B159
:10AAF8005C63214C2378092B2CD02378052BEBD1D0
:10AB0800BDE870401A4800224FF4007103F060BBA2
:10AB180017482A46082103F05BFB357072B6236894
:10AB2800013B236062B62368002BD5D12368002B34
:10AB3800D2D1114B1A78072ACED01A78062ACBD050
:10AB48001B780A2BC8D0BDE8704009480122402173
:10AB580003F03EBB06480022402103F039FBCCE756
:10AB68000004004092000020B4000020B000002043
:10AB78000004004880020020A50300202DE9F843C6
:10AB8800244C254B25786178A2781B78EDB2CEB29B
:10AB9800D7B273B1FF23214A237000236370A370D7
:10ABA80013702378AB4226D01D4B01221A70BDE8E2
:10ABB800F883DFF8689099F8003033B101F08CFF22
:10ABC800184B1B68C01A0028EBDB4FF0000889F807
:10ABD800008001F081FF144B1B68C01A40F2DB5360
:10ABE80098420FD8FF2384F8008084F80180A3706E
:10ABF8002378AB42D8D16378B342D5D1A378BB428E
:10AC0800D2D1D4E7FF2384F80080637084F80280EF
:10AC1800C7E700BFD0000020920000203C000020C1
:10AC280050000020380000204000002038B51A48A5
:10AC380004F080FF012802D00024204638BD174ABE
:10AC4800174B184D044650781178927800EB400065
:10AC580000EB030C185A288001EB41019CF8020014
:10AC6800A870C81802EB4202595AA5F80310817857
:10AC78006971D018995AE98083782B72642200216F
:10AC880005F10900FDF760FC6D222946024804F031
:10AC980067FE204638BD00BFD0010020D00000204C
:10ACA800A4070108C803002070B582B072B6824DAF
:10ACB800824A0024022304EB440C05EB0C00072114
:10ACC800467815F80CE090F802C0F6B25FFA8EFEEE
:10ACD8005FFA8CFC46FA01F0C007936119D500BFF2
:10ACE80000BF00BF00BF00BF00BF00BF00BF00BF64
:10ACF80000BF00BF00BF00BF00BF00BF00BF00BF54
:10AD080000BF00BF00BF00BF00BF00BF00BF00BF43
:10AD180000BF00BF00BF00BF00BF00BF00BF00BF33
:10AD280000BF00BF00BF00BF00BF00BF00BF00BF23
:10AD380000BF00BF00BF00BF00BF936200BF00BFDD
:10AD480000BF00BF00BF00BF00BF00BF00BF00BF03
:10AD580000BF00BF00BF00BF00BF00BF00BF00BFF3
:10AD680000BF00BF00BF00BF00BF00BF00BF00BFE3
:10AD780000BF00BF00BF00BF00BF00BF00BF00BFD3
:10AD880000BF00BF00BF00BF00BF00BF00BF00BFC3
:10AD980000BF00BF00BF00BF00BF00BF00BF00BFB3
:10ADA800013997D207214EFA01F0C607936119D5E8
:10ADB80000BF00BF00BF00BF00BF00BF00BF00BF93
:10ADC80000BF00BF00BF00BF00BF00BF00BF00BF83
:10ADD80000BF00BF00BF00BF00BF00BF00BF00BF73
:10ADE80000BF00BF00BF00BF00BF00BF00BF00BF63
:10ADF80000BF00BF00BF00BF00BF00BF00BF00BF53
:10AE080000BF00BF00BF00BF00BF00BF936200BF0C
:10AE180000BF00BF00BF00BF00BF00BF00BF00BF32
:10AE280000BF00BF00BF00BF00BF00BF00BF00BF22
:10AE380000BF00BF00BF00BF00BF00BF00BF00BF12
:10AE480000BF00BF00BF00BF00BF00BF00BF00BF02
:10AE580000BF00BF00BF00BF00BF00BF00BF00BFF2
:10AE680000BF00BF00BF00BF00BF00BF00BF00BFE2
:10AE780000BF013997D207214CFA01F0C00793614E
:10AE88001ED500BF00BF00BF00BF00BF00BF00BF8E
:10AE980000BF00BF00BF00BF00BF00BF00BF00BFB2
:10AEA80000BF00BF00BF00BF00BF00BF00BF00BFA2
:10AEB80000BF00BF00BF03E0B80000200004004846
:10AEC80000BF00BF00BF00BF00BF00BF00BF00BF82
:10AED80000BF00BF00BF00BF00BF00BF00BF00BF72
:10AEE80000BF00BF00BF00BF936200BF00BF00BF2C
:10AEF80000BF00BF00BF00BF00BF00BF00BF00BF52
:10AF080000BF00BF00BF00BF00BF00BF00BF00BF41
:10AF180000BF00BF00BF00BF00BF00BF00BF00BF31
:10AF280000BF00BF00BF00BF00BF00BF00BF00BF21
:10AF380000BF00BF00BF00BF00BF00BF00BF00BF11
:10AF480000BF00BF00BF00BF00BF00BF00BF013986
:10AF580092D20134082C7FF4AEAE62B6002301937E
:10AF6800019BB3F57A6F06D2019B01330193019BD4
:10AF7800B3F57A6FF8D302B070BD00BF014802F094
:10AF8800DFBF00BF8C01002070B582B032260446B6
:10AF98000D460B46024600960948782103F0D4FA7C
:10AFA80058B1074803F0B6FAFFF772F9044800965B
:10AFB80078212B46224603F0C7FA02B070BD00BFC5
:10AFC80038010020094B1A7802B9704700B583B0E0
:10AFD80003460022022101A88DF804208DF80530CF
:10AFE800FFF7D2FF03B05DF804FB00BF0E0000209E
:10AFF8000D4B1B7803B101B9704710B58029A2B079
:10B0080028BF802140230A460C4601460DF1050061
:10B018008DF80430FDF7EAFA611C89B201A8FFF740
:10B02800B3FF22B010BD00BF0E0000200E4B1B78EE
:10B0380003B9704700B583B001F00F030A0950380F
:10B0480004214FF0000C10328DF805000DEB0100C3
:10B058008DF804C08DF806308DF80720FFF794FFAF
:10B0680003B05DF804FB00BF0E0000200F4B10B5C5
:10B078005A6942F400325A615B6988B04FF4C06083
:10B08800122103F40033CDE902010193012202A940
:10B098004FF0904004240323CDE904230694019B38
:10B0A80002F098FFFFF7F4F808B010BD0010024056
:10B0B80030B583B0FFF7DAFF322001F013FD052326
:10B0C8009548964C0222782103F01AFD051E0CBF04
:10B0D80001230023237001D003B030BD4FF42E4369
:10B0E800022101A8ADF80430FFF74EFF2378002BAA
:10B0F800F2D04FF45543022101A8ADF80430FFF710
:10B1080043FF2378002BE7D04FF40043022101A826
:10B11800ADF80430FFF738FF2378002BDCD04FF46C
:10B128002843022101A8ADF80430FFF72DFF23784A
:10B13800002BD1D04FF47C53022101A8ADF8043084
:10B14800FFF722FF2378002BC6D04FF45343022188
:10B1580001A8ADF80430FFF717FF2378002BBBD008
:10B16800022101A8ADF80450FFF70EFF2378002B49
:10B17800B2D04FF48043022101A8ADF80430FFF7A4
:10B1880003FF2378002BA7D04FF40D43022101A819
:10B19800ADF80430FFF7F8FE2378002B9CD04FF46D
:10B1A800A053022101A8ADF80430FFF7EDFE237883
:10B1B800002B91D04FF40053022101A8ADF80430C0
:10B1C800FFF7E2FE2378002B86D04FF400730221AC
:10B1D80001A8ADF80430FFF7D7FE2378002B3FF421
:10B1E8007BAF4FF42143022101A8ADF80430FFF7EB
:10B1F800CBFE2378002B3FF46FAF4FF44843022176
:10B2080001A8ADF80430FFF7BFFE2378002B3FF408
:10B2180063AF4FF45A43022101A8ADF80430FFF799
:10B22800B3FE2378002B3FF457AF4FF4905302211D
:10B2380001A8ADF80430FFF7A7FE2378002B3FF4F0
:10B248004BAF4FF40143022101A8ADF80430FFF7DA
:10B258009BFE2378002B3FF43FAF4FF44F4302216E
:10B2680001A8ADF80430FFF78FFE2378002B3FF4D8
:10B2780033AF4FF45943022101A8ADF80430FFF76A
:10B2880083FE2378002B3FF427AF4FF4714302214C
:10B2980001A8ADF80430FFF777FE2378002B3FF4C0
:10B2A8001BAF4FF45B43022101A8ADF80430FFF750
:10B2B8006BFE2378002B3FF40FAF4FF4804302213D
:10B2C80001A8ADF80430FFF75FFE2378002B3FF4A8
:10B2D80003AF4FF42443022101A8ADF80430FFF76F
:10B2E80053FE2378002B3FF4F7AE4FF42643022198
:10B2F80001A8ADF80430FFF747FE2378002B3FF490
:10B30800EBAE4FF42F43022101A8ADF80430FFF74C
:10B318003BFE03B030BD00BF380100200E00002006
:10B32800411E00F11B0C002011F8012F082350408A
:10B3380042B2002AB8BF52004FEA4000B8BF82F0BC
:10B34800070203F1FF33ACBFC0B2D0B213F0FF0362
:10B35800EED18C45E8D170472DE9F041002488B042
:10B36800404D1D22694620462C70FEF7C5FE18B1D7
:10B378003D4B009A9A4202D008B0BDE8F0819DF892
:10B388000430052BF8D10DF1FF300DF11B0C2246CE
:10B3980010F8011F08234A4051B20029B8BF4900DC
:10B3A8004FEA4202B8BF81F0070103F1FF33ACBF97
:10B3B800D2B2CAB213F0FF03EED18445E8D19DF8AA
:10B3C8001C109142D8D16C469C4601232B70A6468E
:10B3D8000FCC264F264E38607960BA6007CCFB60E8
:10B3E800237838617961BA613B773377BEE80F001B
:10B3F80030607160B260BEE80700DFF88C80F360EF
:10B4080030617161B2619DF810209DF8113088F8A3
:10B418000020184D88F801309DF813009DF812306F
:10B428009DF814109DF8152088F802300CEB4C0399
:10B438000CF1010CE8542B44BCF1080F59709A70B8
:10B44800F4D10D480D4A9DF8174004700C490D4B76
:10B458009DF8194014709DF81A009DF81B2008707B
:10B468001A7089E78403002043545255880300204A
:10B4780064030020B800002053000020830300204C
:10B488008203002081030020D0000020F0B589B09D
:10B498001D2200216846FDF757F872B6734C7449AF
:10B4A80022782378009105208DF804008DF8052076
:10B4B800002B40F09E806F4B1B889BB22278ADF822
:10B4C80006300A2A04BF6B4B1B8822780CBF9BB23C
:10B4D8000023052AADF8083004BF674B1B78227893
:10B4E8000CBFDBB20023052A8DF80A3000F0B280C9
:10B4F800002322788DF80B30092A04BF5F4B1B7894
:10B5080022780CBFDBB20023092A8DF80C3000F03A
:10B518009780002322788DF80D300A2A04BF584BF3
:10B528001B7822780CBFDBB200230A2A8DF80E3074
:10B5380008BF544B544A08BF1978544B14785078B4
:10B548008DF811000CBFC9B200218DF80F10917849
:10B558001A788DF8121058788DF8132099781A787F
:10B568008DF810408DF814008DF8151012B95A781E
:10B57800002A40D00123464A8DF8163012788DF8FB
:10B58800172044484449454A454B007809781278C1
:10B598001B788DF818008DF819108DF81A208DF881
:10B5A8001B3062B600210DF1FF320DF11B0012F8BD
:10B5B800013F082459404BB2002BBCBF5B0083F00D
:10B5C80007034FEA4101B8BFD9B204F1FF33A8BF5E
:10B5D800C9B213F0FF04EED18242E8D1314D8DF8A3
:10B5E8001C101C2229466846FDF79AF840B909B094
:10B5F800F0BD002362E79B78003B18BF0123BAE740
:10B60800294F01F069FA3B6840F6B732C31A9342F2
:10B618000646ECD920461D226946FEF73BFD002868
:10B62800E5D06C460FCC28606960AA6007CCEB6057
:10B6380023783E6028616961AA612B7709B0F0BD63
:10B648001A48402102F0BEFDA0F10103B3FA83F3CA
:10B658005B095FE710214FF0904002F0B3FDA0F1C5
:10B668000103B3FA83F35B0943E700BFA503002096
:10B6780043545255AC000020A80000209000002040
:10B688009C00002074000020D0000020B80000209A
:10B698005300002092000020830300208203002032
:10B6A8008103002064030020900400200004004867
:10B6B800F0B5152A1C4F85B0054628BF152200266F
:10B6C800A7FB0103DB0806F1100003EB830CA1EBD9
:10B6D8004C0C0DEB000E084634460CF1300C0136CC
:10B6E80009280EF80CCCF6B21946E9D8B24211D89E
:10B6F80000206EB101AA01341444034614F801CDA8
:10B7080005F803C0591CA242CBB2F7D13044C0B2ED
:10B7180005B0F0BD921B02F0FF073A4620212846EB
:10B72800FCF712FF3846E4E7CDCCCCCC70B5144614
:10B73800A0B0FFF77BFC2178684681B34FF0000C7E
:10B748001C4E8646654613E03F2B2CD9CEF8005098
:10B758008EF8045014F8011F8EF805500CF1010CF6
:10B768000EF1060E5FFA8CFCA9B1BCF1150F1CD0C6
:10B77800A1F16102A1F12003192ADBB2E4D8203B30
:10B7880003EB83039BB29919F2580B798EF80430B6
:10B79800CEF80020DEE70CEB4C0C4FEA4C01FFF72B
:10B7A80027FC20B070BD0B46E9E77E21FFF720FC9F
:10B7B80020B070BD6406010808B50021FFF736FC0B
:10B7C800BDE8084001488021FFF712BC800E01083F
:10B7D800F0B5642B28BF6423802A144628BF802430
:10B7E8000D06A1B002D40D19802D2CDC1D4D14FBC3
:10B7F80003F3A5FB0335C5F347157AB36E46B44684
:10B808000023671E0CE0BB420DD001335FFA83FEB4
:10B81800AA4294BF5E224222A6450CF8012B0AD206
:10B82800DAB2002BEFD101335FFA83FE7E22A64500
:10B838000CF8012BF4D3FFF7F9FB21463046FFF74C
:10B84800D7FB21B0F0BDC1F18004064AE4B214FB75
:10B8580003F3A2FB0325C5F34715CFE714466E464D
:10B86800E9E700BF1F85EB51F0B5154F154E3B7842
:10B878000C2828BF002003EB800306EB4313840049
:10B888000FCB85B06D4685E80F006C210520FFF7CA
:10B89800CDFB28461021FFF7ABFB3B78E01806EB01
:10B8A800401310330FCB85E80F006C210620FFF7FB
:10B8B800BDFB10212846FFF79BFB05B0F0BD00BF7C
:10B8C80035000020801B0108F0B589B001F004F9AB
:10B8D800A14B1B68C01AC72825D8A04B93E80300C2
:10B8E8006C4684E8030000210846FFF79FFB2046CA
:10B8F8009B4C0821FFF77CFB2378102B00F2DC819E
:10B90800DFE813F015026A006A002402EF01F7016C
:10B9180016001600DC01E701FF012C020D02DA0116
:10B92800DA01DA0116006C46002300936360DAE757
:10B938008C4B8D4A19688D4B002908BF1A460A217D
:10B948000020FFF7F3FE2478E4B20B2C0DD8DFE8D3
:10B9580014F088010C000C000C005C0131010C0093
:10B968000C00D600A20076004B0000268049532424
:10B978003346721C20336B44D6B203F8184C8C5DE6
:10B988003346002CF5D1774B7A491A687A4F8A42A8
:10B9980002AD98BF1968A8190522FFF789FE30443F
:10B9A8002022C0B2811800230DEB0106611C33442C
:10B9B800CCB203F8182C3A5D2346002AF6D120446D
:10B9C80008AB53FA80F000F8182C2A460021012011
:10B9D800FFF7ACFE09B0F0BD624B684A1968634BCB
:10B9E800002908BF1A46AAE70026654948243346B5
:10B9F800721C20336B44D6B203F8184C8C5D334666
:10BA0800002CF5D15F4B5B491A685F4F8A4202AD43
:10BA180098BF1968A8190522FFF74AFE304420226A
:10BA2800C0B2811800230DEB0106611C3344CCB26F
:10BA380003F8182C3A5D2346002AF6D1BFE7002602
:10BA4800524948243346721C20336B44D6B203F85B
:10BA5800184C8C5D3346002CF5D14D4B4D4F198851
:10BA680002AD0322A81989B2FFF722FE3044202331
:10BA7800C0B2C2180DEB0206621C3119D4B201F82B
:10BA8800183C3B5D002BF7D1204408AA52FA80F0FD
:10BA980000F8183C99E700263F494C243346721CAD
:10BAA80020336B44D6B203F8184C8C5D3346002C17
:10BAB800F5D13A4B3A4A1B783A4F03EB830303EB31
:10BAC80083018900A2FB012102AD0322A819C9093B
:10BAD800FFF7EEFD30442023C0B2C2180DEB02067A
:10BAE800621C3119D4B201F8183C3B5D002BF7D128
:10BAF800204408AA52FA80F000F8183C65E70026AE
:10BB0800294953243346721C20336B44D6B203F8B8
:10BB1800184C8C5D3346002CF5D1244B244F1988E2
:10BB280002AD0422A81989B2FFF7C2FD3044C0B2A1
:10BB38002023C2180DEB0206621C3119D4B201F899
:10BB4800183C3B5D002BF7D1204408AA52FA80F03C
:10BB580000F8183C39E700BF40000020C80301087E
:10BB6800A5030020B4000020940B0108A40A0108D2
:10BB78002C0C01089F860100340C0108C40A010836
:10BB8800180C010848000020200C0108E00B0108EF
:10BB9800AE000020EC0B0108CC0B0108900000203F
:10BBA80081808080D80B01080C0C01085A00002005
:10BBB800040C01080026704952243346721C2033B5
:10BBC8006B44D6B203F8184C8C5D3346002CF5D183
:10BBD8006A4B6B4F196802AD0522A819FFF768FD7B
:10BBE80030442023C0B2C2180DEB0206621C311982
:10BBF800D4B201F8183C3B5D002BF7D1204408AAC9
:10BC080052FA80F000F8183CDFE600265D49562419
:10BC18003346721C20336B44D6B203F8184C8C5D43
:10BC28003346002CF5D1584B584F198802AD0422E1
:10BC3800A81989B2FFF73CFD30442023C0B2C218CE
:10BC48000DEB0206621C3119D4B201F8183C3B5DB9
:10BC5800002BF7D1204408AA52FA80F000F8183CCB
:10BC6800B3E64B4A54260023013420336B44E4B234
:10BC780003F8186C165D2346002EF5D1454B464F48
:10BC8800198802AD0322281989B2FFF711FD204453
:10BC98002023C0B2C2180DEB0204721CA119D6B23F
:10BCA80001F8183CBB5D002BF7D1304408AA52FAC2
:10BCB80080F000F8183C88E6384A40E6384B1A7895
:10BCC800022A57D01978374A344B012918BF1A4627
:10BCD80035E6354B354A1978304B002908BF1A46E6
:10BCE8002DE6334B334A1978334B002918BF1A46CF
:10BCF80025E6324B324A1978324B002918BF1A46CA
:10BD08001DE6314A13889BB2002B29D0214B198894
:10BD180013888AB29BB29A4222D22C4A0FE62C4B45
:10BD28002C4A19682C4B002908BF1A4607E62649F1
:10BD38000B889BB2E3B1174B244A18880B88264D11
:10BD480081B29BB2994228BF2A46F8E5204B234A84
:10BD58001968214B002908BF1A46F0E5204AEEE58C
:10BD68001B4B204A19681C4B002908BF1A46E6E5F8
:10BD7800194AE4E51C4AE2E5B80B0108A0000020D6
:10BD8800C00B0108F80B0108AA000020040C0108E8
:10BD9800A40B0108AE000020AC0B0108240B01081D
:10BDA8005C000020B40A010890000020840B010800
:10BDB800A9000020E40A0108640B0108A80000207B
:10BDC800F40A0108540B0108AC000020340B0108E8
:10BDD800B4000020040B0108A40A0108D40A0108D1
:10BDE800440B0108740B0108140B010870B5234DAE
:10BDF800A0B006460024E0B20021FFF717F901348D
:10BE080080212846FFF7F4F8082CF4D180221C4939
:10BE18001C4D6846FCF7EAFB00210846FFF706F9C7
:10BE280080216846FFF7E4F8802217496846FCF746
:10BE3800DDFB00210120FFF7F9F880216846FFF7B4
:10BE4800D7F8042E28BF002606EB8606022405EB49
:10BE5800C615802229466846FCF7C8FB2046002103
:10BE68000134FFF7E3F8E4B280216846FFF7C0F831
:10BE7800072C05F18005ECD120B070BD800E0108BB
:10BE8800D0030108000F01085004010808B5144A3E
:10BE9800144B002111701B78134ADBB2137013780E
:10BEA800012B11D013780F2B4FF0AE0008D0FFF7FD
:10BEB80089F88120FFF786F8CF20FFF783F8AF20B5
:10BEC800BDE80840FFF77EB8AF20FFF77BF8812078
:10BED800FFF778F8BDE808400F20FFF773B800BFF8
:10BEE8005200002051000020530000202DE9F041AD
:10BEF800A44D2B78192BA0B040D0FFF7E5FCA24B3E
:10BF08001B7803F0FF04002B40F0A4822B78102B41
:10BF180017D8DFE813F01100B8023B0335032F03ED
:10BF2800E202DC02D602B202C402BE02AC02D002B5
:10BF3800160016001600CA02944A10210220FFF7C4
:10BF4800F5FB934A00210320FFF7F0FB2E78F6B2A9
:10BF5800102E00F2A680DFE816F0A8006400640046
:10BF680064001F03B3036400640041026E034301CD
:10BF780016026400A400A400A40064006D46802298
:10BF88008449854E2846FCF731FB00210846FFF717
:10BF98004DF880212846FFF72BF880227F49284654
:10BFA800FCF724FB00210120FFF740F880212846F8
:10BFB800FFF71EF80224204600210134FFF736F867
:10BFC800E4B280213046FFF713F8082CF3D1DFF8EC
:10BFD8000882734F02240CE0FCF708FB002130466E
:10BFE800FFF724F8013480212846FFF701F8072CD1
:10BFF8000FD098F8003013F0010FE6B24FF080022E
:10C0080007EBC4112846E7D080220021FCF79CFAF0
:10C01800E4E7644A0421204620B0BDE8F041FFF778
:10C0280085BB72B6604A614B1768D3F8008062B668
:10C03800002F00F09A835E495E4BB94228BF39460B
:10C0480053260022013480326A44E4B202F8806C3C
:10C058001E5D2246002EF5D105220DEB0400FFF7E8
:10C0680027FB20AA031952FA83F3052103F8806CF1
:10C078006A460846FFF75AFBB8F1000F09D064205A
:10C088003346A7FB00014246FCF7BEF8C0F1640640
:10C09800F6B23346552205210720FFF799FB287889
:10C0A8006BE0454A0A210520B6E7444A13889BB24B
:10C0B800B3F57A7F38BFB2F80080414A34BF1FFA1F
:10C0C80088F840F2E73854240023013680336B4463
:10C0D800F6B203F8804C945D3346002CF5D1394F05
:10C0E80039886D4689B20322A819FFF7E1FA831946
:10C0F800DBB25E1C80336B44F6B22F2203F8802C2F
:10C108004146A8190322FFF7D3FA0644F1B201F118
:10C118008003DFF8C8C020260DEB0300631C02195A
:10C12800DCB202F8806C1CF80460002EF6D12144C1
:10C1380020AB53FA81F3052108462A4603F8806CA0
:10C14800FFF7F4FA204B214A1978214B06200029E1
:10C1580018BF1A460521FFF7E9FA3B881D496420F4
:10C168009BB200FB03F3A1FB031307205522C3F383
:10C1780007230521FFF72CFB304620B0BDE8F0412E
:10C18800FFF772BBA503002092000020D80C01081D
:10C19800B80D0108D0040108800E010850050108F7
:10C1A800001801089C0C0108B400002008000020B9
:10C1B8009F860100D40D0108700E0108AC00002014
:10C1C800A40B0108AE00002044000020500C010818
:10C1D800400C0108C5B3A29135000020D00D01081C
:10C1E800C14A13889BB2B3F57A7F38BF1788BF4A14
:10C1F80034BFBFB240F2E7374E2600230134803304
:10C208006B44E4B203F8806C165D2346002EF5D12A
:10C21800B74B19886D4689B203222819FFF748FAE7
:10C228000444E4B204F180036B440134E4B22F22E5
:10C23800394603F8802C28190322FFF739FA0444F9
:10C24800E4B204F1800320A901346B4451FA84F468
:10C258004322052103F8802C08462A4604F8806CFE
:10C26800FFF764FAA34A4C2706F1800301366B44B2
:10C27800F6B203F8807C975D002FF5D19E4B9F4A5C
:10C288001B78DFF8EC8203EB830303EB830189005F
:10C29800A2FB0121C9090322A819FFF709FA0644DC
:10C2A800F6B206F180036B44252203F8802C013690
:10C2B800934BF6B219680422A819FFF7F9F9064456
:10C2C800F6B206F1800352240DEB03027B1C1744DF
:10C2D80007F8804CDFB218F80740002CF6D120ABE5
:10C2E8003E4453FA86F62A4606F8804C0521062075
:10C2F800FFF71CFA834A482604F18001631C0DEB02
:10C30800010404F8806CDCB2165D002EF4D17E4B7B
:10C318001B7803EB830303EB8301784B8900A3FBB2
:10C328000131C90903222819FFF7C2F90444E4B20C
:10C33800764A04F180036B4401341168E4B2252283
:10C3480003F8802C28190422FFF7B2F90444E4B258
:10C3580004F1800252230DEB0201721C0E4406F810
:10C36800803CD6B218F80630002BF6D120AA344407
:10C3780052FA84F407202A46052104F8803CFFF786
:10C38800D5F90A20F9E60521614A0846FFF7CEF9F2
:10C39800604949220023013480336B44E4B203F836
:10C3A800802C0A5D2346002AF5D15B4B5B491A684D
:10C3B8006D468A4298BF196805222819FFF778F94F
:10C3C80020AA031952FA83F3002607202A460521DA
:10C3D80003F8806CFFF7AAF90B20CEE6504B1A78C9
:10C3E800012A00F0C08119784E4A4F4B022908BF34
:10C3F8001A4605210846FFF799F94C4B4C4A18781C
:10C408004C4B0521002818BF1A460620FFF78EF965
:10C41800494A50250023013480336B44E4B203F8C1
:10C42800805C155D2346002DF5D1444B1988042204
:10C4380089B20DEB0400FFF73BF920AA031952FA61
:10C4480083F3072005216A4603F8805CFFF76EF93D
:10C45800082092E63A4A0A210220FFF767F9394A8A
:10C468000A21032020B0BDE8F041FFF75FB9364A42
:10C4780010210220FFF75AF963E5344A10210220FF
:10C48800FFF754F95DE5324A10210220FFF74EF913
:10C4980057E5304A10210220FFF748F951E52E4AA6
:10C4A80010210220FFF742F94BE52C4A1021022007
:10C4B800FFF73CF945E52A4A10210220FFF736F933
:10C4C8003FE5284A10210220FFF730F939E5264ACE
:10C4D80010210220FFF72AF933E5244A102102200F
:10C4E800FFF724F92DE500BFAC0000202C0E010851
:10C4F800AE000020340E01089C000020818080805E
:10C5080094000020400E0108740000206C000020F8
:10C51800540E0108640E0108480000209F8601009F
:10C528005C0000206C0C01088C0C01084400002001
:10C53800500C0108400C0108480E01085A00002060
:10C54800B00C0108C40C0108A80D0108780D0108F9
:10C55800E80C0108980D0108880D0108580D01081C
:10C56800680D0108480D0108380D0108280D01085B
:10C578003C0E0108834A10210220FFF7D7F8E0E4B7
:10C58800814A10210220FFF7D1F8DAE47F4A10210E
:10C598000220FFF7CBF8D4E47D4B56260022013465
:10C5A80080326A44E4B202F8806C1E5D2246002E96
:10C5B800F5D1784B19886D46032289B22819FFF7FF
:10C5C80077F820AA031952FA83F3052103F8806C3F
:10C5D80008462A46FFF7AAF86F494F2306F180025A
:10C5E80001366A44F6B202F8803C8B5D002BF5D127
:10C5F8006A4A6B491278002A6A4A06F180000ABF23
:10C6080011464F2446241A46684401330244DBB2DB
:10C6180002F8804CCC5C1A46002CF6D120AA334490
:10C6280052FA83F307202A46052103F8804CFFF7C6
:10C638007DF80420A1E55C4A5025002301348033AD
:10C648006B44E4B203F8805C155D2346002DF5D1F8
:10C65800564E032231780DEB0400FFF729F8031931
:10C66800DBB203F180020DEB0200013320AA52FA7B
:10C6780083F30521252400F8804C6A46084603F810
:10C68800805CFFF753F84A4B4A4A18784A4B052111
:10C69800002818BF1A460620FFF748F8337847489D
:10C6A80003EB830303EB83039B00A0FB03035522E7
:10C6B80007200521C3F3C713FFF78AF809205CE5B3
:10C6C8003F4A52260023013480336B44E4B203F816
:10C6D800806C165D2346002EF5D13A4B6D461968DD
:10C6E80005222819FEF7E4FF20AA031952FA83F35A
:10C6F800052108462A4603F8806CFFF717F82C4BEB
:10C708002C4A19782C4B0620002918BF1A460521F7
:10C71800FFF70CF82C4953243346721C80336B44C2
:10C72800D6B203F8804C8C5D3346002CF5D1274BEC
:10C7380003221978A819FEF7BBFF8319DBB203F1AE
:10C7480080020DEB0201013320AA52FA83F3252758
:10C7580001F8807C07202A46052103F8804CFEF763
:10C76800E5FF052009E51A4A43E605210846194A66
:10C77800FEF7DCFF6423552205210720FFF728F880
:10C788008DE400BF180D0108080D0108F80C010818
:10C79800F00D0108AA000020000E0108A9000020E1
:10C7A800680C0108600C0108200E010890000020A8
:10C7B80044000020500C0108400C01088180808052
:10C7C800080E0108A0000020140E0108A80000208F
:10C7D8007C0C0108E00D01080B4B1B78052B11D1CF
:10C7E80072B60A4A00211368116062B6084A4FF40B
:10C7F800C87101FB03F31360116842F20F73994289
:10C8080088BF1360704700BFA5030020A400002064
:10C81800A00000200A4B1B780A2B10D172B6094AD7
:10C8280000211368116062B6074AC82101FB03F3AF
:10C838001360116842F20F73994288BF1360704702
:10C84800A503002098000020940000200E4B1B78C0
:10C85800092B04D110B50D4C23780BB910BD7047C6
:10C8680000F03AF90A4B1B68C01AFA28F6D9094BA6
:10C8780009481B680022227040215A6301F0A8FC75
:10C88800064B01221A7010BDA5030020900000205D
:10C898008C00002080020020000400489200002044
:10C8A8000F4B1B78052B04D110B50E4C23780BB910
:10C8B80010BD704700F010F90B4B1B68C01AFA281E
:10C8C800F6D90A4B0A481B68002222704FF40071FF
:10C8D8005A6301F07DFC074B01221A7010BD00BF9E
:10C8E800A5030020A80000207C0000208002002072
:10C8F80000040048920000200C4B1A781AB11B78EB
:10C90800132B00D0704710B5094C23889BB203B98C
:10C9180010BD00F0E1F8074B1B68C01AFA28F7D9D8
:10C92800054B0021012221801A7010BDA5030020AB
:10C93800AC00002064000020920000200B4B1B7804
:10C948000A2B05D110B50A4C23889BB20BB910BD30
:10C95800704700F0C1F8074B1B68C01AFA28F6D9CF
:10C96800054B0021012221801A7010BDA50300206B
:10C97800AC00002060000020920000200D4B1B78C6
:10C988000A2B04D110B50C4C23780BB910BD704795
:10C9980000F0A2F8094B1B68C01AB0F57A7FF5D9E8
:10C9A800074B084A1868012100232370436311705C
:10C9B80010BD00BFA50300209C00002078000020C7
:10C9C80080020020920000200A4B1B780A2B10D10D
:10C9D80072B6094A00211368116062B6074AC82175
:10C9E80001FB03F31360116842F20F73994288BF89
:10C9F80013607047A5030020700000206C00002021
:10CA080008B50E4B1B780A2B12D10D4B1B780A2B3D
:10CA18000FD90C4B1B6863B900F05EF80A4A12681C
:10CA280040F6B833801A984202D9084B01221A708E
:10CA380008BD00F051F8044B186008BDA50300209C
:10CA4800740000206C000020940400209200002054
:10CA5800704700BF38B50E4A0E4B12780546186865
:10CA68004FF47A73B3FBF2F3B0FBF3F001F0CCF9B7
:10CA780008B90F2D01D9012038BD044602462946C0
:10CA88004FF0FF3001F076F9034B20461D6038BDAA
:10CA98000F0000200000002010000020074A08B501
:10CAA800136843F010031360032001F051F90F20BD
:10CAB800FFF7D0FFFFF7CCFF002008BD00200240A1
:10CAC800034A044B11681B780B441360704700BF7E
:10CAD800980400200F000020014B1868704700BF21
:10CAE8009804002038B50446FFF7F6FF631C054696
:10CAF80002D0044B1B781C44FFF7EEFF401BA042FA
:10CB0800FAD338BD0F000020704700BF026838B55F
:10CB1800936803F00303012B01D0002038BD13688C
:10CB2800DC07FAD5936803F00D03012B044609D0FE
:10CB3800236C43F010032364636C43F001036364C4
:10CB4800012038BD9368032143F00203936011600C
:10CB5800FFF7C2FF23689B68D9070546DDD5FFF7B5
:10CB6800BBFF401B0228236802D99A68D207DFD48A
:10CB78009B68DB07F3D4D0E703689A6812F00C0FC0
:10CB880001D100207047DA6870B59501044604D5D4
:10CB9800008B40F20112904234D060299A6844D048
:10CBA800500706D59A68920703D49A6842F0100293
:10CBB8009A600C2935D09A68100706D59A689207AA
:10CBC80003D49A6842F020029A606C2929D10C2576
:10CBD800FFF782FF236806469B681D4223D0FFF7B4
:10CBE8007BFF831B0B2B2368F6D99A682A42F3D064
:10CBF800236C43F010032364636C43F00103636404
:10CC0800012070BD1A68500606D4124A01E0013AA4
:10CC1800EED019684906FAD540221A609A68560774
:10CC28000FD40425D4E7002070BD160701D40825C9
:10CC3800CEE79A689507FAD49A6842F020029A607B
:10CC4800F5E79A689507ECD49A6842F010029A6062
:10CC5800E7E700BF00940900026838B5936803F05D
:10CC68000303012B044626D09168154B194209D0BD
:10CC7800236C43F010032364636C43F00103636483
:10CC8800012038BD936843F001039360FFF724FF48
:10CC9800236805461B68D9070BD4FFF71DFF431B04
:10CCA800022B2368F6D91A68D207E1D51B68D90781
:10CCB800F3D5002038BD1368D807D5D50020F9E78B
:10CCC8003F00008030B597B000230193D0B1036CCA
:10CCD80013F01003044618D1056C002D00F099805C
:10CCE80002689168CD0040F18280916888007ED406
:10CCF800216CC90600D463B1236C23F0120343F0FE
:10CD080010032364012017B030BD036CDA06F3D496
:10CD1800026893685B07EFD4236C23F4817343F0B4
:10CD28000203B2F1A04F2364814B00F0DE809A42E7
:10CD380000F0E28003F540739A4277D07D498A4239
:10CD480000F0EC80936803F00303012B00F0E88007
:10CD580079488368616823F440330B438360D4E9DE
:10CD680002130B43616B607E013918BF012143EA4E
:10CD7800403343EA013394F82010012900F09980E8
:10CD8800A16A01290CD06D48824200F0A28000F50A
:10CD98008070824200F09D80E06A184340EA0103F7
:10CDA800916811F00C0F0CD1D16821F4804121F069
:10CDB8000201D16094F83010207E490041EA8031A8
:10CDC8000B43D0685E490140206919430128D160AE
:10CDD80077D0136B23F00F03136300206064236C78
:10CDE80023F0030343F00103236417B030BD236C21
:10CDF80023F0120343F010032364636C43F0010330
:10CE08006364236C236C23F0120343F01003236440
:10CE180078E7C0E91255456480F83C50FFF774FE86
:10CE280022689368DB0012D52B465AE7414B4248EB
:10CE38009168029301F00301012958D0996801F023
:10CE48000301012985D11B68DD0788D481E72046C5
:10CE5800FFF75CFE226C12F0100F034622687FF485
:10CE680040AF00287FF43DAF216C364D21F4885146
:10CE780021F0020141F0020121649068296820F044
:10CE880040509060906840F0805090602E48A0FB21
:10CE98000101890C01EB81014900019101990029E7
:10CEA8003FF41FAF01990139019101990029F9D186
:10CEB80017E728BB616A013943EA414141F48033ED
:10CEC8005EE7116BE36921F00F01013B0B4313632C
:10CED80083E7B1F5307F1ED0B1F5807F25D0B1F55D
:10CEE800E07F08BF4FF4807156E71848A0E7116843
:10CEF800C9073FF534AFA1E714484FF0A04397E7BF
:10CF0800216C21F0220141F020012164616C41F083
:10CF18000101616434E74FF4E0713DE7064887E7B3
:10CF28001368DB073FF51BAF12E74FF4307133E7A7
:10CF38000001005000050050000700500004005098
:10CF480007C0F0FF0000002083DE1B4300030050F1
:10CF580038B503689D6815F004052BD190F83C306E
:10CF6800012B044626D0012380F83C30FFF774FEDD
:10CF7800E8B9226C236822F4706222F0010242F4BC
:10CF88008072B3F1A04F226416D0354A93425DD027
:10CF9800344A9268D10611D033498B420ED0226CA4
:10CFA80042F480122264CA68920114D50DE084F814
:10CFB8003C5038BD022038BD2C4A9268226C22F4BD
:10CFC80080122264DA68950105D5226C22F4405259
:10CFD80042F480522264226C12F480521CBF626CAC
:10CFE80022F00602626400211C22B3F1A04F84F8EB
:10CFF8003C101A6018D01A4A934215D0194A916801
:10D00800C9060CD0916801F01F01052907D0926864
:10D0180002F01F02092A02D0134A9342C9D19A6822
:10D0280042F004029A6038BD104A9168CC06F6D0E6
:10D03800916801F01F010529F1D0926802F01F02E2
:10D04800092AECD0B3F1A04FE9D038BD02F500723F
:10D058009268D506B2D0226C4FF0A041A0E700BF7D
:10D068000001005000070050000400500003005069
:10D0780090F83C30012B1DD0012310B56C2180F8AD
:10D088003C300446FFF778FD18B1002384F83C30A3
:10D0980010BD2046FFF73AFD0028F6D1236C23F493
:10D0A800885323F0010343F001032364002384F829
:10D0B8003C3010BD022070472DE9F04144690368F7
:10D0C800082C05460E460FD0B3F1A04F5CD042485D
:10D0D800424A4349834218BF0A469168CC063AD16E
:10D0E800DA68D0073BD40C24B3F1A04F49D03A4AB0
:10D0F800934250D03A4A9268D20647D1DF68FFF788
:10D10800EBFC2A6880461368234204D1731C16D1AD
:10D1180013682342FCD02B6C43F400732B64D36850
:10D1280007F4005103F440630B4302D11368180756
:10D1380039D47B0400D414600020BDE8F081C6B95E
:10D1480013682340DFD12A6C85F83C3042F0040292
:10D158002A640320F1E7926812F4404FC3D02B6C85
:10D1680043F020032B64002385F83C300120BDE800
:10D17800F081FFF7B1FCA0EB0800B0422A68C2D9E1
:10D18800DEE7164A9268B9E7144AA6E7154A9342B9
:10D19800B4D0D768B3E702F500729268D106ADD073
:10D1A8004FF0A042F5E7936813F0040F2B6C0AD1F7
:10D1B80023F480732B642B6CD904BAD42B6C43F002
:10D1C80001032B64B5E743F020032B646B6C43F039
:10D1D80001036B64ADE700BF00010050000300507D
:10D1E80000070050000400500368186C704700BF27
:10D1F800F8B590F83C30012B40D0012780F83C70FE
:10D2080004460D46FFF782FC0646002831D1236804
:10D2180027649A68BD4222F080429A6003D19A68D6
:10D2280042F080429A609A6842F000429A60FFF7A2
:10D2380053FC236805469B68002B14DAFFF74CFC67
:10D24800431B0A2B2368F6D99A68002AF3DA236C61
:10D25800002223F0120343F01003012684F83C2037
:10D2680023643046F8BD236C23F0030343F0010325
:10D278002364002384F83C303046F8BD022630464B
:10D28800F8BD00BF70B490F83C2097B00346012A5F
:10D298004FF00000019000F0EA8001201A6883F83E
:10D2A8003C00906840073ED44D680C6805EB45008B
:10D2B800042D4FEA400000F28D80156B4FF01F0CD3
:10D2C8000CFA00FC25EA0C0504FA00F02843106368
:10D2D800906810F00C0F3AD1092C886804EB4405CB
:10D2E80000F2888056694FF0070CA8400CFA05F543
:10D2F80026EA050528435061D0680D694E69C0F3D8
:10D30800C1004000013D86404FEA846C032D00F2C5
:10D318003F81DFE815F013000F010501FB001568D8
:10D32800ED0740F18D801A6C42F020021A6401204A
:10D33800002283F83C2017B070BC7047156EA648D1
:10D34800284040EA0C00304340F0004010669068E6
:10D3580000F00300012800F08580CD680120012D30
:10D3680000FA04F000F08780D2F8B01021EA00013A
:10D37800C2F8B010B2F1A04F00F0998097498A42E4
:10D388004FD0102C00F09C809549112C40F08980DA
:10D398008868C5011CD4B2F1A04F904849D0824298
:10D3A80045D09048824200F0F1808F4DAA4240D08B
:10D3B800906800F00300012848D11268D207B2D45F
:10D3C800102C05D0112C03D08A6842F480028A60A0
:10D3D8000020ADE7092D19D90E2D00F28C80956B30
:10D3E8003C381F26864025EA060504FA00F0284343
:10D3F80090636DE796691E3D4FF0070CA8400CFA44
:10D4080005F526EA05052843906175E7556B1E3832
:10D418001F26864025EA060504FA00F028435063D3
:10D4280056E7102C7149B0D188680002D0D44FF06B
:10D43800A0409568029005F00305012D3FF46FAFF9
:10D44800856805F00305012D00F09B80102C7BD02A
:10D45800112CB9D1B2F1A04FBAD18A6842F08072CA
:10D468008A60B5E71068C6077FF577AFB0E7022096
:10D4780017B070BC70478D68D2F8B010092C41EA1B
:10D488000001C2F8B01021D904EB440091691B389F
:10D498000726854006FA00F021EA00012943916138
:10D4A80068E7122C94D18868400291D473E7102C55
:10D4B8004E497FF46AAF8868050289D44748B8E7BF
:10D4C8004749886806027FF56CAF81E7601C51699F
:10D4D80000EB40000726854006FA00F021EA00012B
:10D4E8002943B2F1A04F51613FF472AF3B498A42E0
:10D4F8007FF44AAF6CE7D56B5A381F26864025EA79
:10D50800060504FA00F02843D063E1E6D56E3248F8
:10D51800284040EA0C00304340F00040D06616E74F
:10D52800956E2D48284040EA0C00304340F00040FA
:10D5380090660CE7556E2848284040EA0C003043B6
:10D5480040F00040506602E7B2F1A04F7FF440AFD0
:10D55800274A284C12688868A4FB0242920C02EB06
:10D568008202520040F4000088600192019A002A69
:10D578003FF42EAF019A013A0192019A002AF9D19B
:10D5880026E70068C6073FF5CEAE5FE7164850E7C6
:10D59800106E00F0F840604514D0506E00F0F8406E
:10D5A800604514D0906E00F0F840604524D0D06EED
:10D5B80000F0F84060457FF4CAAED06E20F000401D
:10D5C800D066C4E6106E20F000401066E5E7506EA5
:10D5D80020F000405066E5E700F0FF8300010050AE
:10D5E80000070050000400500005005000030050E0
:10D5F8000000002083DE1B43906E20F00040906600
:10D60800D5E700BF704700BF00287BD038B590F839
:10D6180020300446002B72D02268136843F00103BF
:10D628001360FFF759FA054604E0FFF755FA401B67
:10D638000A285BD823685A68D107F6D51A6822F0F9
:10D6480002021A60FFF748FA054604E0FFF744FAB9
:10D65800401B0A284AD823685A689207F6D4227EC3
:10D66800012A1A680CBF42F0800222F080021A6078
:10D67800627E012A1A680CBF42F0400222F0400282
:10D688001A60A27E012A1A680CBF42F0200222F01A
:10D6980020021A60E27E012A1A680CBF22F01002EA
:10D6A80042F010021A60227F012A1A680CBF42F069
:10D6B800080222F008021A60627F012A1A680CBF69
:10D6C80042F0040222F004021A60D4E9022021691F
:10D6D80002430A4360696168024301390A43002032
:10D6E8000121DA61606284F8201038BD636A05227E
:10D6F80043F40033636284F82020012038BDFFF72B
:10D7080081FF89E70120704770B490F820200468F1
:10D71800013A012A07D9426A034642F480220120CD
:10D7280070BC5A627047D4F800324A69CD6943F038
:10D738000103C4F8003202F01F0001238340D4F82B
:10D748001C0220EA0300C4F81C02D843002D3DD176
:10D75800D4F80C52CE680540C4F80C528D8804EBFE
:10D76800C20245EA0645C2F840528E680D8845EA6D
:10D778000645C2F844528A6912BBD4F80422024012
:10D78800C4F804220A69AAB9D4F814221040C4F8CB
:10D7980014020A6A012A04D1D4F81C221343C4F8DB
:10D7A8001C32D4F8003223F001030020C4F8003200
:10D7B80070BC7047D4F814221A43C4F81422E8E75E
:10D7C800D4F804221A43C4F80422DBE7012DD2D18D
:10D7D800D4F80C520E681D43C4F80C528D8804EB23
:10D7E800C20245EA0645C2F840528E688D8945EA6C
:10D7F8000645C2F84452BEE738B590F82030012BF0
:10D80800044605D0436A43F400234362012038BD2F
:10D818000268022380F82030136823F001031360A4
:10D82800FFF75AF9054604E0FFF756F9431B0A2BA0
:10D8380007D823685B6813F00103F5D163621846C3
:10D8480038BD636A052243F40033636284F82020FC
:10D85800DCE700BF30B490F820C005680CF1FF3C4D
:10D86800BCF1010FAC6839D814F0E05F06D1436A07
:10D8780043F400134362012030BC7047C4F30164D1
:10D888000120A04018608B686BB3C86803434868E0
:10D8980043EAC00304F1180000012B5005EB041CF7
:10D8A8000B69CCF884310B7D012B4FEA041105D1AB
:10D8B800DCF8843143F48073CCF884316B185168F8
:10D8C800C3F88C111268C3F88821DCF8803143F062
:10D8D8000103002030BCCCF880317047436A43F420
:10D8E80080234362C7E7CB68086843EA405004F1E5
:10D8F80018031B01E850D1E790F82020013A012ACB
:10D90800034605D9426A42F4802201205A627047D0
:10D91800CA0704D50068826842F0800282608807DE
:10D9280004D51868826842F4004282604A0704D528
:10D938001A68936843F4000393600020704700BF9F
:10D9480090F82030013B012B01D900207047036873
:10D9580098689A689B681201C0F3806048BF0130DC
:10D96800DB00F3D50130704790F820C00CF1FF3C84
:10D97800BCF1010F6BD870B5046841B9E568AD0713
:10D9880008D1436A43F400134362012070BD25693E
:10D99800AE07F6D004EB011C4FEA011EDCF8B051CB
:10D9A80005F004059560002D57D0DCF8B051ED085E
:10D9B8005560DCF8B05105F00205D560DCF8B451CB
:10D9C8002D0758BFDCF8B451DCF8B46154BF05F03A
:10D9D8000F05082515617444DCF8B451C6F3072611
:10D9E80096612D0CD4F8B86155611E7002687244B6
:10D9F800D2F8B821120A5A7002687244D2F8B821D3
:10DA0800120C9A7002687244D2F8B821120EDA70B9
:10DA180002687244D2F8BC211A7102687244D2F8C2
:10DA2800BC21120A5A7102687244D2F8BC21120C45
:10DA38009A7102687244D2F8BC21120EDA71026837
:10DA480081B9D36843F02003D360002070BD436AD6
:10DA580043F48023436201207047DCF8B0516D0D18
:10DA68001560A6E7136943F020031361EDE700BFD3
:10DA780090F82020013A012A034605D9426A42F467
:10DA8800802201205A627047026853690B430020C4
:10DA980053617047704700BF704700BF704700BFB1
:10DAA800704700BF704700BF704700BF704700BF96
:10DAB800704700BF704700BF704700BF704700BF86
:10DAC8002DE9F84F03685C69D3F804809F68D3F8A0
:10DAD8000CB0D3F81090D3F818A014F0010605463E
:10DAE8001FD0F90700F19B800026F9050BD52B689C
:10DAF8004FF480729A60BA0500F1DE807B0540F130
:10DB0800D18046F40056F9030BD52B684FF48032C8
:10DB18009A60BA0300F1D4807B0340F1C88046F4D0
:10DB28000046210702D51BF0100F72D1620702D5FB
:10DB38001BF0080F7ED1A30704D52B68DB689F076D
:10DB480040F09880600602D519F0100F5BD1A1064D
:10DB580002D519F0080F74D1E20603D52B681B69AA
:10DB68009B077CD1A70302D518F0100F7BD1E003E7
:10DB780002D518F0080F6BD1210440D518F0040F16
:10DB88002B683AD0E20544BF0AF001021643A70504
:10DB980074D4610504F400622BD51AF0040F28D060
:10DBA80046F00406002A77D01AF0700A74D0BAF149
:10DBB800400F00F0A88000F28780BAF1200F00F033
:10DBC800BD80BAF1300F00F0B080BAF1100F40F00C
:10DBD80095809A69042122F070029A6146F008063D
:10DBE80059606B6A334328466B62FCF79FFEBDE8B9
:10DBF800F88F12B11AF0700AD9D104225A60002E97
:10DC0800EFD1BDE8F88F2B68102246F480661A61C0
:10DC18009DE72B68102246F40076DA6086E7012239
:10DC28009A60BA0735D47B0739D43E075BD54FF4E1
:10DC380080565AE72B680822DA602846FFF736FF35
:10DC480079E72B6808221A612846FFF733FF83E734
:10DC58002B6808225A602846FFF730FF8CE72846D1
:10DC6800FFF726FF7EE72B6810225A602846FFF749
:10DC780023FF7CE72846FBF737F963E71AF0020F22
:10DC880087D0600546F0020604F4006285D41AB114
:10DC98008AE7FFF7FFFE27E704225A60A1E74FF45F
:10DCA800006622E7380525D546F480462BE7380379
:10DCB8001CD546F4803634E72846FFF7EDFE22E708
:10DCC8002846FFF7EBFE2CE7BAF1500F24D0BAF143
:10DCD800600F13D19A69042122F070029A6146F408
:10DCE800807659607DE7FFF7DBFEFDE62846FFF703
:10DCF800DBFE16E72846FFF7D5FE04E79A6922F00F
:10DD080070029A6179E79A69042122F070029A6197
:10DD180046F04006596064E79A69042122F07002CF
:10DD28009A6146F0800659605BE79A69042122F0FF
:10DD380070029A6146F02006596052E79A690421F8
:10DD480022F070029A6146F01006596049E700BF58
:10DD58000749CA6803024FF6FF0003F4E063024074
:10DD6800134343F0BF6343F40033CB60704700BFF5
:10DD780000ED00E01B4BDB68C3F3022300B5C3F1E1
:10DD8800070EBEF1040F03F1040C28BF4FF0040E78
:10DD9800BCF1060F1CD9A3F1030C4FF0FF3303FAB3
:10DDA8000CF322EA03024FF0FF3303FA0EF321EAE1
:10DDB800030303FA0CF313431B010028DBB20ADB4D
:10DDC80000F1604000F5614080F800335DF804FB25
:10DDD80000229446E7E7044A00F00F000244137655
:10DDE8005DF804FB00ED00E0FCEC00E0002807DB38
:10DDF8004109044A00F01F000123834042F8213002
:10DE0800704700BF00E100E00138B0F1807F01D326
:10DE18000120704710B44FF0E023074C58614FF0D1
:10DE2800F00C84F823C00022072110469A615DF89F
:10DE3800044B1961704700BF00ED00E0002833D0A3
:10DE4800D0E90121034610B4D0E903040A43024390
:10DE58005869196822430243D3E906402243024322
:10DE68000868124C6FF30D100243A1420A6011D9E1
:10DE78000F4A1048104C0A44A0FB020212099200F3
:10DE88004FF4807100201984C3E90F425DF8044BF8
:10DE980098637047094A07480A44A0FB020212091E
:10DEA800A4F207449200EBE7012070470704024000
:10DEB800F8FBFDBFCDCCCCCC00040240F8FFFDBF81
:10DEC80070B490F82040012C09D090F821C00124AA
:10DED800A44580F8204005D0002380F82030022097
:10DEE80070BC7047022580F821500468C66B002575
:10DEF8008563256825F001052560056C0CFA05F594
:10DF0800756063604368102BC36A0BBFA260A16091
:10DF1800E160E26053B1236843F00E032360236895
:10DF280043F001030020236070BC7047236843F06E
:10DF38000A032360236823F004032360EFE700BF8C
:10DF480070B4C66B026C31680468042393400B42BA
:10DF580025680ED015F0040F0BD02268920603D462
:10DF6800226822F004022260C26A7360CAB170BCDF
:10DF78001047022393400B4215D015F0020F12D020
:10DF88002268920606D4226822F00A022260012240
:10DF980080F82120826A7360002180F82010002A0E
:10DFA800E5D170BC7047082393400B42F9D02B078A
:10DFB800F7D52368016B23F00E032360012303FACE
:10DFC80002F24FF480747260048483630029E8D0FD
:10DFD80070BC08472DE9F04F0C6885B0002C00F0A4
:10DFE800828000234FF0010B0BFA03FE1EEA040A9D
:10DFF80075D04D6805F0030C5A0003260CF1FF3864
:10E0080006FA02F7B8F1010F6FEA07076ED9BCF1FB
:10E01800030F40F0BF800CFA02F2D0F800C00CEAFF
:10E0280007073A4315F4403F026058D05F4FBA697A
:10E0380042F00102BA61BA6902F001020392039A3E
:10E0480023F0030202F1804202F5803203F0030C50
:10E0580097684FEA8C0C0F2606FA0CFEB0F1904F29
:10E0680027EA0E0717D0524EB04200F08580514E75
:10E07800B04200F08880DFF844E1704575D0DFF8E1
:10E0880040E170450CBF4FF0040E4FF0050E0EFA3C
:10E098000CFC47EA0C079760474A9268EE026FEA61
:10E0A8000A07454E54BF3A404AEA0202B260F26893
:10E0B800AE02414E54BF3A404AEA0202F260726828
:10E0C800AE033D4E54BF3A404AEA020272603268DB
:10E0D800ED03394D54BF3A404AEA02022A6001333F
:10E0E80034FA03F280D105B0BDE8F08FD0F808907B
:10E0F800CE6809EA070906FA02F848EA0908C0F8EA
:10E108000880D0F804808E6828EA0E08C5F3001E3F
:10E118000EFA03FE4EEA080EC0F804E0D0F80C80B0
:10E1280006FA02FE08EA07084EEA080EBCF1020FDA
:10E13800C0F80CE07FF46FAF0E694FEAD30803F024
:10E14800070E00EB88084FEA8E0E06FA0EF6D8F88E
:10E15800209001960F2606FA0EFE019E29EA0E0966
:10E1680046EA090EC8F820E055E74FF0030E0EFA0C
:10E178000CFC47EA0C078EE74FF0010E0EFA0CFC78
:10E1880047EA0C0787E74FF0020E0EFA0CFC47EA45
:10E198000C0780E7D0F80C808E6808EA070806FAB2
:10E1A80002FE4EEA080EC0F80CE034E70010024008
:10E1B800000400480008004800040140000C004822
:10E1C800001000480369194214BF0120002070475D
:10E1D8000AB1816170478162704700BF436901EAF3
:10E1E800030221EA030141EA02418161704700BF4D
:10E1F800044A5169014200D1704708B55061FCF7E3
:10E20800AFFB08BD00040140F8B503689C6914F031
:10E21800100C054641D0164610220F46DA619C695B
:10E2280014F0200479D1781C4DD19A699106FCD557
:10E238002022DA619A6944F0040CD4054FF00100F9
:10E248002FD457053AD54FF48061D9614CF0080CAA
:10E25800960504D54FF400724CF0020CDA619A6905
:10E26800910744BF00229A629A69D20703D49A6937
:10E2780042F001029A615A6829490A405A606B6C57
:10E28800002243EA0C0320216B6485F8402085F8BE
:10E29800411085F842200120F8BD9A69D4056046EE
:10E2A800CFD54FF48071D96151054CF0010CCFD511
:10E2B8004FF48061D9614CF0080CC9E79405C9D4C2
:10E2C8000028CCD1F8BDFEF707FC801BB8422B68AC
:10E2D80004D81FB19A699206A5D5A9E7586895F898
:10E2E800422099690C04D2B20BD5410409D4202AE2
:10E2F80007D05A6842F480425A60FEF7EDFB2B685B
:10E3080006469A6992068AD4FEF7E6FB831B192B08
:10E318002B68F6D99A6920248CE7002488E700BF87
:10E3280000E800FE70B5036804460D46164605E091
:10E33800FFF76AFF00BB6A1C08D123689B699B072B
:10E34800324629462046F3D5002070BDFEF7C4FBAF
:10E35800801BA842236801D8002DEFD19A6912F0DA
:10E368000202EBD1636C84F8402020210B436364E4
:10E3780084F8411084F84220012070BD2DE9F8434B
:10E38800DDF820901E46054603688846174605E0D6
:10E39800FFF73AFF68BB731C0ED12B689C6938EAFB
:10E3A80004040CBF01230023BB424A4631462846D9
:10E3B800EED00020BDE8F883FEF78EFBA0EB090045
:10E3C800B0422B6801D8002EE8D19A6938EA0202D7
:10E3D8000CBF01220022BA42E0D16B6C002243F04C
:10E3E800200320216B6485F8402085F8411085F8CA
:10E3F80042200120DEE700BF03689B699B0629D401
:10E4080070B505460C4616460DE0FEF765FB801B09
:10E41800A042296800D81CB98B6913F020030DD0DD
:10E428008B699B0608D4324621462846FFF7ECFE46
:10E438000028EAD0012070BD002070BD6A6C85F804
:10E44800403020210A436A64012085F8411085F88C
:10E458004230F0E700207047704700BF002854D0D2
:10E4680010B590F84130044603F0FF02002B47D066
:10E478002368242284F841201968626821F0010188
:10E4880022F0706219601A619A68E16822F4004209
:10E4980001299A60A26809D042F4044202299A60CC
:10E4A80007D15A6842F400625A6006E042F400421A
:10E4B8009A605A6822F400625A605968226941F0E9
:10E4C800007141F4004159606169D8680A43A16943
:10E4D80020F4004042EA0122E169D860206ADA604B
:10E4E80001431960196841F00101196000222023D5
:10E4F800626484F84130226384F84220104610BDDB
:10E5080080F84020FFF7A8FFB2E70120704700BF5E
:10E51800704700BFB0B10268242310B580F84130BD
:10E52800136823F0010304461360FFF7F1FF00238B
:10E53800636484F8403084F84130236384F84230BF
:10E54800184610BD012070472DE9F047994690F80C
:10E55800413082B0202B0A9E40F0908090F84030E5
:10E56800012B044600F08A804FF0010A80F840A091
:10E578000F469046FEF7B0FA52460546009019231A
:10E588004FF400412046FFF7F9FE002872D12123FD
:10E5980084F84130102384F842306064A4F82A904B
:10E5A800638D2268C4F824809BB2FF2B6063C7F395
:10E5B800090767D8638D9BB22385002B40F08D80B7
:10E5C80053684A490B403B4343F0007343F40053FC
:10E5D8005360638D9BB22A4631462046002B38D0C3
:10E5E800FFF7A0FE002845D1616A236811F8012BC6
:10E5F8009A62638D228D6162013B9BB26385638D54
:10E60800013A92B29BB22285002BE2D0002AE0D1D7
:10E618008021009533462046FFF7B0FEFF2148BB16
:10E62800638DDFF8D0C022689BB28B42604647D921
:10E638005368218503EA0C033B4343F0FF7343F41B
:10E6480080335360638D9BB22A4631462046002BA7
:10E65800C6D1FFF7D1FE68B92368254D2021D961BD
:10E668005A682A405A6084F8411084F8400084F8B7
:10E67800420000E0012002B0BDE8F087022002B0AD
:10E68800BDE8F087FF232385FE214FF47F034FF079
:10E69800807018F801CBC2F828C02185618DDFF899
:10E6A8004CC0C4F82480013989B2618551683B4364
:10E6B80001EA0C010B43034343F40053536088E71A
:10E6C800638D51689BB22385DBB247EA034301405F
:10E6D8000B4343F0007353607BE7013B99B24B1C3B
:10E6E800DBB21B044FF00070D3E700BF009800FCBA
:10E6F80000E800FE009C00FC2DE9F04F994690F8D8
:10E70800413083B0202BBDF834A00E9F40F0A78085
:10E718000C9B0446002B00F09B80BAF1000F00F020
:10E72800978090F84030012B00F099804FF0010B52
:10E7380080F840B00D469046FEF7CEF95A46064698
:10E74800009019234FF400412046FFF717FE0028D8
:10E7580040F081800C9B6362212384F84130226859
:10E7680062496063402384F842306064A4F82AA0B8
:10E7780053680B405FFA89F143EA0143C5F3090581
:10E788002B4343F0807343F40053536039463246B9
:10E798002046FFF7C7FD002865D1B9F1010F2368AE
:10E7A80065D15FFA88F29A6200963B460022802182
:10E7B8002046FFF7E3FD002855D1638D22689BB200
:10E7C800FF2B70D953684A490B402B4343F0FF7322
:10E7D80043F48033FF212185536003E0638D9BB2AE
:10E7E800002B6ED0324639462046FFF79BFD0028A5
:10E7F80031D1616A236811F8012B9A62638D228DE9
:10E808006162013B9BB26385638D013A92B29BB210
:10E818002285002BE2D0002AE0D1802100963B46D9
:10E828002046FFF7ABFDFF21A8B9638DDFF8C0C014
:10E8380022689BB28B42604628D95368218503EA37
:10E848000C032B4343F0FF7343F480335360C5E755
:10E858004FF400736364012003B0BDE8F08F022019
:10E8680003B0BDE8F08F002384F84030F3E74FEAA7
:10E8780018229A62394632462046FFF753FD00288F
:10E88800F1D122685FFA88F393628DE7638D51684E
:10E898009BB22385DBB245EA034301400B4343F0B7
:10E8A800007353609AE7638D114851689BB22385C2
:10E8B800DBB245EA034301400B4343F00073536066
:10E8C80090E7324639462046FFF796FD0028C2D128
:10E8D8002368084D2021D9615A682A405A6084F873
:10E8E800411084F8400084F84200B5E7009800FC25
:10E8F800009C00FC00E800FE2DE9F04F994690F8D6
:10E90800413083B0202BBDF834A00E9F40F0A88082
:10E918000C9B0446002B00F09C80BAF1000F00F01D
:10E92800988090F84030012B00F09A804FF0010B4E
:10E9380080F840B00D469046FEF7CEF85A46064697
:10E94800009019234FF400412046FFF717FD0028D7
:10E9580040F082800C9B6362222384F84130226855
:10E9680064496063402384F842306064A4F82AA0B4
:10E9780053680B405FFA89F143EA0143C5F309057F
:10E988002B4343F400535360394632462046FFF781
:10E99800C9FC002868D1B9F1010F236868D15FFA72
:10E9A80088F29A6200963B46002240212046FFF7F3
:10E9B800E5FC002858D1638D22689BB2FF2B73D9E0
:10E9C80053684C490B402B4343F0807343F4923314
:10E9D80001212185536003E0638D9BB2002B73D026
:10E9E80000963B46002204212046FFF7C7FC00287A
:10E9F80032D12268636A526A1A70638D228D616A05
:10EA0800013B9BB26385638D013A92B201319BB29F
:10EA180061622285002BDFD0002ADDD1802100969B
:10EA28003B462046FFF7AAFC0121A8B9638DDFF811
:10EA3800CCC022689BB2FF2B604628D95368218539
:10EA480003EA0C032B4343F0807343F48033536091
:10EA5800C2E74FF400736364012003B0BDE8F08F90
:10EA6800022003B0BDE8F08F002384F84030F3E7BC
:10EA78004FEA18229A62394632462046FFF752FC7E
:10EA88000028F1D122685FFA88F393628AE7638DE0
:10EA980051689BB22385DBB245EA034301400B432F
:10EAA80043F00073536097E7638D124851689BB237
:10EAB8002385DBB245EA034301400B4343F000736F
:10EAC80043F4105353608BE7324639462046FFF72C
:10EAD80093FC0028C0D12368074D2021D9615A68CA
:10EAE8002A405A6084F8411084F8400084F84200B3
:10EAF800B3E700BF009800FC00E800FE009C00FCA3
:10EB08002DE9F04784B004460020039094F84100B2
:10EB1800202867D1174622689946936913F4004361
:10EB280060D194F8400001285CD0C1F309060121A6
:10EB380084F8401046F00078242184F8411048F405
:10EB480020586364E368012B06BF46F0007343F462
:10EB5800005343465360FDF7BFFF054620688369AD
:10EB6800826903F0200302F0100213431CD1B9F1AB
:10EB7800FF3F11D0FDF7B0FF401B484545D8B9F11C
:10EB8800000F08D141E0B9F1FF3F05D0FDF7A4FF20
:10EB9800401B484539D820688169836901F0200104
:10EBA80003F010031943EED0836913F0100A1DD146
:10EBB80000954B46524620212046FFF7DFFB0028F0
:10EBC80031D0636C042B04D123682022DA61C4F8A5
:10EBD80044A0039B01330393039B039BBB4214D2C2
:10EBE8002268AFE7022004B0BDE8F0871023C361B4
:10EBF800002200954B4620212046FFF7BFFB002846
:10EC0800E7D123682022DA61E3E7202384F8413042
:10EC1800636C43F0200363640120002384F84030D0
:10EC280004B0BDE8F08722682023D36184F841301E
:10EC380084F84000D7E700BF28B338B5D0E90031E1
:10EC4800826804464CF6CC40186045F2555018606E
:10EC580059609A60FDF740FF23680546DA68510756
:10EC68000AD0FDF739FF401B27282368F6D9DA6850
:10EC78005207F3D0032038BD1969E268914204D0E5
:10EC88001A61002038BD012070474AF6AA221A608E
:10EC9800F7E700BF03684AF6AA2200201A60704707
:10ECA800024A136843F48073136070470070004091
:10ECB800002800F0BB822DE9F0430368D90783B030
:10ECC80004464BD5AC494A6802F00C02042A00F00D
:10ECD8005D814A6802F00C02082A00F05381D4E9E9
:10ECE8000132B3F5803F15D0002B00F08981B3F5D0
:10ECF800A02F00F03682A04B196821F480311960EA
:10ED0800196821F480211960D96A21F00F010A439A
:10ED1800DA6209E098490B6843F480330B60CB6AE8
:10ED280023F00F031343CB62FDF7D6FE924F05463F
:10ED38004FF40038012605E0FDF7CEFE401B64289D
:10ED480000F25A8198FAA8F33A6898FAA8F3B3FA45
:10ED580083F306FA03F31342EED023689F073FD5E7
:10ED6800854A516811F00C0F00F0CB80516801F012
:10ED78000C01082900F0C1802269002A00F0948162
:10ED8800012595FAA5F3B3FA83F303F1845303F548
:10ED980084139B00784F1D60FDF79EFE4FF002081C
:10EDA800064605E0FDF798FE801B022800F2248144
:10EDB80098FAA8F33A6898FAA8F3B3FA83F305FA2D
:10EDC80003F31342EED03968F82292FAA2F263698B
:10EDD800B2FA82F2934021F0F80213433B602368B1
:10EDE8001D0729D4580753D5634BDA69D10000F1C0
:10EDF800C180DA6942F08052DA61DB6903F080533E
:10EE08000193019B01255D4E3368DA0540F1E480EA
:10EE1800E368012B00F06C81002B00F01781052BB3
:10EE2800554B1A6A00F0A98122F001021A621A6A87
:10EE380022F004021A6260E1A269002A74D0012655
:10EE480096FAA6F24E4BDFF83081B2FA82F21344FA
:10EE58009B0002251E60FDF73FFE074605E0FDF713
:10EE68003BFEC01B022800F2C78095FAA5F395FA6D
:10EE7800A5F395FAA5F3D8F8242095FAA5F3B3FAE3
:10EE880083F306FA03F31342E9D023685807ABD497
:10EE9800E36973B3384D6A6802F00C02082A00F07F
:10EEA8004F81022B4FF0807300F06F8193FAA3F328
:10EEB800B3FA83F303F1845303F584139B00002210
:10EEC8001A60FDF709FE4FF000770446012605E0B9
:10EED800FDF702FE001B022800F28E8097FAA7F3C6
:10EEE8002A6897FAA7F3B3FA83F306FA03F31342EF
:10EEF800EED1002003B0BDE8F0835268D6033FF599
:10EF08003BAF022292FAA2F11B49086892FAA2F2D8
:10EF18000121B2FA82F201FA02F202424BD02269CE
:10EF28008A4248D00120E5E7012797FAA7F1144B58
:10EF3800DFF84480B1FA81F10B449B0002251A6086
:10EF4800FDF7CAFD064604E0FDF7C6FD801B022852
:10EF580052D895FAA5F395FAA5F395FAA5F3D8F83A
:10EF6800242095FAA5F3B3FA83F307FA03F31342BF
:10EF7800EAD18AE7002546E7001002400070004009
:10EF8800208190104A68D2037FF5A9AE4FF4003271
:10EF980092FAA2F1A649086892FAA2F20121B2FAFD
:10EFA80082F201FA02F202423FF4D8AE6268002A05
:10EFB8007FF4D4AEB6E79E4DF821286891FAA1F106
:10EFC8006269B1FA81F120F0F8008A4002432A60B0
:10EFD8001D077FF507AF2FE7336843F4807333606D
:10EFE800FDF77AFD07463368DB053FF511AFFDF7FE
:10EFF80073FDC01B6428F6D9032003B0BDE8F08375
:10F008008B4D2B6823F480332B602B6823F48023EB
:10F018002B60EB6A23F00F031343EB62FDF75CFDF3
:10F028004FF400380646012704E0FDF755FD801B24
:10F038006428E1D898FAA8F32A6898FAA8F3B3FAEA
:10F0480083F307FA03F31342EFD186E6784E336A67
:10F0580023F001033362336A23F004033362FDF7BC
:10F068003BFD4FF0020907464FF0010806E0FDF7A7
:10F0780033FD41F28833C01B9842BDD899FAA9F3F1
:10F0880099FAA9F3326A99FAA9F3B3FA83F308FA59
:10F0980003F31342EBD1002D3FF4FAAE644AD3696F
:10F0A80023F08053D361F3E6012696FAA6F3B3FA68
:10F0B80083F303F1845303F584139B005C4F1A60B8
:10F0C800FDF70AFD4FF00208054604E0FDF704FDD0
:10F0D800401B022890D898FAA8F33A6898FAA8F33F
:10F0E800B3FA83F306FA03F31342EFD1236877E602
:10F0F8004F4A136A43F001031362FDF7EDFCDFF892
:10F10800308106464FF00209012707E0FDF7E4FCCD
:10F1180041F28833801B98423FF66EAF99FAA9F303
:10F1280099FAA9F3D8F8202099FAA9F3B3FA83F346
:10F1380007FA03F31342E9D0002D3FF4A9AEADE777
:10F14800012B3FF4EFAE6B68226A03F480319142E1
:10F158007FF4E8AE606A03F47013181A18BF012030
:10F16800C8E603F18043A3F53C33196841F48021D4
:10F178001960196841F48031C5E542F004021A6249
:10F188001A6A42F001021A62B7E793FAA3F3B3FAD4
:10F1980083F303F1845303F584139B0000221A6060
:10F1A800FDF79AFC4FF000780646012705E0FDF7C9
:10F1B80093FC801B02283FF61FAF98FAA8F32A6831
:10F1C80098FAA8F3B3FA83F307FA03F31342EED1DC
:10F1D800D4E908136A680B4322F4741213436B6072
:10F1E8004FF0807393FAA3F3B3FA83F303F18453D4
:10F1F80003F584139B000E4E1F60FDF76DFC4FF066
:10F2080000770446012505E0FDF766FC001B02288F
:10F218003FF6F2AE97FAA7F3326897FAA7F3B3FA74
:10F2280083F305FA03F31342EED062E60120704738
:10F23800001002400E4A536803F00C01082901D05F
:10F248000C487047C3F383410B48D26A405CDB0328
:10F2580009D50A49074B02F00F028A5CB3FBF2F3A7
:10F2680003FB00F07047064B03FB00F0704700BF3C
:10F278000010024000127A00902101088021010844
:10F2880000093D00002800F08D80504A136803F003
:10F2980007038B422DE9F0410D4604460CD2136852
:10F2A80023F007030B431360136803F007038B4233
:10F2B80002D00120BDE8F0812368980706D54449AB
:10F2C800A0684A6822F0F00202434A60D9072CD5A8
:10F2D8006268012A68D0022A0CBF4FF0007302232B
:10F2E80093FAA3F13A49086893FAA3F30121B3FA10
:10F2F80083F301FA03F30342DBD0354E736823F03E
:10F30800030313437360FDF7E7FB41F288380746B0
:10F3180004E0FDF7E1FBC01B404554D87368626800
:10F3280003F00C03B3EB820FF3D1284A136803F000
:10F338000703AB4209D9136823F007032B43136073
:10F34800136803F00703AB42B3D123685A0706D505
:10F358001F49E0684A6822F4E06202434A601B07DA
:10F3680007D51B4A2169536823F4605343EAC10354
:10F378005360FFF75FFF164BF0225B6892FAA2F228
:10F38800B2FA82F203F0F003124C1349D340134A45
:10F39800E35C20FA03F308681360FDF75BFB0020C9
:10F3A800BDE8F081012070474FF4003393FAA3F1D0
:10F3B8000749096893FAA3F3B3FA83F302FA03F34C
:10F3C8000B429AD175E7032074E700BF0020024082
:10F3D80000100240D00501081000002000000020A5
:10F3E8002DE9F0430368DD0383B0044640D57D4B27
:10F3F800DA69D00040F1B6807B4D2B68D9054FF013
:10F40800000640F1BF80DFF8DC816168D8F8203061
:10F4180013F4407320D001F440729A421CD0D8F8FB
:10F4280020104FF4803321F4407093FAA3F26F4F09
:10F43800B2FA82F23A4492000125156093FAA3F3D6
:10F44800B3FA83F33B449B0000221A60CB07C8F849
:10F45800200000F1AB806168624A136A23F44073AC
:10F468000B4313621EB1D36923F08053D361236821
:10F47800DF0706D55B49A0680A6B22F00302024346
:10F488000A639E0706D55749E0680A6B22F44032A2
:10F4980002430A635D0706D5524920690A6B22F4C4
:10F4A800402202430A63980606D54E49E0690A6B72
:10F4B80022F0100202430A63990306D54949A06B5A
:10F4C8004A6822F4800202434A605A0606D5454932
:10F4D800206A0A6B22F0200202430A631F0706D53E
:10F4E800404960690A6B22F4401202430A63DE064F
:10F4F80006D53C49A0690A6B22F4400202430A631C
:10F508009D0506D53749E06A4A6822F4000202439D
:10F518004A60180606D53349606ACA6A22F4F87246
:10F528000243CA62D90506D52E49A06ACA6A22F4DE
:10F5380078520243CA62DA0406D52A49206B0A6B5C
:10F5480022F4807202430A639B0403D4002003B0B0
:10F55800BDE8F083234A616B136B23F400730B43FC
:10F568001363F3E7DA69204D42F08052DA61DB6910
:10F5780003F080530193019B2B68D9054FF00106D6
:10F588003FF541AF2B6843F480732B60FDF7A4FA75
:10F5980007462B68DA053FF536AFFDF79DFAC01B25
:10F5A8006428F6D9032003B0BDE8F083FDF794FA88
:10F5B8004FF00209074699FAA9F399FAA9F3D8F87E
:10F5C800202099FAA9F3B3FA83F305FA03F3134257
:10F5D8007FF441AFFDF780FA41F28833C01B9842AF
:10F5E800E9D9DFE700100240007000400081901068
:10F5F8002DE9F04383B01F4614460A9E0D46804607
:10F60800FDF76AFA3E44361AFDF766FA2C4B1A687B
:10F61800C2F3CB3206FB02F281460192D8F80020F1
:10F62800936835EA03030CBF01230023A34209D0E2
:10F638007B1C0BD1936835EA03030CBF012300231D
:10F648009C42F7D1002003B0BDE8F083FDF744FAEF
:10F65800A0EB0900B04208D2019B002B019B03F1EB
:10F66800FF3308BF00260193D8E7D8E900315A686C
:10F67800B1F5827F22F0E0025A6014D0D8F8282031
:10F68800B2F5005F07D11A6822F400521A601A68AE
:10F6980042F400521A600122002388F85D2088F89D
:10F6A8005C300320CFE7D8F80820B2F5004F02D02D
:10F6B800B2F5806FE2D11A6822F040021A60DDE7E5
:10F6C800000000202DE9F04F83B09846002316462D
:10F6D8008DF803300C9C07460D46FDF7FDF94444B0
:10F6E800A4EB0009FDF7F8F9384BD7F800B01A6811
:10F6F80002EB8202C2EBC2031B0D09FB03F3824635
:10F7080001935A4693682B40B34216D0B5F5C06FA3
:10F718000AD0B8F1FF3F1ED1946805EA040C66458B
:10F728000BD0B5F5C06FF7D15EB1B8F1FF3F12D17C
:10F73800936803F4C0639E42F6D1002003B0BDE88D
:10F74800F08F9BF80C30DBB28DF80330B8F1FF3F37
:10F758009DF80330E0D0FDF7BFF9A0EB0A0048455B
:10F768000AD2019B3A68002B019B03F1FF3308BFC3
:10F778004FF000090193C5E7D7E900315A68B1F5A0
:10F78800827F22F0E0025A6013D0BA6AB2F5005FB5
:10F7980007D11A6822F400521A601A6842F400521B
:10F7A8001A600122002387F85D2087F85C30032067
:10F7B800C4E7BA68B2F5004F02D0B2F5806FE4D161
:10F7C8001A6822F040021A60DFE700BF000000203C
:10F7D80070B582B00D46164600920B4600224FF4D3
:10F7E800C0510446FFF76EFF80B9024600962B46CB
:10F7F80080212046FFF7FCFE024638B900962B46CA
:10F808004FF4C0612046FFF75DFF20B1236E43F03F
:10F8180020032366032002B070BD00BF704700BFFD
:10F82800002800F09480426A2DE9F84F0446002A27
:10F838005AD00023C0E9043394F85D3003F0FF0187
:10F84800002B5CD02168E568022384F85D300B68E2
:10F85800B5F5E06F23F040030B6057D86BD1A66A6B
:10F868004FF4805C06F40057636802F0100EA2683B
:10F8780003F4827302F404421343226902F0020281
:10F888001343626902F0010243EA020BD4E906025B
:10F89800236A00F4007A02F0380803F080094BEA82
:10F8A8000A0343EA0803626B43EA09033B4302F095
:10F8B80008020B60000C05F4706300F004001A43A2
:10F8C800024342EA0E02B6F5005F42EA0C0226D075
:10F8D8004A60CB69002023F400630122CB612066D3
:10F8E80084F85D20BDE8F88F4368B3F5827FA3D024
:10F8F800C26194F85D3003F0FF01002BA2D184F8B7
:10F908005C102046FFF78AFF626A9BE7B5F5706FC7
:10F918001FD1A66A4FF0000C06F40057A4E7236B2A
:10F928007BB9B5F5E06F17D9022323630B6843F45D
:10F9380000630B6007E04FF4805C0027A7623E4637
:10F9480092E7022BF2D0A38D4A600B61C1E7012038
:10F9580070474FF0000CF0E701232363F3E700BF83
:10F9680090F85D30012B70D1002970D0002A6ED03C
:10F9780010B50446D8B294F85C30012B7BD084F8DB
:10F988005C00A068A28700234FF0030CB0F5004F7D
:10F9980084F85DC0C4E913332366A163E287236456
:10F9A8002268A4F84430A4F8463007D1136823F03D
:10F9B80040031360136843F480431360A36AB3F5EC
:10F9C800005F07D1136823F400531360136843F4EE
:10F9D80000531360606D294BC362294B8362294B26
:10F9E800036300234363536823F480435360E3684D
:10F9F800B3F5E06F0FD84369B3F5806F0BD1E38F90
:10FA080013F0010F53682DD123F480435360E38F23
:10FA1800C3F34E03E387E38F0C329BB2FEF750FA31
:10FA2800B8B923681A68520603D41A6842F040022B
:10FA38001A60002284F85C205A6842F020025A605A
:10FA48005A6842F002025A6010BD02207047012035
:10FA58007047236E002243F0100384F85C2023666D
:10FA6800012010BD43F480435360E38FC3F34E037A
:10FA78000133E387CFE7022010BD00BF99FA0008E1
:10FA8800CDFA0008A9FA0008704700BF704700BF08
:10FA980008B5406AFFF7FAFF08BD00BF704700BF0E
:10FAA800406A026808B5536823F003035360036E85
:10FAB800012143F01003036680F85D10FFF7EEFFA5
:10FAC80008BD00BF30B5054683B0446AFDF704F8A9
:10FAD8002B681B689B0622D423680246586820F0CE
:10FAE80020005860586820F00200586064212046C1
:10FAF800FFF76EFE18B1236E43F020032366A36858
:10FB080033B922680193D368019393680193019BE9
:10FB180001230022E28784F85D30236E23B9204652
:10FB2800FFF7B2FF03B030BD2046FFF7B7FF03B0C1
:10FB380030BD00BF90F85D00704700BF036A026ADD
:10FB480022F00102026270B4446882690D6822F4EE
:10FB5800803222F073022A438D6823F002032B437C
:10FB6800134DA8420FD005F50065A8420BD005F546
:10FB78004065A84207D005F58065A84203D005F581
:10FB88008065A8420DD1CD6823F008032B43D1E945
:10FB9800056524F4407446EA050C23F004034CEA96
:10FBA800040449684460826170BC41630362704721
:10FBB800002C0140036A026A22F48072026270B467
:10FBC8004468C2690D6822F4803222F073022A4325
:10FBD8008D6823F4007343EA0523144DA8420FD01F
:10FBE80005F50065A8420BD005F54065A8420ED082
:10FBF8000F4DA8420BD005F58065A8420FD106E04D
:10FC0800CD6823F4006343EA052323F48063D1E934
:10FC1800056524F4405446EA050C44EA0C14496886
:10FC28004460C26170BCC16303627047002C01402C
:10FC380000440140036A026A22F48052026230B42E
:10FC48004468C2690D6822F0807222F4E64242EAF2
:10FC580005228D6823F4005343EA05330F4DA8426B
:10FC68000FD005F50065A8420BD005F54065A84200
:10FC780007D005F58065A84203D005F58065A84240
:10FC880004D14D6924F4804444EA851449684460E9
:10FC9800C26130BC01640362704700BF002C0140A0
:10FCA800036A026A22F48032026230B44468426D08
:10FCB8000D6822F4803222F070022A438D6823F402
:10FCC800003343EA05430F4DA8420FD005F5006500
:10FCD800A8420BD005F54065A84207D005F5806518
:10FCE800A84203D005F58065A84204D14D6924F4E3
:10FCF800803444EA052449684460426530BC816523
:10FD080003627047002C0140036A026A22F48012E1
:10FD1800026230B44468426D0D6822F0807222F4A9
:10FD2800E04242EA05228D6823F4001343EA0553B2
:10FD38000F4DA8420FD005F50065A8420BD005F578
:10FD48004065A84207D005F58065A84203D005F5AF
:10FD58008065A84204D14D6924F4802444EA8524AE
:10FD680049684460426530BCC1650362704700BFA2
:10FD7800002C0140704700BF90F83D30012B22D184
:10FD880003681649022280F83D20DA688B4242F067
:10FD98000102DA6019D0B3F1804F16D0104A9342AD
:10FDA80013D002F5806293420FD002F59632934247
:10FDB8000BD002F54062934207D01A6842F0010264
:10FDC8001A6000207047012070479968054A0A4068
:10FDD800062AF6D0B2F5803FEFD1F2E7002C0140B9
:10FDE800000400400700010010290AD8DFE801F0EC
:10FDF800190909094F090909570909095F09090971
:10FE0800670090F84330012B6AD10B1F0C2B5ED88A
:10FE1800DFE803F0415D5D5D495D5D5D515D5D5D00
:10FE2800590090F83E30012B5AD1022380F83E3019
:10FE3800036801F01F01186A01228A4020EA0200C3
:10FE48001862186A2E4902438B421A6243D02D4A1F
:10FE5800934240D002F5406293423CD002F5806262
:10FE680093423FD002F5806293423BD0B3F1804F7A
:10FE78003DD19968244A0A40062A06D0B2F5803F47
:10FE880003D01A6842F001021A600020704790F807
:10FE98003F30012B24D1022380F83F30C8E790F887
:10FEA8004030012B1CD1022380F84030C0E790F885
:10FEB8004130012B14D1022380F84130B8E790F883
:10FEC8004230012B0CD1022380F84230B0E70223E4
:10FED80080F84330ACE75A6C42F400425A64C8E7F1
:10FEE800012070475A6C42F400425A64C9E7074A35
:10FEF8009342BED002F580629342BAD0C1E700BFF8
:10FF0800002C0140003401400700010000040040BB
:10FF1800704700BFFFF768BF704700BF704700BF5A
:10FF2800704700BF704700BF036870B5DE681D6981
:10FF3800A907044601D5B20751D46A0701D573074A
:10FF48003AD4280701D5310724D4EB0601D5F006A9
:10FF580010D4E90701D5F20763D42B064CD5300637
:10FF680067D4680601D571066DD4AA0601D5B30613
:10FF78004ED470BD23686FF010021A6108222277F0
:10FF8800DB6913F4407F204671D0FFF7C7FF0023D9
:10FF98002377DEE723686FF008021A6104222277CC
:10FFA800DB699A0720465FD1FFF7B6FF2046FFF7C7
:10FFB800B7FF00232377C8E723686FF004021A61AC
:10FFC800022222779B6913F4407F204649D1FFF72C
:10FFD800A3FF2046FFF7A4FF00232377B1E76FF0C4
:10FFE80002021A61012202779B69990733D0FFF751
:08FFF80095FF00232377A0E729
:020000040801F1
:10000000EA05B2D53306B0D523686FF480721A6161
:10001000204600F0CBF9A8E723686FF020022046C5
:100020001A61BDE8704000F0BDB923686FF00102AD
:100030001A612046FAF73CFD93E723686FF08002CF
:100040001A61204600F0B0F9E9058ED5DCE7236897
:100050006FF040021A612046FFF768FF89E7FFF75B
:100060005FFF2046FFF760FFC7E7FFF75BFFB7E7DB
:10007000FFF758FFA1E7FFF753FF2046FFF754FFB4
:1000800089E700BF304A0368904230B422D0B0F113
:10009000804F3AD0A2F59432904236D002F5806279
:1000A000904232D002F59632904213D0274A9042C5
:1000B0003CD002F58062904238D002F580629042D6
:1000C00034D00A688C684969C46223F080030B430A
:1000D000826211E04C68CA6823F07003234323F462
:1000E000407313438A684C69C2620A68826223F0D3
:1000F000800323430A6902630268012142F004027B
:10010000026030BC4161036070474A68CC6823F0EC
:100110007003134323F440734A69234323F080039D
:100120008C6813430A68C4628262E5E7CC684A6956
:100130008D68C56223F44073234323F08003134387
:100140000A688262D6E700BF002C014000400140EF
:1001500070B310B590F83D30044603F0FF0213B3BE
:100160002146022384F83D3051F8040BFFF78AFF43
:10017000012384F8483084F83E3084F83F3084F816
:10018000403084F8413084F8423084F8433084F8B9
:10019000443084F8453084F8463084F8473084F899
:1001A0003D30002010BD80F83C20FFF7E7FDD7E789
:1001B0000120704770B310B590F83D30044603F04D
:1001C000FF0213B32146022384F83D3051F8040B9B
:1001D000FFF758FF012384F8483084F83E3084F854
:1001E0003F3084F8403084F8413084F8423084F85D
:1001F000433084F8443084F8453084F8463084F83D
:10020000473084F83D30002010BD80F83C20FFF7D7
:1002100083FED7E701207047036A026A22F01002CA
:10022000026270B4446882690D6822F0807222F420
:10023000E64242EA05228D6823F0200343EA0513D3
:10024000144DA8420FD005F50065A8420BD005F566
:100250004065A8420ED0104DA8420BD005F5806530
:10026000A8420FD106E0CD6823F0800343EA0513CE
:1002700023F04003D1E9056524F4406446EA050C07
:1002800044EA8C0449684460826170BC8163036203
:10029000704700BF002C01400044014038B590F881
:1002A0003C30012B7CD0012304460D4680F83C30C5
:1002B000142A0CD8DFE802F0220B0B0B320B0B0BCD
:1002C000430B0B0B530B0B0B640B0B0B10000120A0
:1002D000002384F83C3038BD0068FFF719FD436DFA
:1002E0002A6943F400634365436D23F480634365E7
:1002F000436D43EA022343650020E9E70068FFF706
:1003000021FC83692A6943F008038361836923F030
:1003100004038361836913438361EDE70068FFF79A
:100320007BFF83692A6943F400638361836923F453
:1003300080638361836943EA02238361DCE70068A9
:10034000FFF73CFCC3692A6943F00803C361C36932
:1003500023F00403C361C3691343C361CCE700689E
:10036000FFF76CFCC3692A6943F40063C361C36986
:1003700023F48063C361C36943EA0223C361BBE71B
:100380000068FFF791FC436D2A6943F00803436559
:10039000436D23F004034365436D13434365ABE7AB
:1003A000022038BD704700BF704700BF704700BFD4
:1003B000F8B500BFF8BC08BC9E467047F8B500BF52
:0803C000F8BC08BC9E46704722
:1003C800000414D5D51404000000FEFEFE00000051
:1003D800000000000000FEFEFE000000FEFEFE869B
:1003E8008686868686868686787878000000060661
:1003F80006060606FEFEFE060606060606000000BF
:10040800F8F8F806060606060606060606060600B4
:100418000000E000000000E0E0000010F8F8000034
:1004280000000000000000000000000010F8F800C4
:1004380000008080808080808000F008080808081C
:100448001000F8080808080000001F1F1F606060FF
:100458006060606060601F1F1F0000007F7F7F0179
:100468000101070707191919606060000000000002
:10047800000000007F7F7F000000000000000000F7
:100488001F1F1F6060606060606060606060600087
:100498000000030408080403030000080F0F080005
:1004A8000000000C0C0C000000000000080F0F08F2
:1004B8000000000000000000000007080808080805
:1004C80004000F0808080F000000000000000000EA
:1004D8000000000000000000F80606060600FE8086
:1004E8008080FE00FE8686860600F8060606060060
:1004F800FE80601806000000000000000606FE06E8
:100508000600FE060606F8000000000000000000D5
:1005180006FE0600FE000000FE00FE18E018FE00C1
:10052800FE8686867800FE8686860600FE86868695
:10053800780078868686060000000000000000002B
:1005480000000000000000000000000000000000A3
:1005580000000000000000001F60606060007F0174
:1005680001017F007F61616160001F606060600061
:100578007F010618600000000000000060607F60D6
:1005880060007F6060601F000000000000001860CD
:10059800601F00001F6060601F007F0001007F0077
:1005A8007F01010100007F61616160007F0107191F
:1005B8006000606161611E00000000000000000032
:1005C8000000000000000000000000000000000023
:1005D800010203040607080974004001820036017D
:1005E80092002C01A4002201B9001801D2000E01CA
:1005F800EF0004011101FA003901F0006801E6007A
:10060800A001DC00E201D2003002C8008D02BE0069
:10061800FB02B4007D03AA001504A000C5049600DF
:100628008F058C00720682006D07780079086E00CD
:100638008F096400A40A5A00AD0B5000A00C4600B4
:10064800740D3C00250E3200B20E28001D0F1E004E
:100658006B0F1400A20F0A00C70F00000000000073
:100668000000004F00000700070000147F147F14EB
:10067800242A7F2A1223130864623649552250001F
:1006880005030000001C2241000041221C00140840
:100698003E081408083E080800000000000000009A
:1006A800000000606000003E5149453E00427F4026
:1006B8000042615149462141454B311814127F10BF
:1006C80027454545393C4A494930017109050336F2
:1006D80049494936064949291E0036360000005660
:1006E8003600000814224100141414141400412286
:1006F80014080201510906324979413E7E1111114F
:100708007E7F494949363E414141227F4141221C71
:100718007F494949417F090909013E4149497A7F91
:100728000808087F00417F41002040413F007F08C2
:100738001422417F404040407E020C027E7F040824
:10074800107F3E4141413E7F090909063E41512142
:100758005E7F09192946464949493101017F01014E
:100768003F4040403F1F2040201F3F4038403F63EC
:1007780014081463070870080761514945435C3A37
:100788002D205B00000000000000000000000000B9
:100798000000000000000040404040409249249280
:1007A80049269249349249369249A49249A69249D7
:1007B800B49249B6924D24924D26924D34924D36BC
:1007C800924DA4924DA6924DB4924DB69269249240
:1007D80069269269349269369269A49269A69269E7
:1007E800B49269B6926D24926D26926D34926D36EC
:1007F800926DA4926DA6926DB4926DB693492493AE
:1008080049269349349349369349A49349A6934971
:10081800B49349B6934D24934D26934D34934D3656
:10082800934DA4934DA6934DB4934DB693692493D9
:1008380069269369349369369369A49369A6936981
:10084800B49369B6936D24936D26936D34936D3686
:10085800936DA4936DA6936DB4936DB69A49249A3B
:1008680049269A49349A49369A49A49A49A69A49EE
:10087800B49A49B69A4D249A4D269A4D349A4D36D3
:100888009A4DA49A4DA69A4DB49A4DB69A69249A4F
:1008980069269A69349A69369A69A49A69A69A69FE
:1008A800B49A69B69A6D249A6D269A6D349A6D3603
:1008B8009A6DA49A6DA69A6DB49A6DB69B49249BBD
:1008C80049269B49349B49369B49A49B49A69B4989
:1008D800B49B49B69B4D249B4D269B4D349B4D366E
:1008E8009B4DA49B4DA69B4DB49B4DB69B69249BE9
:1008F80069269B69349B69369B69A49B69A69B6999
:10090800B49B69B69B6D249B6D269B6D349B6D369D
:100918009B6DA49B6DA69B6DB49B6DB6D24924D2EA
:100928004926D24934D24936D249A4D249A6D24915
:10093800B4D249B6D24D24D24D26D24D34D24D36FA
:10094800D24DA4D24DA6D24DB4D24DB6D26924D23E
:100958006926D26934D26936D269A4D269A6D26925
:10096800B4D269B6D26D24D26D26D26D34D26D362A
:10097800D26DA4D26DA6D26DB4D26DB6D34924D3AC
:100988004926D34934D34936D349A4D349A6D349B0
:10099800B4D349B6D34D24D34D26D34D34D34D3695
:1009A800D34DA4D34DA6D34DB4D34DB6D36924D3D8
:1009B8006926D36934D36936D369A4D369A6D369C0
:1009C800B4D369B6D36D24D36D26D36D34D36D36C5
:1009D800D36DA4D36DA6D36DB4D36DB6DA4924DA3A
:1009E8004926DA4934DA4936DA49A4DA49A6DA492D
:1009F800B4DA49B6DA4D24DA4D26DA4D34DA4D3612
:100A0800DA4DA4DA4DA6DA4DB4DA4DB6DA6924DA4D
:100A18006926DA6934DA6936DA69A4DA69A6DA693C
:100A2800B4DA69B6DA6D24DA6D26DA6D34DA6D3641
:100A3800DA6DA4DA6DA6DA6DB4DA6DB6DB4924DBBB
:100A48004926DB4934DB4936DB49A4DB49A6DB49C7
:100A5800B4DB49B6DB4D24DB4D26DB4D34DB4D36AC
:100A6800DB4DA4DB4DA6DB4DB4DB4DB6DB6924DBE7
:100A78006926DB6934DB6936DB69A4DB69A6DB69D7
:100A8800B4DB69B6DB6D24DB6D26DB6D34DB6D36DC
:100A9800DB6DA4DB6DA6DB6DB4DB6DB6524541445E
:100AA8005920202020202020200000004C494748C1
:100AB80054204F4E2020202020000000444953504D
:100AC800454E53494E4720202000000044524956C5
:100AD800494E472020202020200000005345415245
:100AE8004348494E472020202000000049444C45F7
:100AF800202020202020202020000000524F544198
:100B080054494E4720202020200000005343414EE6
:100B18004E494E4720202020200000005354414ECB
:100B280044425920202020202000000048454154FC
:100B3800494E472E2E2E20202000000041524D45C0
:100B48004420202020202020200000004452494C2E
:100B58004C494E472020202020000000504152548C
:100B6800205049434B454420200000005052494E34
:100B780054494E472020202020000000454E47526F
:100B88004156494E47202020200000004752495036
:100B980050494E47202020202000000054454D5049
:100BA8003A20000020432020202020202020000080
:100BB80052504D3A200000002020202020202020E4
:100BC800202000004C41534552205057523A2000F3
:100BD8002025202020202000484F54454E443A200C
:100BE80000000000204320202020202000000000DA
:100BF80056414355554D3A20000000002020202042
:100C0800202020005354524F42453A200000000053
:100C1800484954533A20000020202020202020203A
:100C28002000000053544550533A20002020202033
:100C38002020202000000000454E4453544F503AD5
:100C48002048495420200000454E4453544F503A00
:100C5800204F50454E20000046494C4C00000000F3
:100C68004F4B00004C494748543A204F46462020F5
:100C7800202000004C494748543A204649584544EA
:100C8800202000004C494748543A205354524F42C0
:100C980045200000434845434B204944204A554DD0
:100CA80050455253000000005B20435249544943C9
:100CB800414C204552524F52205D00002053595359
:100CC80054454D20424C4F434B4544200000000002
:100CD80054313220534F4C4445522049524F4E0014
:100CE80050415354452044495350454E53455200B2
:100CF8004C49515549442044495350454E5352009C
:100D0800534352455744524956455220202020000B
:100D180056414355554D205049434B5550202000CE
:100D28004452494C4C20424C34323630202020006A
:100D3800475249505045522047494D42414C2000A6
:100D480047524950504552204E454D4120313400BC
:100D580056414355554D2047524950204C47200095
:100D6800534D54205049434B26504C414345200095
:100D7800414F4920494E5350454354494F4E200056
:100D88004C415345522044494F4445203130570087
:100D98003344205052494E544552202056342000A6
:100DA8005343414E2050524F4245202020202000DE
:100DB8002D2D2D2D2D2D2D2D2D2D2D2D2D2D2D2D5B
:100DC8002D2D2D2D000000002043000053544550C8
:100DD800532052454D3A20005354415455533A201C
:100DE800524541445900000056414355554D204154
:100DF80044433A20000000004F424A3A20000000D5
:100E08005245414C2052504D3A2000005345545011
:100E18004F494E543A200000504F5745523A20202F
:100E2800202000004E4F5A5A4C453A004C46414E3D
:100E38003A00000052504D004846414E3A0000002A
:100E4800504552494F443A20000000005354415441
:100E580055533A2041524D4544200000494D5041D8
:100E68004354533A202000004255532043414E201A
:100E78004F4E4C494E4500000000000000000000A5
:100E8800000000000000000000000000000000005A
:100E9800000000000000000000000000000000004A
:100EA800000000000000000000000000000000003A
:100EB800000000000000000000000000000000002A
:100EC800000000000000000000000000000000001A
:100ED800000000000000000000000000000000000A
:100EE80000000000000000000000000000000000FA
:100EF80000000000000000000000000000000000EA
:100F080000000000000000000000000F7F7F0F00BD
:100F180000000000000000000000000000000000C9
:100F280000000000000000000000000000000000B9
:100F380000000000000000000000000000000000A9
:100F48000000000000000000000000000000000099
:100F58000000000000000000000000000000000089
:100F68000000000000000000000000000000000079
:100F78000000000000000000000000000000FCFC71
:100F8800FC1C1C1C1C1C1C1C1C1C1C1C1C1C1C1CB9
:100F98001C1C1C1C1C1C1C1C1CFCFCFC0000000059
:100FA8000000000000000000000000000000000039
:100FB8000000000000000000000000000000000029
:100FC8000000000000000000000000000000000019
:100FD8000000000000000000000000000000000009
:100FE80000000000000000000000000000000000F9
:100FF8000000000000000000000000000000FFFFEB
:10100800FF00007F7F7F7F7F7F7F00000000000060
:101018007F7F7F7F7F7F7F0000FFFFFF0000000052
:101028000000000000000000F0F0F00000000000E8
:1010380000000000000000000000000000000000A8
:101048000000000000000000000000000000000098
:10105800000000000000000000000000F0F0F03088
:1010680030F0F0E00000E0F0F03030F0F0E0003078
:1010780030F0F0F030303000000000000000FFFFDA
:10108800FF000000C0C0C0C0C0C0C0C0C0C0C0C059
:10109800C0C0C0C0C0C0000000FFFFFF00000000CB
:1010A80000000000C0C00000FFFFFF00FFFFFF00BE
:1010B80000FFFFFF00009EDFDF636323FFFFFEFFEB
:1010C800FFFF0203FFFFFE0000FEFFFF3333BFBF39
:1010D800BE00FFFFFF0203FFFFFE0000FFFFFF1837
:1010E80018FFFFE70000FFFFFF0000FFFFFF000001
:1010F80000FFFFFF00000000000000000000FFFFED
:10110800FFE0E0E0E1E1E1E1E1E1E1E1E1E1E1E1AC
:10111800E1E1E1E1E1E1E0E0E0FFFFFF00000000E4
:10112800000000000F0F0C0C0F0F0700070F0F0C2B
:10113800040F0F0F0000070F0F0C0C040F0F0F0FF9
:101148000F0F00000F0F0F0000070F0F0C0C0F0FF1
:1011580007000F0F0F00000F0F0F00000F0F0F0CED
:101168000C0F0F070000070F0F0C0C0F0F070000E4
:10117800000F0F0F0000000000000000000000003A
:1011880000000000000000000F7F7F0F000000003B
:101198000000000000000000000000000000000047
:1011A8000000000000000000000000000000000037
:1011B8000000000000000000000000000000000027
:1011C8000000000000000000000000000000000017
:1011D8000000000000000000000000000000000007
:1011E80000000000000000000000000000000000F7
:1011F8000000000000000000000000000000FCFCEF
:10120800FC1C1C1C1C1C1C1C1C1C1C1C1C1C1C1C36
:101218001C1C1C1C1C1C1C1C1CFCFCFC00000000D6
:1012280000000000000000000000000000000000B6
:1012380000000000000000000000000000000000A6
:101248000000000000000000000000000000000096
:101258000000000000000000000000000000000086
:101268000000000000000000000000000000000076
:101278000000000000000000000000000000FFFF68
:10128800FF00007F7F7F7F7F7F7F000000000000DE
:101298007F7F7F7F7F7F7F0000FFFFFF00000000D0
:1012A8000000000000000000F0F0F0000000000066
:1012B8000000000000000000000000000000000026
:1012C8000000000000000000000000000000000016
:1012D800000000000000000000000000F0F0F03006
:1012E80030F0F0E00000E0F0F03030F0F0E00030F6
:1012F80030F0F0F030303000000000000000FFFF58
:10130800FF000000F0F0F0F0F0F0F0F0F0F0F0F096
:10131800F0F0F0F0F0F0000000FFFFFF0000000028
:1013280000000000C0C00000FFFFFF00FFFFFF003B
:1013380000FFFFFF00009EDFDF636323FFFFFEFF68
:10134800FFFF0203FFFFFE0000FEFFFF3333BFBFB6
:10135800BE00FFFFFF0203FFFFFE0000FFFFFF18B4
:1013680018FFFFE70000FFFFFF0000FFFFFF00007E
:1013780000FFFFFF00000000000000000000FFFF6A
:10138800FFE0E0E0E3E3E3E3E3E3E3E3E3E3E3E312
:10139800E3E3E3E3E3E3E0E0E0FFFFFF0000000056
:1013A800000000000F0F0C0C0F0F0700070F0F0CA9
:1013B800040F0F0F0000070F0F0C0C040F0F0F0F77
:1013C8000F0F00000F0F0F0000070F0F0C0C0F0F6F
:1013D80007000F0F0F00000F0F0F00000F0F0F0C6B
:1013E8000C0F0F070000070F0F0C0C0F0F07000062
:1013F800000F0F0F000000000000000000000000B8
:1014080000000000000000000000000F7F7F0F00B8
:1014180000000000000000000000000000000000C4
:1014280000000000000000000000000000000000B4
:1014380000000000000000000000000000000000A4
:101448000000000000000000000000000000000094
:101458000000000000000000000000000000000084
:101468000000000000000000000000000000000074
:101478000000000000000000000000000000FCFC6C
:10148800FC1C1C1C1C1C1C1C1C1C1C1C1C1C1C1CB4
:101498001C1C1C1C1C1C1C1C1CFCFCFC0000000054
:1014A8000000000000000000000000000000000034
:1014B8000000000000000000000000000000000024
:1014C8000000000000000000000000000000000014
:1014D8000000000000000000000000000000000004
:1014E80000000000000000000000000000000000F4
:1014F8000000000000000000000000000000FFFFE6
:10150800FF00000C0C0C0C0C0C0C00000000000080
:101518000C0C0C0C0C0C0C0000FFFFFF0000000072
:101528000000000000000000F0F0F00000000000E3
:1015380000000000000000000000000000000000A3
:101548000000000000000000000000000000000093
:10155800000000000000000000000000F0F0F03083
:1015680030F0F0E00000E0F0F03030F0F0E0003073
:1015780030F0F0F030303000000000000000FFFFD5
:10158800FF000000C0C0C0C0C0C0C0C0C0C0C0C054
:10159800C0C0C0C0C0C0000000FFFFFF00000000C6
:1015A80000000000C0C00000FFFFFF00FFFFFF00B9
:1015B80000FFFFFF00009EDFDF636323FFFFFEFFE6
:1015C800FFFF0203FFFFFE0000FEFFFF3333BFBF34
:1015D800BE00FFFFFF0203FFFFFE0000FFFFFF1832
:1015E80018FFFFE70000FFFFFF0000FFFFFF0000FC
:1015F80000FFFFFF00000000000000000000FFFFE8
:10160800FFE0E0E0E1E1E1E1E1E1E1E1E1E1E1E1A7
:10161800E1E1E1E1E1E1E0E0E0FFFFFF00000000DF
:10162800000000000F0F0C0C0F0F0700070F0F0C26
:10163800040F0F0F0000070F0F0C0C040F0F0F0FF4
:101648000F0F00000F0F0F0000070F0F0C0C0F0FEC
:1016580007000F0F0F00000F0F0F00000F0F0F0CE8
:101668000C0F0F070000070F0F0C0C0F0F070000DF
:10167800000F0F0F00000000000000000000000035
:1016880000000000000000000000000000000F7FC4
:101698007F0F0000000000000000000000000000B4
:1016A8000000000000000000000000000000000032
:1016B8000000000000000000000000000000000022
:1016C8000000000000000000000000000000000012
:1016D8000000000000000000000000000000000002
:1016E80000000000000000000000000000000000F2
:1016F8000000000000000000000000000000FCFCEA
:10170800FC1C1C1C1C1C1C1C1C1C1C1C1C1C1C1C31
:101718001C1C1C1C1C1C1C1C1CFCFCFC00000000D1
:1017280000000000000000000000000000000000B1
:1017380000000000000000000000000000000000A1
:101748000000000000000000000000000000000091
:101758000000000000000000000000000000000081
:101768000000000000000000000000000000000071
:101778000000000000000000000000000000FFFF63
:10178800FF00007F7F7F7F7F7F7F000000000000D9
:101798007F7F7F7F7F7F7F0000FFFFFF00000000CB
:1017A8000000000000000000F0F0F0000000000061
:1017B8000000000000000000000000000000000021
:1017C8000000000000000000000000000000000011
:1017D800000000000000000000000000F0F0F03001
:1017E80030F0F0E00000E0F0F03030F0F0E00030F1
:1017F80030F0F0F030303000000000000000FFFF53
:10180800FF000000F0F0F0F0F0F0F0F0F0F0F0F091
:10181800F0F0F0F0F0F0000000FFFFFF0000000023
:1018280000000000C0C00000FFFFFF00FFFFFF0036
:1018380000FFFFFF00009EDFDF636323FFFFFEFF63
:10184800FFFF0203FFFFFE0000FEFFFF3333BFBFB1
:10185800BE00FFFFFF0203FFFFFE0000FFFFFF18AF
:1018680018FFFFE70000FFFFFF0000FFFFFF000079
:1018780000FFFFFF00000000000000000000FFFF65
:10188800FFE0E0E0E3E3E3E3E3E3E3E3E3E3E3E30D
:10189800E3E3E3E3E3E3E0E0E0FFFFFF0000000051
:1018A800000000000F0F0C0C0F0F0700070F0F0CA4
:1018B800040F0F0F0000070F0F0C0C040F0F0F0F72
:1018C8000F0F00000F0F0F0000070F0F0C0C0F0F6A
:1018D80007000F0F0F00000F0F0F00000F0F0F0C66
:1018E8000C0F0F070000070F0F0C0C0F0F0700005D
:1018F800000F0F0F000000000000000000000000B3
:10190800000000000000000000000000FCFCFC7C5F
:101918007C7C7C7C7C7C7C7C7C7C7C000000FCFC73
:10192800FC7C7C7C7C7C7C7C7C7C808080000000D7
:10193800FCFCFC7C7C7C7C7C7C7C7C7C80808000CF
:1019480000008080807C7C7C7C7C7C7C7C7C8080B3
:1019580080000000FCFCFC7C7C7C7C7C7C7C7C7CAF
:1019680080808000000000000000000000000000EF
:10197800000000000000000000000000000000005F
:10198800000000000000000000000000FFFFFF0052
:101998000000000000000000000000000000FFFF41
:1019A800FF000000000000000000FFFFFF00000033
:1019B800FFFFFF000000000000000000FFFFFF0025
:1019C8000000FFFFFF000000000000000000FFFF14
:1019D800FF000000FFFFFF00000000000000000003
:1019E800FFFFFF00000000000000000000000000F2
:1019F80000000000000000000000000000000000DF
:101A0800000000000000000000000000FFFFFF3E93
:101A18003E3E3E3E3E3E3E3E000000000000FFFFD0
:101A2800FF3E3E3EFEFEFE3E3E3E0101010000003E
:101A3800FFFFFF3E3E3EFEFEFE3E3E3E0101010030
:101A48000000FFFFFF000000000000000000FFFF93
:101A5800FF000000FFFFFF3E3E3EFEFEFE3E3E3E14
:101A6800010101000000000000000000000000006B
:101A7800000000000000000000000000000000005E
:101A8800000000000000000000000000FFFFFF0051
:101A98000000000000000000000000000000FFFF40
:101AA800FF000000070707F8F8F800000000000032
:101AB800FFFFFF000000070707F8F8F80000000024
:101AC8000000FFFFFF000000000000000000FFFF13
:101AD800FF000000FFFFFF000000070707F8F8F805
:101AE80000000000000000000000000000000000EE
:101AF80000000000000000000000000000000000DE
:101B08000000000000000000000000001F1F1F1F51
:101B18001F1F1F1F1F1F1F1F1F1F1F0000001F1F2A
:101B28001F0000000000000000001F1F1F00000031
:101B38001F1F1F0000000000000000001F1F1F00E3
:101B480000000000001F1F1F1F1F1F1F1F1F000076
:101B5800000000001F1F1F00000000000000000020
:101B68001F1F1F0000000000000000000000000010
:101B780000000000000000000000000000000080DD
:101B8800C0E0F0F87C3A140800806018040E1F0FBB
:101B980007030100000000000000000000000080B2
:101BA800C0E0F4FA7D38140800806018040E1F0F96
:101BB8000703010000000000000000000000008092
:101BC800C0E0F4FA7D38110600806018040E1F0F7B
:101BD8000703010000000000000000000000008072
:101BE800C0E0F0F87C3A110600806018040E1F0F60
:101BF800070301000000000000000000F809090FB9
:101C08000F0909F800000000000000000302CEFEE2
:101C1800FECE02030000000000000000F80A0A0ED1
:101C28000F0909F8000000000000000003E2EEFEC2
:101C3800FECE02030000000000000000F80A0A0EB1
:101C48000E0A0AF8000000000000000003E2EEFEA1
:101C5800FEEEE2030000000000000000F809090F92
:101C68000E0A0AF800000000000000000302CEFE81
:101C7800FEEEE2030000000000000000F809090F72
:101C88000F0909F8000000000000000003024EFEE2
:101C9800FE4E02030000000000000000F80A0A0ED1
:101CA8000F0909F8000000000000000003028EDEA2
:101CB800FE4E02030000000000000000F80A0A0EB1
:101CC8000E0A0AF8000000000000000003028EDE81
:101CD8009E0E02030000000000000000F809090F32
:101CE8000E0A0AF8000000000000000003024EFE81
:101CF8009E0E02030000000000000000000080C0EB
:101D0800E07C22414141221C40A0583C0E070301BF
:101D1800000000000000000000000000000080C07B
:101D2800E07C22414141221CA060583C0E0703017F
:101D3800000000000000000000000000000080C05B
:101D4800E07C2241C141221CA060685C0E070301AF
:101D5800000000000000000000000000000080C03B
:101D6800E07C2241C141221C40A0685C0E070301AF
:101D78000000000000000000000000C0C0C0C0FF5C
:101D8800FFC0C0C0C0000000000000010F1F1F1FDF
:101D98001F1F1F0F0100000000000000808080FF4F
:101DA800FF8080800000000000000000031F1F1F4C
:101DB8001F1F1F030000000000000000000000FFBC
:101DC800FF000000000000000000000000071F1FC7
:101DD8001F1F07000000000000000000000000FFB7
:101DE800FF00000000000000000000000000001FCD
:101DF8001F000000000000000000FEC2C2C2C2C2F4
:101E0800C242427E00000000000000000000020400
:101E1800C8102000000000000000FEC2C2C2C2C2FA
:101E2800C242427E000000000000000000002010B6
:101E3800C8040200000000000000FEC2C2C2C2C204
:101E4800C242427E000000000000000000000204C0
:101E5800C8102000000000000000FEC2C2C2C2C2BA
:101E6800C242427E00000000000000000000201076
:101E7800C80402000000000000C0F0180C04C6C628
:101E8800C6C6040C18F0C00000030F1830206363A6
:101E980063632030180F030100C0F0180C04C6C695
:101EA800C6C6040C18F0C00000030F183020636386
:101EB800E3632030180F030000C0F0180C04C6C6F6
:101EC800C6C6040C18F0C00001030F183020636365
:101ED80063632030180F030000C0F0180C04C6C755
:101EE800C6C6040C18F0C00000030F183020636346
:101EF80063632030180F030000C0C0C0C080BFA1BA
:101F0800A1BF80C0C0C0C00000FFFFFFFF000000ED
:101F1800000000FFFFFFFF00000000C0C0C0FFA1DD
:101F2800A1BF80C0C0C0C000000000FFFFFFFF7855
:101F3800000000FFFFFFFF00000000C0C0C0FFA1BD
:101F4800A1FFC0C0C0000000000000FFFFFFFF7835
:101F580078FFFFFFFF00000000C0C0C0C080BFA125
:101F6800A1FFC0C0C000000000FFFFFFFF0000008D
:101F780078FFFFFFFF00000000804024289050B049
:101F8800B0509028244080000001020404090A0D82
:101F98000D0A0904040201008080C2242890D0F0B0
:101FA800B0509028244080000001020404090B0F5F
:101FB8000D0A0904040201008080C2242890D0F090
:101FC800F0D0902824C280800001020404090B0F7D
:101FD8000F0B09040402010000804024289050B02F
:101FE800F0D0902824C280800001020404090A0D60
:101FF8000F0B090404020100000000008060100CAF
:10200800820C10608000000000000000000384586B
:10201800E058840300000000000000008060D0EC5D
:10202800E20C106080000000000000008083455B27
:10203800E058840300000000000000008060D0EC3D
:10204800E2ECD06080000000000000008083455B67
:10205800E35B458380000000000000008060100CF6
:1020680082ECD0608000000000000000000384586B
:10207800E35B4583800000000000000000001F7F34
:102088007F1F0000000000000000028AAAAAAAAA76
:10209800AAAAAAAA8A020000000080808080808004
:1020A800001F0000000000000000028AAAAAAAAAD5
:1020B800AAAAAAAA8A0200000000808080808080E4
:1020C800809FFFFF9F8000000000028AAAAAAAAA98
:1020D800AAAAAAAA8A0200000000000000001F7F26
:1020E800FF9FFFFF9F8000000000028AAAAAAAAAF9
:1020F800AAAAAAAA8A020000808080C0201088CFDD
:10210800CF881020C080808001010103040811F3EA
:10211800F3110804030101018080C0B0080884CFCE
:10212800CF881020C08080800101030D101021F39A
:10213800F3110804030101018080C0B0080884CFAE
:10214800CF840808B0C080800101030D101021F36E
:10215800F32110100D030101808080C0201088CF6A
:10216800CF840808B0C0808001010103040811F37E
:10217800F32110100D0301010102030405060708ED
:10218800090A0B0C0D0E0F100203040506070809B7
:082198000A0B0C0D0E0F1010D4
:0821A000A060FF7F01000000B8
:0421A800F1810008B9
:0421AC00C9810008DD
:1021B00000127A000100000001000000FFFF010191
:0421C000100000000B
:0400000508008785E3
:00000001FF
